GEOID,NAME,year,call_volume
18097310104,NA,2015,152.81073192635833
18097310104,NA,2016,337.6436910642119
18097310104,NA,2017,370.6614279299506
18097310104,NA,2018,542.5527615626403
18097310104,NA,2019,553.8352043107319
18097310104,NA,2020,412.14099685675797
18097310104,NA,2021,455.94342164346654
18097310104,NA,2022,702.6638976201167
18097310104,NA,2023,585.6915132465199
18097310105,NA,2015,203.46532270672375
18097310105,NA,2016,432.09404153805997
18097310105,NA,2017,498.06331557869674
18097310105,NA,2018,745.4885133796275
18097310105,NA,2019,742.7825137929655
18097310105,NA,2020,570.7829657699991
18097310105,NA,2021,606.0212112504416
18097310105,NA,2022,971.7434143337815
18097310105,NA,2023,809.3538455951366
18097310106,NA,2015,164.88669854467724
18097310106,NA,2016,358.325757620753
18097310106,NA,2017,393.1082331168817
18097310106,NA,2018,576.9491660152994
18097310106,NA,2019,588.5941592309639
18097310106,NA,2020,436.5297805767609
18097310106,NA,2021,486.11053752099235
18097310106,NA,2022,736.9314796344229
18097310106,NA,2023,615.3939678359764
18097310108,NA,2015,106.39256859651668
18097310108,NA,2016,198.1671878488102
18097310108,NA,2017,196.42097264579283
18097310108,NA,2018,283.3983488114468
18097310108,NA,2019,273.2878889912725
18097310108,NA,2020,221.15640484431216
18097310108,NA,2021,263.4016414880911
18097310108,NA,2022,328.966478070927
18097310108,NA,2023,302.258277956056
18097310110,NA,2015,126.33947013920071
18097310110,NA,2016,233.65244723843736
18097310110,NA,2017,225.206106870229
18097310110,NA,2018,310.0251459362371
18097310110,NA,2019,294.55500673551865
18097310110,NA,2020,231.87427031881455
18097310110,NA,2021,284.4193982936686
18097310110,NA,2022,343.3659631791648
18097310110,NA,2023,308.42478670857656
18097310111,NA,2015,154.494667714414
18097310111,NA,2016,285.7227211495285
18097310111,NA,2017,275.3940839694656
18097310111,NA,2018,379.11534575662324
18097310111,NA,2019,360.19763134261336
18097310111,NA,2020,283.5482712168837
18097310111,NA,2021,347.8032667265379
18097310111,NA,2022,419.8862819937135
18097310111,NA,2023,377.1583408172429
18097310112,NA,2015,274.28349715468187
18097310112,NA,2016,490.5209518882566
18097310112,NA,2017,695.2767718572168
18097310112,NA,2018,1126.4759441282981
18097310112,NA,2019,1029.5199172271082
18097310112,NA,2020,885.3616140713917
18097310112,NA,2021,811.368856699431
18097310112,NA,2022,1500.2669425763063
18097310112,NA,2023,1246.3952405587172
18097310113,NA,2015,56.21668540534261
18097310113,NA,2016,100.54095595450018
18097310113,NA,2017,142.47522836840506
18097310113,NA,2018,230.8291570710755
18097310113,NA,2019,210.9717313568415
18097310113,NA,2020,181.42747938780727
18097310113,NA,2021,166.29219803195497
18097310113,NA,2022,307.40974277852405
18097310113,NA,2023,255.41076131781654
18097310201,NA,2015,126.96317916479568
18097310201,NA,2016,280.53210597215985
18097310201,NA,2017,307.9649753030983
18097310201,NA,2018,450.78132016165245
18097310201,NA,2019,460.1553659631791
18097310201,NA,2020,342.42837898518184
18097310201,NA,2021,378.82173327346203
18097310201,NA,2022,583.8100583744948
18097310201,NA,2023,486.62325999101927
18097310203,NA,2015,211.03617179091853
18097310203,NA,2016,450.74295430370483
18097310203,NA,2017,515.9290989969084
18097310203,NA,2018,769.8309910980579
18097310203,NA,2019,769.6326678809726
18097310203,NA,2020,588.7812969317209
18097310203,NA,2021,628.727078271628
18097310203,NA,2022,1002.5818719189851
18097310203,NA,2023,835.1271683108424
18097310204,NA,2015,130.28870787473537
18097310204,NA,2016,286.8254205397153
18097310204,NA,2017,314.82840625216033
18097310204,NA,2018,461.0982922773294
18097310204,NA,2019,470.6248862734575
18097310204,NA,2020,349.95969797387147
18097310204,NA,2021,387.7134964681886
18097310204,NA,2022,595.3649514885631
18097310204,NA,2023,496.45486828251313
18097310305,NA,2015,235.2115514144589
18097310305,NA,2016,435.0006735518635
18097310305,NA,2017,419.2757633587786
18097310305,NA,2018,577.1869667714413
18097310305,NA,2019,548.385552312528
18097310305,NA,2020,431.690166142793
18097310305,NA,2021,529.5156600808263
18097310305,NA,2022,639.2589806915132
18097310305,NA,2023,574.207510103278
18097310306,NA,2015,200.91485181859002
18097310306,NA,2016,371.5722945666816
18097310306,NA,2017,358.1402671755725
18097310306,NA,2018,493.0261001347103
18097310306,NA,2019,468.4242815446789
18097310306,NA,2020,368.7444993264481
18097310306,NA,2021,452.30584867534793
18097310306,NA,2022,546.0472608890884
18097310306,NA,2023,490.4810844185002
18097310308,NA,2015,144.00199545415558
18097310308,NA,2016,261.2089321554164
18097310308,NA,2017,258.7273852817566
18097310308,NA,2018,330.6314773994339
18097310308,NA,2019,328.45568616519427
18097310308,NA,2020,245.0912085084484
18097310308,NA,2021,334.80250407410585
18097310308,NA,2022,387.1912676901964
18097310308,NA,2023,354.9371665666009
18097310309,NA,2015,151.3840368208352
18097310309,NA,2016,279.9699146834306
18097310309,NA,2017,269.84923664122135
18097310309,NA,2018,371.48215087561744
18097310309,NA,2019,352.9453300404131
18097310309,NA,2020,277.8392456219129
18097310309,NA,2021,340.800516389762
18097310309,NA,2022,411.432195779075
18097310309,NA,2023,369.5645487202515
18097310310,NA,2015,136.86775931746746
18097310310,NA,2016,253.12348450830714
18097310310,NA,2017,243.9732824427481
18097310310,NA,2018,335.86057476425685
18097310310,NA,2019,319.10125729681187
18097310310,NA,2020,251.19712617871576
18097310310,NA,2021,308.121014818141
18097310310,NA,2022,371.9797934440952
18097310310,NA,2023,334.12685226762466
18097310311,NA,2015,237.52692615651628
18097310311,NA,2016,428.10622755457786
18097310311,NA,2017,427.85949609743545
18097310311,NA,2018,533.1278226616146
18097310311,NA,2019,537.859531313855
18097310311,NA,2020,393.93532489417413
18097310311,NA,2021,557.9637232282054
18097310311,NA,2022,636.4112363082294
18097310311,NA,2023,587.2850664470265
18097310312,NA,2015,248.85047148630446
18097310312,NA,2016,460.2245172878312
18097310312,NA,2017,443.587786259542
18097310312,NA,2018,610.655590480467
18097310312,NA,2019,580.1841041760216
18097310312,NA,2020,456.72204759766504
18097310312,NA,2021,560.2200269420746
18097310312,NA,2022,676.3268971710822
18097310312,NA,2023,607.5033677593175
18097320105,NA,2015,138.64595035332488
18097320105,NA,2016,263.2699160475932
18097320105,NA,2017,287.1645225584345
18097320105,NA,2018,431.3906504801595
18097320105,NA,2019,437.82931690523645
18097320105,NA,2020,315.20849187654767
18097320105,NA,2021,371.5825934649997
18097320105,NA,2022,484.903122546355
18097320105,NA,2023,412.3608141571541
18097320106,NA,2015,71.51766624388476
18097320106,NA,2016,135.80237965815064
18097320106,NA,2017,148.12792172495017
18097320106,NA,2018,222.52400797245878
18097320106,NA,2019,225.845261822794
18097320106,NA,2020,162.59382738418796
18097320106,NA,2021,191.67324998490065
18097320106,NA,2022,250.12731775080027
18097320106,NA,2023,212.70785770369028
18097320107,NA,2015,29.204022467838374
18097320107,NA,2016,55.454490547804554
18097320107,NA,2017,60.48758833121942
18097320107,NA,2018,90.86700489219062
18097320107,NA,2019,92.2232288458054
18097320107,NA,2020,66.39469710696382
18097320107,NA,2021,78.26919127861328
18097320107,NA,2022,102.1387328622335
18097320107,NA,2023,86.85860965150691
18097320108,NA,2015,178.91121579996374
18097320108,NA,2016,339.7282116325421
18097320108,NA,2017,370.56223953614784
18097320108,NA,2018,556.6742163435405
18097320108,NA,2019,564.9827867367276
18097320108,NA,2020,406.7506794709186
18097320108,NA,2021,479.49682913571297
18097320108,NA,2022,625.7276680558072
18097320108,NA,2023,532.1177749592317
18097320109,NA,2015,76.78492480521834
18097320109,NA,2016,145.80419158060036
18097320109,NA,2017,159.0375067947092
18097320109,NA,2018,238.9128465301685
18097320109,NA,2019,242.47870991121582
18097320109,NA,2020,174.56882285438184
18097320109,NA,2021,205.78993779066258
18097320109,NA,2022,268.5491332970949
18097320109,NA,2023,228.3737392039621
18097320202,NA,2015,43.97235645622239
18097320202,NA,2016,97.15022083658093
18097320202,NA,2017,86.85289685632631
18097320202,NA,2018,120.20680696284748
18097320202,NA,2019,124.53125487139516
18097320202,NA,2020,75.54938945180567
18097320202,NA,2021,93.16830345544297
18097320202,NA,2022,121.83382696804364
18097320202,NA,2023,97.59979215380618
18097320206,NA,2016,0.07653184790506176
18097320206,NA,2017,0.03826592395253088
18097320206,NA,2018,0.1339307338338581
18097320206,NA,2019,0.05739888592879632
18097320206,NA,2021,0.07653184790506176
18097320206,NA,2022,0.1339307338338581
18097320206,NA,2023,0.03826592395253088
18097320301,NA,2015,4.482618862042089
18097320301,NA,2016,9.903663289166015
18097320301,NA,2017,8.8539360872954
18097320301,NA,2018,12.254091971940761
18097320301,NA,2019,12.694933749025719
18097320301,NA,2020,7.701636788776305
18097320301,NA,2021,9.497739672642243
18097320301,NA,2022,12.419953234606389
18097320301,NA,2023,9.949493374902572
18097320305,NA,2015,3.522057677318784
18097320305,NA,2016,7.781449727201871
18097320305,NA,2017,6.956664068589244
18097320305,NA,2018,9.6282151208106
18097320305,NA,2019,9.974590802805924
18097320305,NA,2020,6.05128604832424
18097320305,NA,2021,7.462509742790335
18097320305,NA,2022,9.758534684333593
18097320305,NA,2023,7.817459080280592
18097320306,NA,2015,1.7076643283969863
18097320306,NA,2016,3.772824110158483
18097320306,NA,2017,3.3729280332553913
18097320306,NA,2018,4.668225513120292
18097320306,NA,2019,4.836165237724085
18097320306,NA,2020,2.9339568719147833
18097320306,NA,2021,3.6181865419589507
18097320306,NA,2022,4.731410756040531
18097320306,NA,2023,3.7902831904390757
18097320400,NA,2015,164.04250454663548
18097320400,NA,2016,362.4269160820993
18097320400,NA,2017,324.011899194596
18097320400,NA,2018,448.441413354118
18097320400,NA,2019,464.5741231488699
18097320400,NA,2020,281.84323200831386
18097320400,NA,2021,347.5720446869317
18097320400,NA,2022,454.5111457521435
18097320400,NA,2023,364.1040789815537
18097320500,NA,2015,171.83372304494674
18097320500,NA,2016,379.6404260846973
18097320500,NA,2017,339.4008833463237
18097320500,NA,2018,469.74019225772923
18097320500,NA,2019,486.63912704598596
18097320500,NA,2020,295.22941023642505
18097320500,NA,2021,364.08002078461936
18097320500,NA,2022,476.0982073265783
18097320500,NA,2023,381.3972460379319
18097320600,NA,2015,91.78695765133801
18097320600,NA,2016,202.78929592101846
18097320600,NA,2017,181.29488178747727
18097320600,NA,2018,250.91712133021565
18097320600,NA,2019,259.94388152766953
18097320600,NA,2020,157.7001818654196
18097320600,NA,2021,194.4775266302936
18097320600,NA,2022,254.3133281371785
18097320600,NA,2023,203.72772148610028
18097320700,NA,2015,166.6625261343569
18097320700,NA,2016,368.1972834909198
18097320700,NA,2017,329.19250885636535
18097320700,NA,2018,455.6258498299952
18097320700,NA,2019,472.0131870953274
18097320700,NA,2020,286.37722282141044
18097320700,NA,2021,353.15617658660085
18097320700,NA,2022,461.81294872560755
18097320700,NA,2023,369.96356911721534
18097320800,NA,2015,44.04921589044219
18097320800,NA,2016,85.96313272117752
18097320800,NA,2017,90.51756757437438
18097320800,NA,2018,134.23486549288552
18097320800,NA,2019,136.6682790846388
18097320800,NA,2020,95.99575207986243
18097320800,NA,2021,113.86212032775036
18097320800,NA,2022,148.6291966847233
18097320800,NA,2023,125.37333271005838
18097320901,NA,2015,159.3638340279036
18097320901,NA,2016,302.61037627589536
18097320901,NA,2017,330.07555716615326
18097320901,NA,2018,495.85341547381773
18097320901,NA,2019,503.2542127196956
18097320901,NA,2020,362.3101407259769
18097320901,NA,2021,427.10823216766323
18097320901,NA,2022,557.3622636951138
18097320901,NA,2023,473.9799480582231
18097320902,NA,2015,121.7321978619315
18097320902,NA,2016,231.15298665217128
18097320902,NA,2017,252.13263272331943
18097320902,NA,2018,378.7642688892915
18097320902,NA,2019,384.41746693241527
18097320902,NA,2020,276.75545086670286
18097320902,NA,2021,326.25234039983087
18097320902,NA,2022,425.74862595880893
18097320902,NA,2023,362.0559280062813
18097320903,NA,2015,115.51161953241011
18097320903,NA,2016,219.4266088554652
18097320903,NA,2017,239.34623996530308
18097320903,NA,2018,359.5302633763934
18097320903,NA,2019,364.9021325657356
18097320903,NA,2020,262.72989104409396
18097320903,NA,2021,309.66439011533794
18097320903,NA,2022,404.29616107033223
18097320903,NA,2023,343.7914021906715
18097321001,NA,2015,148.14894957828935
18097321001,NA,2016,266.1446026249786
18097321001,NA,2017,268.8171055642077
18097321001,NA,2018,329.1326191897983
18097321001,NA,2019,336.90300544673045
18097321001,NA,2020,242.49110396436043
18097321001,NA,2021,352.7308991286589
18097321001,NA,2022,399.74880062784183
18097321001,NA,2023,370.0332544103735
18097321002,NA,2015,274.36579692549833
18097321002,NA,2016,491.522549596602
18097321002,NA,2017,495.34128717433055
18097321002,NA,2018,602.6278070550095
18097321002,NA,2019,616.9970852432664
18097321002,NA,2020,443.9588976253494
18097321002,NA,2021,650.4544392279779
18097321002,NA,2022,732.4979984799007
18097321002,NA,2023,680.2070185203246
18097321100,NA,2015,260.5362384235313
18097321100,NA,2016,455.6388991810323
18097321100,NA,2017,456.4462706411848
18097321100,NA,2018,555.5205992055431
18097321100,NA,2019,567.7831687733087
18097321100,NA,2020,426.89947865881015
18097321100,NA,2021,564.2957915116658
18097321100,NA,2022,634.1766311488271
18097321100,NA,2023,611.5902007633136
18097321200,NA,2015,311.20910647423756
18097321200,NA,2016,647.3131232304635
18097321200,NA,2017,589.0449356446924
18097321200,NA,2018,790.7597069448326
18097321200,NA,2019,816.9524612664981
18097321200,NA,2020,526.3190176099647
18097321200,NA,2021,632.813290734999
18097321200,NA,2022,799.3152621013021
18097321200,NA,2023,678.39497733881
18097321300,NA,2015,165.53671083398285
18097321300,NA,2016,365.7281371784879
18097321300,NA,2017,326.96321122369443
18097321300,NA,2018,452.5261106780982
18097321300,NA,2019,468.8057677318784
18097321300,NA,2020,284.41044427123927
18097321300,NA,2021,350.7379579111457
18097321300,NA,2022,458.65113016367883
18097321300,NA,2023,367.4205767731878
18097321400,NA,2015,319.9736035333853
18097321400,NA,2016,706.9329176409457
18097321400,NA,2017,632.0023902312289
18097321400,NA,2018,874.7087555209146
18097321400,NA,2019,906.1764614185503
18097321400,NA,2020,549.7501688750325
18097321400,NA,2021,677.9577032995583
18097321400,NA,2022,886.5480904130943
18097321400,NA,2023,710.2043128085216
18097321600,NA,2015,380.0541266995634
18097321600,NA,2016,743.2888860758001
18097321600,NA,2017,700.5744513504624
18097321600,NA,2018,885.4426473617315
18097321600,NA,2019,842.5937894789213
18097321600,NA,2020,594.6005406510748
18097321600,NA,2021,707.9238159504478
18097321600,NA,2022,853.9241101005591
18097321600,NA,2023,738.4501572129196
18097321700,NA,2015,437.75588135160064
18097321700,NA,2016,902.5086392406633
18097321700,NA,2017,831.861378704949
18097321700,NA,2018,1100.1037737205334
18097321700,NA,2019,1094.4725697375986
18097321700,NA,2020,708.5612133907614
18097321700,NA,2021,863.2694099105361
18097321700,NA,2022,1079.0366610328758
18097321700,NA,2023,897.2890571486525
18097321800,NA,2015,266.5536049905061
18097321800,NA,2016,513.2597242730635
18097321800,NA,2017,477.4263636688111
18097321800,NA,2018,612.5635786920799
18097321800,NA,2019,629.0222964697145
18097321800,NA,2020,438.6393521044376
18097321800,NA,2021,510.9663066638798
18097321800,NA,2022,614.1756390036296
18097321800,NA,2023,562.9989116615969
18097321900,NA,2015,412.89667627095713
18097321900,NA,2016,685.5279288969639
18097321900,NA,2017,668.9829358980354
18097321900,NA,2018,780.9091749947605
18097321900,NA,2019,790.207608556692
18097321900,NA,2020,650.087848383408
18097321900,NA,2021,712.66176359896
18097321900,NA,2022,769.9089257495266
18097321900,NA,2023,828.0762845860231
18097322000,NA,2015,492.1811952270622
18097322000,NA,2016,816.844292566728
18097322000,NA,2017,797.1030310050169
18097322000,NA,2018,930.3322337575439
18097322000,NA,2019,941.9545841647974
18097322000,NA,2020,775.2247324899299
18097322000,NA,2021,849.5428221453903
18097322000,NA,2022,917.61894686331
18097322000,NA,2023,987.6793607452538
18097322100,NA,2015,283.28173997925694
18097322100,NA,2016,509.5045451772315
18097322100,NA,2017,500.5237630406931
18097322100,NA,2018,600.551095113172
18097322100,NA,2019,540.7824415837961
18097322100,NA,2020,408.31590506985543
18097322100,NA,2021,484.5751326947716
18097322100,NA,2022,543.9566835458484
18097322100,NA,2023,494.94948447318654
18097322200,NA,2015,208.94539686413276
18097322200,NA,2016,375.80477091086567
18097322200,NA,2017,369.1806479165395
18097322200,NA,2018,442.9596729912756
18097322200,NA,2019,398.8749923738637
18097322200,NA,2020,301.16917820755293
18097322200,NA,2021,357.4171191507534
18097322200,NA,2022,401.2162772253065
18097322200,NA,2023,365.0691232993716
18097322300,NA,2015,274.3524495149777
18097322300,NA,2016,493.44451223232255
18097322300,NA,2017,484.74681227502896
18097322300,NA,2018,581.621194557989
18097322300,NA,2019,523.736501738759
18097322300,NA,2020,395.4454273686779
18097322300,NA,2021,469.30089683362814
18097322300,NA,2022,526.81068879263
18097322300,NA,2023,479.3482398877432
18097322400,NA,2015,389.09383198096515
18097322400,NA,2016,699.8159355744006
18097322400,NA,2017,687.4806296138124
18097322400,NA,2018,824.8704166920871
18097322400,NA,2019,742.7768287474834
18097322400,NA,2020,560.8310658288085
18097322400,NA,2021,665.5748276493198
18097322400,NA,2022,747.1367213714843
18097322400,NA,2023,679.8242328106888
18097322500,NA,2015,252.02922335427976
18097322500,NA,2016,453.2944298700506
18097322500,NA,2017,445.30443536086875
18097322500,NA,2018,534.2964431700323
18097322500,NA,2019,481.12165212616674
18097322500,NA,2020,363.2692331157342
18097322500,NA,2021,431.1153071807699
18097322500,NA,2022,483.9457019095845
18097322500,NA,2023,440.34512842413517
18097322601,NA,2015,391.7667822931511
18097322601,NA,2016,708.7784814706583
18097322601,NA,2017,687.3624839139254
18097322601,NA,2018,820.5340819273111
18097322601,NA,2019,740.5530899441694
18097322601,NA,2020,562.7642070348552
18097322601,NA,2021,668.2635550205777
18097322601,NA,2022,745.9899221396266
18097322601,NA,2023,681.0982400471843
18097322602,NA,2015,183.68303523720022
18097322602,NA,2016,330.6182485550782
18097322602,NA,2017,324.64843554048673
18097322602,NA,2018,389.5951632133332
18097322602,NA,2019,350.8822055779094
18097322602,NA,2020,265.05052279068946
18097322602,NA,2021,314.4225271078502
18097322602,NA,2022,353.2338696205954
18097322602,NA,2023,321.32783019140925
18097322700,NA,2015,131.90630806243703
18097322700,NA,2016,267.08882562856337
18097322700,NA,2017,244.43430547063056
18097322700,NA,2018,300.5381131715196
18097322700,NA,2019,277.9806660708369
18097322700,NA,2020,224.24245731971868
18097322700,NA,2021,250.94183351514886
18097322700,NA,2022,313.9522609129465
18097322700,NA,2023,276.43380934253776
18097330103,NA,2015,2.8354237932345114
18097330103,NA,2016,5.929304446978335
18097330103,NA,2017,5.936906119346256
18097330103,NA,2018,9.03078677309008
18097330103,NA,2019,8.525275560623337
18097330103,NA,2020,5.3515773470163435
18097330103,NA,2021,5.3515773470163435
18097330103,NA,2022,8.39604713036868
18097330103,NA,2023,6.9745343975674645
18097330105,NA,2015,42.318700114025084
18097330105,NA,2016,88.49486887115165
18097330105,NA,2017,88.60832383124287
18097330105,NA,2018,134.78449258836943
18097330105,NA,2019,127.2397377423033
18097330105,NA,2020,79.87229190421893
18097330105,NA,2021,79.87229190421893
18097330105,NA,2022,125.31100342075257
18097330105,NA,2023,104.09492588369442
18097330106,NA,2015,174.5203344735842
18097330106,NA,2016,364.9486887115165
18097330106,NA,2017,365.4165716457621
18097330106,NA,2018,555.8449258836944
18097330106,NA,2019,524.7307107563664
18097330106,NA,2020,329.3895857088559
18097330106,NA,2021,329.3895857088559
18097330106,NA,2022,516.7767008741923
18097330106,NA,2023,429.28259217027744
18097330107,NA,2015,174.16590649942987
18097330107,NA,2016,364.20752565564425
18097330107,NA,2017,364.67445838084376
18097330107,NA,2018,554.7160775370581
18097330107,NA,2019,523.6650513112885
18097330107,NA,2020,328.7206385404789
18097330107,NA,2021,328.7206385404789
18097330107,NA,2022,515.7271949828962
18097330107,NA,2023,428.4107753705815
18097330108,NA,2015,107.8169897377423
18097330108,NA,2016,225.4618015963512
18097330108,NA,2017,225.7508551881414
18097330108,NA,2018,343.3956670467503
18097330108,NA,2019,324.1736031927024
18097330108,NA,2020,203.49372862029648
18097330108,NA,2021,203.49372862029648
18097330108,NA,2022,319.2596921322691
18097330108,NA,2023,265.2066704675029
18097330109,NA,2015,150.56100342075257
18097330109,NA,2016,314.8460661345496
18097330109,NA,2017,315.24971493728617
18097330109,NA,2018,479.53477765108323
18097330109,NA,2019,452.6921322690992
18097330109,NA,2020,284.1687571265678
18097330109,NA,2021,284.1687571265678
18097330109,NA,2022,445.83010262257693
18097330109,NA,2023,370.3477765108324
18097330204,NA,2015,6.4483571329543885
18097330204,NA,2016,15.733675308470817
18097330204,NA,2017,15.567724941078609
18097330204,NA,2018,20.27755441563843
18097330204,NA,2019,18.341466796062665
18097330204,NA,2020,14.627339525856094
18097330204,NA,2021,17.6065437404686
18097330204,NA,2022,19.787605711909055
18097330204,NA,2023,17.598641342021352
18097330210,NA,2015,126.25204491889643
18097330210,NA,2016,308.04880077637597
18097330210,NA,2017,304.7996672674338
18097330210,NA,2018,397.0131706640787
18097330210,NA,2019,359.1066130597532
18097330210,NA,2020,286.3879107167614
18097330210,NA,2021,344.7175932344378
18097330210,NA,2022,387.42049078053515
18097330210,NA,2023,344.5628725911548
18097330211,NA,2015,143.78705115763205
18097330211,NA,2016,350.83335643976153
18097330211,NA,2017,347.1329543879107
18097330211,NA,2018,452.15388881186743
18097330211,NA,2019,408.98253154027446
18097330211,NA,2020,326.1640094274227
18097330211,NA,2021,392.59503673922086
18097330211,NA,2022,441.2288922778317
18097330211,NA,2023,392.4188271177041
18097330212,NA,2015,66.57645917094136
18097330212,NA,2016,162.44329682517676
18097330212,NA,2017,160.7299320671011
18097330212,NA,2018,209.35685567724943
18097330212,NA,2019,189.3676001663663
18097330212,NA,2020,151.02086510467214
18097330212,NA,2021,181.77984195203106
18097330212,NA,2022,204.29835020102593
18097330212,NA,2023,181.69825315402747
18097330401,NA,2015,216.9767566030538
18097330401,NA,2016,471.21038663379534
18097330401,NA,2017,434.74476021582086
18097330401,NA,2018,616.5884266315109
18097330401,NA,2019,619.8409855167314
18097330401,NA,2020,382.6843860578098
18097330401,NA,2021,444.7439645733522
18097330401,NA,2022,609.8342381173256
18097330401,NA,2023,494.9564610039817
18097330500,NA,2015,306.0172308271739
18097330500,NA,2016,621.2470222682548
18097330500,NA,2017,569.9771197212938
18097330500,NA,2018,702.9584294524741
18097330500,NA,2019,650.2198578221365
18097330500,NA,2020,524.4483781366226
18097330500,NA,2021,585.4649027823549
18097330500,NA,2022,736.8713337413493
18097330500,NA,2023,647.2825196553836
18097330600,NA,2015,245.05117461513112
18097330600,NA,2016,497.47954427757634
18097330600,NA,2017,456.42385010121933
18097330600,NA,2018,562.9120568711454
18097330600,NA,2019,520.6802881220282
18097330600,NA,2020,419.96553834565225
18097330600,NA,2021,468.8260910503272
18097330600,NA,2022,590.0686879148816
18097330600,NA,2023,518.3281389765077
18097330701,NA,2015,108.01242879337131
18097330701,NA,2016,219.27654065251164
18097330701,NA,2017,201.180217503884
18097330701,NA,2018,248.117555670637
18097330701,NA,2019,229.5028482651476
18097330701,NA,2020,185.1103055411704
18097330701,NA,2021,206.6468151216986
18097330701,NA,2022,260.08751941998963
18097330701,NA,2023,228.46607975142413
18097330702,NA,2015,69.17599159586975
18097330702,NA,2016,159.18936265961474
18097330702,NA,2017,154.08871818901284
18097330702,NA,2018,197.68720889596335
18097330702,NA,2019,179.9124239360283
18097330702,NA,2020,143.93159413018097
18097330702,NA,2021,169.74224453095778
18097330702,NA,2022,196.80517946410663
18097330702,NA,2023,174.41621560397235
18097330803,NA,2015,105.15347289615971
18097330803,NA,2016,256.569319284625
18097330803,NA,2017,253.8631637321503
18097330803,NA,2018,330.6664356023846
18097330803,NA,2019,299.0946208235131
18097330803,NA,2020,238.528282268127
18097330803,NA,2021,287.11021766255374
18097330803,NA,2022,322.6768334950783
18097330803,NA,2023,286.9813531124359
18097330804,NA,2015,90.69203881934764
18097330804,NA,2016,220.48809223205438
18097330804,NA,2017,217.8786827146788
18097330804,NA,2018,283.54483748927373
18097330804,NA,2019,256.56342787971175
18097330804,NA,2020,204.6470403171807
18097330804,NA,2021,246.03756822610504
18097330804,NA,2022,277.0168402229096
18097330804,NA,2023,246.32116067745457
18097330805,NA,2015,272.4589237794831
18097330805,NA,2016,553.1201450025893
18097330805,NA,2017,507.47257662068637
18097330805,NA,2018,625.8709571112471
18097330805,NA,2019,578.9157760934042
18097330805,NA,2020,466.93658490654866
18097330805,NA,2021,521.2619462360528
18097330805,NA,2022,656.06492161386
18097330805,NA,2023,576.3005508215244
18097330806,NA,2015,201.45774681041382
18097330806,NA,2016,408.98032107716205
18097330806,NA,2017,375.22823784190945
18097330806,NA,2018,462.77270373334585
18097330806,NA,2019,428.05376394708344
18097330806,NA,2020,345.2556847606045
18097330806,NA,2021,385.4241796525587
18097330806,NA,2022,485.09830045666394
18097330806,NA,2023,426.12005084506376
18097330900,NA,2015,271.4877830610612
18097330900,NA,2016,551.1486276540652
18097330900,NA,2017,505.6637634762958
18097330900,NA,2018,623.6401299373852
18097330900,NA,2019,576.8523139211901
18097330900,NA,2020,465.27225648509955
18097330900,NA,2021,519.4039828633303
18097330900,NA,2022,653.7264723883056
18097330900,NA,2023,574.2464102443388
18097331000,NA,2015,206.9773943943947
18097331000,NA,2016,419.14359577065454
18097331000,NA,2017,383.63420383939064
18097331000,NA,2018,471.7521582229826
18097331000,NA,2019,436.344616167599
18097331000,NA,2020,351.98988060318334
18097331000,NA,2021,393.8569619388407
18097331000,NA,2022,492.8838313204579
18097331000,NA,2023,433.9368116551606
18097340101,NA,2015,86.7498188119242
18097340101,NA,2016,165.57080815660586
18097340101,NA,2017,167.00684874475954
18097340101,NA,2018,259.42268801189164
18097340101,NA,2019,253.63454523290395
18097340101,NA,2020,209.6670624922756
18097340101,NA,2021,240.68757164953908
18097340101,NA,2022,314.0484356156999
18097340101,NA,2023,293.1543821109096
18097340102,NA,2015,178.38857832309392
18097340102,NA,2016,309.76971964211054
18097340102,NA,2017,335.2981049685963
18097340102,NA,2018,476.4455468163046
18097340102,NA,2019,409.5434391585732
18097340102,NA,2020,372.75697083745007
18097340102,NA,2021,391.8257547634796
18097340102,NA,2022,524.9488299172085
18097340102,NA,2023,487.14863058479534
18097340108,NA,2015,99.58044359378519
18097340108,NA,2016,164.86185543796444
18097340108,NA,2017,158.9565976131502
18097340108,NA,2018,191.23328079261427
18097340108,NA,2019,167.53135555055167
18097340108,NA,2020,137.4388088268408
18097340108,NA,2021,155.23547624408917
18097340108,NA,2022,175.62074983111913
18097340108,NA,2023,152.5659761315019
18097340111,NA,2015,76.67588829152062
18097340111,NA,2016,134.12119338304066
18097340111,NA,2017,144.87472991177782
18097340111,NA,2018,207.64448130838664
18097340111,NA,2019,181.45884909491977
18097340111,NA,2020,163.76312880831696
18097340111,NA,2021,173.93879005879194
18097340111,NA,2022,232.28114118149836
18097340111,NA,2023,216.27486903870874
18097340112,NA,2015,210.6442252509591
18097340112,NA,2016,366.768005549907
18097340112,NA,2017,397.1800886140742
18097340112,NA,2018,566.518037803269
18097340112,NA,2019,490.9346062039167
18097340112,NA,2020,445.40939152693704
18097340112,NA,2021,470.48227802351397
18097340112,NA,2022,629.3646079784338
18097340112,NA,2023,585.3727473297243
18097340113,NA,2015,99.2016801955575
18097340113,NA,2016,186.28662459235844
18097340113,NA,2017,193.6298130316357
18097340113,NA,2018,298.27525058317207
18097340113,NA,2019,291.9318049952756
18097340113,NA,2020,245.71380181072604
18097340113,NA,2021,280.64081128499726
18097340113,NA,2022,366.66475322668356
18097340113,NA,2023,346.10254300209834
18097340114,NA,2015,114.30825886338688
18097340114,NA,2016,215.34632323317948
18097340114,NA,2017,223.45171688022197
18097340114,NA,2018,345.3027586055929
18097340114,NA,2019,339.4855467212653
18097340114,NA,2020,284.9654026919564
18097340114,NA,2021,326.3905096403785
18097340114,NA,2022,426.08560475402913
18097340114,NA,2023,402.4000832765504
18097340115,NA,2015,243.05298879712157
18097340115,NA,2016,421.201324719928
18097340115,NA,2017,457.319813557936
18097340115,NA,2018,649.0465287431515
18097340115,NA,2019,557.5282525145146
18097340115,NA,2020,508.64608716984213
18097340115,NA,2021,534.1734401831711
18097340115,NA,2022,715.8521547142038
18097340115,NA,2023,665.0690162727941
18097340201,NA,2015,82.32537716730465
18097340201,NA,2016,136.29497860842153
18097340201,NA,2017,131.41297005179013
18097340201,NA,2018,158.09682503940553
18097340201,NA,2019,138.5019139833371
18097340201,NA,2020,113.62373339337987
18097340201,NA,2021,128.33663589281693
18097340201,NA,2022,145.18959693762665
18097340201,NA,2023,126.12970051790137
18097340202,NA,2015,197.22055843278542
18097340202,NA,2016,326.5113713127674
18097340202,NA,2017,314.8159198378744
18097340202,NA,2018,378.740373789687
18097340202,NA,2019,331.7983562260752
18097340202,NA,2020,272.1996172033326
18097340202,NA,2021,307.44618329205133
18097340202,NA,2022,347.8195226300383
18097340202,NA,2023,302.15919837874355
18097340301,NA,2015,79.34558657959919
18097340301,NA,2016,131.3617428507093
18097340301,NA,2017,126.65643999099302
18097340301,NA,2018,152.37446521053818
18097340301,NA,2019,133.48879756811527
18097340301,NA,2020,109.51108984462958
18097340301,NA,2021,123.69145462733619
18097340301,NA,2022,139.934417923891
18097340301,NA,2023,121.56439990993019
18097340302,NA,2015,128.13099527133528
18097340302,NA,2016,212.12913758162577
18097340302,NA,2017,204.53079261427607
18097340302,NA,2018,246.061472641297
18097340302,NA,2019,215.56400585453727
18097340302,NA,2020,176.8436725962621
18097340302,NA,2021,199.74279441567214
18097340302,NA,2022,225.97269759063275
18097340302,NA,2023,196.30792614276064
18097340400,NA,2015,385.0670202291197
18097340400,NA,2016,631.8319384232441
18097340400,NA,2017,603.4107009785138
18097340400,NA,2018,664.0788412613098
18097340400,NA,2019,657.5158448765168
18097340400,NA,2020,525.0053647956782
18097340400,NA,2021,634.2717232973663
18097340400,NA,2022,706.4382483963008
18097340400,NA,2023,621.4618684374168
18097340500,NA,2015,549.0943067498454
18097340500,NA,2016,900.8989490248974
18097340500,NA,2017,860.2973079300848
18097340500,NA,2018,945.96105209914
18097340500,NA,2019,937.7263530601922
18097340500,NA,2020,748.5570168043612
18097340500,NA,2021,904.9019277243859
18097340500,NA,2022,1007.7212948912493
18097340500,NA,2023,886.6025965267239
18097340600,NA,2015,727.7185972011465
18097340600,NA,2016,1193.9677963243971
18097340600,NA,2017,1140.1581520822795
18097340600,NA,2018,1253.688922610015
18097340600,NA,2019,1242.7754172989376
18097340600,NA,2020,992.0679480694654
18097340600,NA,2021,1199.272972517282
18097340600,NA,2022,1335.5402124430955
18097340600,NA,2023,1175.0207384926655
18097340700,NA,2015,458.3858318377066
18097340700,NA,2016,752.0848984277939
18097340700,NA,2017,718.2016684547874
18097340700,NA,2018,789.8422105280301
18097340700,NA,2019,782.797852544751
18097340700,NA,2020,624.9108924901118
18097340700,NA,2021,755.3473534965066
18097340700,NA,2022,841.1946263190846
18097340700,NA,2023,740.0759775282596
18097340800,NA,2015,64.03084890790362
18097340800,NA,2016,106.00720558432785
18097340800,NA,2017,102.210087818059
18097340800,NA,2018,122.96419725287097
18097340800,NA,2019,107.72371087592884
18097340800,NA,2020,88.37401486151768
18097340800,NA,2021,99.81738347219094
18097340800,NA,2022,112.92524206259851
18097340800,NA,2023,98.10087818058996
18097340901,NA,2015,107.65761713958624
18097340901,NA,2016,186.56644042848967
18097340901,NA,2017,202.56472319895332
18097340901,NA,2018,287.487938506828
18097340901,NA,2019,246.9509362989615
18097340901,NA,2020,225.2991250306648
18097340901,NA,2021,236.60618202633086
18097340901,NA,2022,317.0787472401668
18097340901,NA,2023,294.58492108921416
18097340903,NA,2015,66.73344967349696
18097340903,NA,2016,110.48153569015987
18097340903,NA,2017,106.52414996622382
18097340903,NA,2018,128.15424453951812
18097340903,NA,2019,112.27049088043233
18097340903,NA,2020,92.10408691736096
18097340903,NA,2021,104.03045485251069
18097340903,NA,2022,117.6915672145913
18097340903,NA,2023,102.24149966223823
18097340904,NA,2015,177.4014861517676
18097340904,NA,2016,293.6996172033326
18097340904,NA,2017,283.1794640846656
18097340904,NA,2018,340.6800270209412
18097340904,NA,2019,298.45530285971626
18097340904,NA,2020,244.84575546048185
18097340904,NA,2021,276.55032650303986
18097340904,NA,2022,312.86647151542445
18097340904,NA,2023,271.79464084665614
18097341000,NA,2015,81.76398352311813
18097341000,NA,2016,135.17303301940643
18097341000,NA,2017,130.13468426459946
18097341000,NA,2018,154.45918344683747
18097341000,NA,2019,137.88637511408214
18097341000,NA,2020,112.62975483731303
18097341000,NA,2021,128.6154030849629
18097341000,NA,2022,145.12731867386907
18097341000,NA,2023,126.3390867869488
18097341100,NA,2015,276.57084246613834
18097341100,NA,2016,453.7697409093463
18097341100,NA,2017,433.3192828640476
18097341100,NA,2018,476.4668689934243
18097341100,NA,2019,472.3191704602933
18097341100,NA,2020,377.0373180464227
18097341100,NA,2021,455.78598325184055
18097341100,NA,2022,507.5746079919069
18097341100,NA,2023,446.56887540043834
18097341200,NA,2015,324.3299050188276
18097341200,NA,2016,532.128027876131
18097341200,NA,2017,508.146124880571
18097341200,NA,2018,558.7445624683864
18097341200,NA,2019,553.8806272129489
18097341200,NA,2020,442.1452256505367
18097341200,NA,2021,534.4924408475242
18097341200,NA,2022,595.2240768841679
18097341200,NA,2023,523.6836958354409
18097341600,NA,2015,307.8705670769404
18097341600,NA,2016,505.1231945146969
18097341600,NA,2017,482.3583431686619
18097341600,NA,2018,530.3889731917047
18097341600,NA,2019,525.7718765806779
18097341600,NA,2020,419.70690721070093
18097341600,NA,2021,507.36761647839046
18097341600,NA,2022,565.0171977744058
18097341600,NA,2023,497.10740178721977
18097341701,NA,2015,401.76974090934635
18097341701,NA,2016,659.183555330748
18097341701,NA,2017,629.4755240825043
18097341701,NA,2018,692.1552857865453
18097341701,NA,2019,686.1299949418311
18097341701,NA,2020,547.7156747035351
18097341701,NA,2021,662.1125161580397
18097341701,NA,2022,737.3449671219018
18097341701,NA,2023,648.7229809475637
18097341702,NA,2015,163.55873427711578
18097341702,NA,2016,278.61194004507377
18097341702,NA,2017,259.5891316922609
18097341702,NA,2018,303.8244652253813
18097341702,NA,2019,293.555316889681
18097341702,NA,2020,230.02824964725724
18097341702,NA,2021,272.46252679271726
18097341702,NA,2022,308.5164621558869
18097341702,NA,2023,272.728055794339
18097341902,NA,2015,164.02030145170735
18097341902,NA,2016,304.85475628428975
18097341902,NA,2017,293.808934166371
18097341902,NA,2018,419.46464834886234
18097341902,NA,2019,375.6449831206682
18097341902,NA,2020,310.3667442444828
18097341902,NA,2021,335.54526779528203
18097341902,NA,2022,432.65889420925924
18097341902,NA,2023,398.99258836069845
18097341903,NA,2015,183.32419938627987
18097341903,NA,2016,309.3609824020623
18097341903,NA,2017,293.79887517652867
18097341903,NA,2018,359.6935542096933
18097341903,NA,2019,317.9165362016912
18097341903,NA,2020,256.846726127956
18097341903,NA,2021,290.23450310498276
18097341903,NA,2022,330.5738813765909
18097341903,NA,2023,288.6348941432219
18097341904,NA,2015,72.62373339337987
18097341904,NA,2016,120.23328079261428
18097341904,NA,2017,115.92659310965999
18097341904,NA,2018,139.4658860616978
18097341904,NA,2019,122.18013960819636
18097341904,NA,2020,100.23373114163476
18097341904,NA,2021,113.21278991218193
18097341904,NA,2022,128.07971177662688
18097341904,NA,2023,111.26593109659986
18097342000,NA,2015,197.15863141524105
18097342000,NA,2016,413.97356143079315
18097342000,NA,2017,330.5832037325039
18097342000,NA,2018,535.4852255054432
18097342000,NA,2019,492.00311041990665
18097342000,NA,2020,347.85692068429233
18097342000,NA,2021,406.82581648522546
18097342000,NA,2022,528.9331259720062
18097342000,NA,2023,427.07776049766716
18097342101,NA,2015,331.0179761132581
18097342101,NA,2016,671.1006338316226
18097342101,NA,2017,552.8703160675852
18097342101,NA,2018,796.5669697094411
18097342101,NA,2019,756.6376970217603
18097342101,NA,2020,537.4271744198202
18097342101,NA,2021,609.8222628430412
18097342101,NA,2022,736.9559197968431
18097342101,NA,2023,670.4417049576012
18097342200,NA,2015,351.6600819977637
18097342200,NA,2016,712.8375698844577
18097342200,NA,2017,587.336861721953
18097342200,NA,2018,845.7586284010437
18097342200,NA,2019,803.4948937756243
18097342200,NA,2020,570.7217294073798
18097342200,NA,2021,647.5062243756988
18097342200,NA,2022,782.2017144986955
18097342200,NA,2023,712.0310100633619
18097342300,NA,2015,466.3883712262393
18097342300,NA,2016,945.3991800223631
18097342300,NA,2017,778.954155795751
18097342300,NA,2018,1121.6854267610884
18097342300,NA,2019,1065.6332463660083
18097342300,NA,2020,756.9183749534104
18097342300,NA,2021,858.7536339918003
18097342300,NA,2022,1037.3932165486397
18097342300,NA,2023,944.3294819232203
18097342400,NA,2015,116.81088300636169
18097342400,NA,2016,236.69102627018077
18097342400,NA,2017,195.34602630830466
18097342400,NA,2018,280.78966998869936
18097342400,NA,2019,267.1531855394989
18097342400,NA,2020,190.02589113315804
18097342400,NA,2021,215.698971417397
18097342400,NA,2022,260.39024619127906
18097342400,NA,2023,237.36877840350084
18097342500,NA,2015,319.8091688408498
18097342500,NA,2016,648.2737234439061
18097342500,NA,2017,534.1399925456578
18097342500,NA,2018,769.1557212076035
18097342500,NA,2019,730.7199403652628
18097342500,NA,2020,519.0297428251957
18097342500,NA,2021,588.8596347372345
18097342500,NA,2022,711.3553484904958
18097342500,NA,2023,647.5402161759225
18097342600,NA,2015,329.1244434303387
18097342600,NA,2016,590.3554192215227
18097342600,NA,2017,563.593286597598
18097342600,NA,2018,658.0459005655964
18097342600,NA,2019,686.6401105598056
18097342600,NA,2020,546.563987969553
18097342600,NA,2021,650.6307579796601
18097342600,NA,2022,737.2998547615985
18097342600,NA,2023,704.0349514277817
18097350100,NA,2015,228.01167315175098
18097350100,NA,2016,376.51361867704276
18097350100,NA,2017,367.25291828793775
18097350100,NA,2018,427.84435797665367
18097350100,NA,2019,436.4435797665369
18097350100,NA,2020,360.9688715953307
18097350100,NA,2021,393.7782101167315
18097350100,NA,2022,424.3385214007782
18097350100,NA,2023,461.11673151750966
18097350300,NA,2015,469.09221357834457
18097350300,NA,2016,787.3978281713391
18097350300,NA,2017,769.1195621493906
18097350300,NA,2018,901.3617653894244
18097350300,NA,2019,897.4565898957077
18097350300,NA,2020,730.3190921420054
18097350300,NA,2021,808.6995312982568
18097350300,NA,2022,878.1358495587049
18097350300,NA,2023,924.7707417257311
18097350400,NA,2015,318.9989018363736
18097350400,NA,2016,573.7446769568666
18097350400,NA,2017,563.6315661033494
18097350400,NA,2018,676.2706973339027
18097350400,NA,2019,608.9662009639436
18097350400,NA,2020,459.7978158745653
18097350400,NA,2021,545.6720761393448
18097350400,NA,2022,612.5406625587212
18097350400,NA,2023,557.3544628149594
18097350500,NA,2015,421.7431803060545
18097350500,NA,2016,801.2508316699934
18097350500,NA,2017,686.7099135063207
18097350500,NA,2018,773.7824351297405
18097350500,NA,2019,714.9434464404525
18097350500,NA,2020,579.131736526946
18097350500,NA,2021,694.7438456420492
18097350500,NA,2022,725.3493013972056
18097350500,NA,2023,688.6992681304059
18097350600,NA,2015,759.4711183693219
18097350600,NA,2016,1442.8848968729208
18097350600,NA,2017,1236.6206979979434
18097350600,NA,2018,1393.420068953003
18097350600,NA,2019,1287.4633762777473
18097350600,NA,2020,1042.8949373979312
18097350600,NA,2021,1251.0881267767495
18097350600,NA,2022,1306.202141172201
18097350600,NA,2023,1240.2031089336476
18097350700,NA,2015,282.3845642049235
18097350700,NA,2016,536.4896872920825
18097350700,NA,2017,459.79707252162336
18097350700,NA,2018,518.0978043912176
18097350700,NA,2019,478.70126413838983
18097350700,NA,2020,387.76646706586826
18097350700,NA,2021,465.17631403858945
18097350700,NA,2022,485.66866267465065
18097350700,NA,2023,461.12907518296737
18097350800,NA,2015,373.9904754746944
18097350800,NA,2016,704.559091687895
18097350800,NA,2017,617.1246088585
18097350800,NA,2018,702.9803485634983
18097350800,NA,2019,646.5913902390836
18097350800,NA,2020,517.5771615376243
18097350800,NA,2021,619.8083235861044
18097350800,NA,2022,655.0252964545283
18097350800,NA,2023,617.4510667407898
18097350900,NA,2015,207.60600329449088
18097350900,NA,2016,373.3957659691294
18097350900,NA,2017,366.81410530168995
18097350900,NA,2018,440.1201879079983
18097350900,NA,2019,396.31810139710814
18097350900,NA,2020,299.23860655237627
18097350900,NA,2021,355.12598377158196
18097350900,NA,2022,398.64437801232384
18097350900,NA,2023,362.7289366115551
18097351000,NA,2015,435.1920941787522
18097351000,NA,2016,735.9233452279452
18097351000,NA,2017,719.2944990964684
18097351000,NA,2018,845.1999672183422
18097351000,NA,2019,832.4103196775901
18097351000,NA,2020,672.3165213694064
18097351000,NA,2021,749.6511731394341
18097351000,NA,2022,816.8556436357686
18097351000,NA,2023,847.7986889564654
18097351200,NA,2015,602.2706524992517
18097351200,NA,2016,994.5240945824603
18097351200,NA,2017,970.0628554325052
18097351200,NA,2018,1130.1092487279257
18097351200,NA,2019,1152.823256510027
18097351200,NA,2020,953.4641574378928
18097351200,NA,2021,1040.126833283448
18097351200,NA,2022,1120.8489224783
18097351200,NA,2023,1217.9949865309788
18097351500,NA,2015,293.5424884945091
18097351500,NA,2016,493.996054769838
18097351500,NA,2017,482.6348659628824
18097351500,NA,2018,566.1400251935952
18097351500,NA,2019,561.554600241542
18097351500,NA,2020,455.7890976645972
18097351500,NA,2021,505.91607757712137
18097351500,NA,2022,550.017993929075
18097351500,NA,2023,576.3217584638609
18097351600,NA,2015,286.71355905614433
18097351600,NA,2016,502.0698170974587
18097351600,NA,2017,493.25880313865355
18097351600,NA,2018,594.2925362979383
18097351600,NA,2019,572.5721127168963
18097351600,NA,2020,447.5855103225553
18097351600,NA,2021,514.4680480405534
18097351600,NA,2022,583.7948608997702
18097351600,NA,2023,570.3729084166125
18097351700,NA,2015,416.63582048705115
18097351700,NA,2016,757.8492891028077
18097351700,NA,2017,730.2852803247816
18097351700,NA,2018,875.9925153913148
18097351700,NA,2019,803.1064853694238
18097351700,NA,2020,612.7327705771589
18097351700,NA,2021,728.0044188610116
18097351700,NA,2022,821.6608039565484
18097351700,NA,2023,755.2424122031617
18097351900,NA,2015,371.0673199056432
18097351900,NA,2016,704.9740518962076
18097351900,NA,2017,604.196153148249
18097351900,NA,2018,680.8062057702776
18097351900,NA,2019,629.0371983306115
18097351900,NA,2020,509.54436581382686
18097351900,NA,2021,611.2647432407912
18097351900,NA,2022,638.1927054980947
18097351900,NA,2023,605.9464706949736
18097352100,NA,2015,597.1083287969516
18097352100,NA,2016,1134.4191616766468
18097352100,NA,2017,972.2509526401743
18097352100,NA,2018,1095.5291235710397
18097352100,NA,2019,1012.2242787152968
18097352100,NA,2020,819.940664126293
18097352100,NA,2021,983.6254763200872
18097352100,NA,2022,1026.9569951007077
18097352100,NA,2023,975.0675013609145
18097352300,NA,2015,274.71650638117706
18097352300,NA,2016,521.9214903526281
18097352300,NA,2017,447.31143773059944
18097352300,NA,2018,504.02903284340414
18097352300,NA,2019,465.70229238492715
18097352300,NA,2020,377.23679912901474
18097352300,NA,2021,452.54460775418863
18097352300,NA,2022,472.4804935583379
18097352300,NA,2023,448.60727030786916
18097352400,NA,2015,496.68689029999655
18097352400,NA,2016,942.0490130123698
18097352400,NA,2017,809.1330908110798
18097352400,NA,2018,912.0920663432773
18097352400,NA,2019,845.9643942323191
18097352400,NA,2020,687.529814181727
18097352400,NA,2021,822.2660618395131
18097352400,NA,2022,859.6994287840312
18097352400,NA,2023,815.3402970752134
18097352500,NA,2015,580.0873821796796
18097352500,NA,2016,1048.6578847102687
18097352500,NA,2017,957.5411001630524
18097352500,NA,2018,1094.279443227012
18097352500,NA,2019,1119.292579090549
18097352500,NA,2020,981.0227797476734
18097352500,NA,2021,1093.094325327189
18097352500,NA,2022,1183.6507504676192
18097352500,NA,2023,1091.118329353389
18097352600,NA,2015,695.360302400118
18097352600,NA,2016,1276.2250411916132
18097352600,NA,2017,1143.4151754400132
18097352600,NA,2018,1298.693669776107
18097352600,NA,2019,1291.3706877851469
18097352600,NA,2020,1110.23488743598
18097352600,NA,2021,1260.6356709079066
18097352600,NA,2022,1350.4429311296492
18097352600,NA,2023,1256.1333868832223
18097352700,NA,2015,576.9497597613079
18097352700,NA,2016,1054.5805641204847
18097352700,NA,2017,950.6803859107623
18097352700,NA,2018,1082.0954936975131
18097352700,NA,2019,1084.8943375453875
18097352700,NA,2020,937.2870759355609
18097352700,NA,2021,1058.7072770066882
18097352700,NA,2022,1138.9997378489188
18097352700,NA,2023,1057.2981261612927
18097352800,NA,2015,300.65485021719735
18097352800,NA,2016,566.5215471670222
18097352800,NA,2017,506.3194012483334
18097352800,NA,2018,594.8633847545733
18097352800,NA,2019,566.3926399613885
18097352800,NA,2020,449.009208226984
18097352800,NA,2021,536.0103999987094
18097352800,NA,2022,596.5591138321336
18097352800,NA,2023,563.6161279731974
18097353300,NA,2015,315.87233515121466
18097353300,NA,2016,582.2637580565196
18097353300,NA,2017,579.9623202776401
18097353300,NA,2018,748.8303173029251
18097353300,NA,2019,756.5976698066436
18097353300,NA,2020,573.7772062469013
18097353300,NA,2021,678.7803049082796
18097353300,NA,2022,853.1142166584036
18097353300,NA,2023,799.3181085770947
18097353500,NA,2015,198.28780366881506
18097353500,NA,2016,365.514129895885
18097353500,NA,2017,364.06941001487354
18097353500,NA,2018,470.07573128408524
18097353500,NA,2019,474.95166088249874
18097353500,NA,2020,360.1867253346554
18097353500,NA,2021,426.1020699058007
18097353500,NA,2022,535.5396008924145
18097353500,NA,2023,501.7692736737729
18097353600,NA,2015,444.064719745008
18097353600,NA,2016,786.4136115899477
18097353600,NA,2017,774.3186303017917
18097353600,NA,2018,956.8222054487853
18097353600,NA,2019,964.3736037283604
18097353600,NA,2020,746.0088757870735
18097353600,NA,2021,877.8149810420975
18097353600,NA,2022,1060.8835080386184
18097353600,NA,2023,999.0930798084913
18097354201,NA,2015,271.88350412807176
18097354201,NA,2016,489.217296147153
18097354201,NA,2017,538.0296033253572
18097354201,NA,2018,746.260799236867
18097354201,NA,2019,835.1019853226336
18097354201,NA,2020,465.9822799556372
18097354201,NA,2021,587.6710170000752
18097354201,NA,2022,1200.335515289684
18097354201,NA,2023,1518.2318022477712
18097354202,NA,2015,304.4501689930523
18097354202,NA,2016,557.1980880621986
18097354202,NA,2017,572.0132011388879
18097354202,NA,2018,755.8613903076705
18097354202,NA,2019,790.8984264215254
18097354202,NA,2020,543.6762432617548
18097354202,NA,2021,655.3815538750038
18097354202,NA,2022,978.5455298200276
18097354202,NA,2023,1048.8280962804201
18097354400,NA,2015,182.95554410547
18097354400,NA,2016,333.8931747035019
18097354400,NA,2017,318.2925606818483
18097354400,NA,2018,387.1091786568098
18097354400,NA,2019,393.4489145924563
18097354400,NA,2020,320.36959178137664
18097354400,NA,2021,367.7930580900046
18097354400,NA,2022,430.750630439692
18097354400,NA,2023,400.9372266364177
18097354500,NA,2015,476.212260034904
18097354500,NA,2016,861.047720331588
18097354500,NA,2017,786.2917212041883
18097354500,NA,2018,896.0190881326351
18097354500,NA,2019,916.9267015706805
18097354500,NA,2020,805.2439463350784
18097354500,NA,2021,896.6207460732983
18097354500,NA,2022,969.4965641361255
18097354500,NA,2023,895.1166012216403
18097354700,NA,2015,307.69044502617805
18097354700,NA,2016,556.3404777486912
18097354700,NA,2017,508.03910340314144
18097354700,NA,2018,578.9361910994766
18097354700,NA,2019,592.4450261780106
18097354700,NA,2020,520.284522251309
18097354700,NA,2021,579.3249345549739
18097354700,NA,2022,626.4114856020943
18097354700,NA,2023,578.3530759162305
18097354800,NA,2015,357.7635253054101
18097354800,NA,2016,646.8784904013961
18097354800,NA,2017,590.7166230366491
18097354800,NA,2018,673.1513961605584
18097354800,NA,2019,688.8586387434555
18097354800,NA,2020,604.9548429319372
18097354800,NA,2021,673.6034031413611
18097354800,NA,2022,728.3527486910994
18097354800,NA,2023,672.4733856893542
18097354900,NA,2015,502.1121291448517
18097354900,NA,2016,907.877726876091
18097354900,NA,2017,829.0559554973823
18097354900,NA,2018,944.7510907504366
18097354900,NA,2019,966.7958115183249
18097354900,NA,2020,849.0389397905761
18097354900,NA,2021,945.3854712041887
18097354900,NA,2022,1022.2248036649218
18097354900,NA,2023,943.7995200698083
18097355000,NA,2015,454.1110383944154
18097355000,NA,2016,821.086114746946
18097355000,NA,2017,749.79957460733
18097355000,NA,2018,854.4344458987784
18097355000,NA,2019,874.3717277486912
18097355000,NA,2020,767.8722185863876
18097355000,NA,2021,855.0081806282724
18097355000,NA,2022,924.50179973822
18097355000,NA,2023,853.5738438045377
18097355100,NA,2015,398.51265270506104
18097355100,NA,2016,720.5577006980802
18097355100,NA,2017,657.9990183246073
18097355100,NA,2018,749.823080279232
18097355100,NA,2019,767.3193717277486
18097355100,NA,2020,673.8589659685863
18097355100,NA,2021,750.3265706806283
18097355100,NA,2022,811.3118455497382
18097355100,NA,2023,749.0678446771378
18097355300,NA,2015,636.3153945541258
18097355300,NA,2016,1150.192669440341
18097355300,NA,2017,1050.2146743757608
18097355300,NA,2018,1201.8597845072243
18097355300,NA,2019,1229.0530116998796
18097355300,NA,2020,1076.1848797958087
18097355300,NA,2021,1199.5294047646582
18097355300,NA,2022,1299.822076999633
18097355300,NA,2023,1197.2846473292457
18097355400,NA,2015,557.6713471966449
18097355400,NA,2016,1008.1930937850233
18097355400,NA,2017,920.612444601201
18097355400,NA,2018,1051.210313162822
18097355400,NA,2019,1075.3835669743655
18097355400,NA,2020,943.0766282838154
18097355400,NA,2021,1050.6050251372503
18097355400,NA,2022,1137.1652998979478
18097355400,NA,2023,1048.745412512058
18097355500,NA,2015,542.0683098545658
18097355500,NA,2016,961.1671527558701
18097355500,NA,2017,861.074160694239
18097355500,NA,2018,981.3141028218212
18097355500,NA,2019,996.0558961937314
18097355500,NA,2020,869.4098683081909
18097355500,NA,2021,971.193985406985
18097355500,NA,2022,1075.2143690938215
18097355500,NA,2023,980.9755949612278
18097355600,NA,2015,396.8083185475317
18097355600,NA,2016,713.3855186992779
18097355600,NA,2017,647.8313006658371
18097355600,NA,2018,737.5068901108115
18097355600,NA,2019,753.0591254846382
18097355600,NA,2020,660.6372280926792
18097355600,NA,2021,736.1079645545452
18097355600,NA,2022,801.0060892738398
18097355600,NA,2023,737.3996100608518
18097355700,NA,2015,461.67570564664885
18097355700,NA,2016,828.4705977270668
18097355700,NA,2017,754.8979872575625
18097355700,NA,2018,867.8982617265526
18097355700,NA,2019,884.1495827504177
18097355700,NA,2020,765.9325774424742
18097355700,NA,2021,857.8364178104445
18097355700,NA,2022,948.9339412665638
18097355700,NA,2023,873.4108485493715
18097355900,NA,2015,495.73369097561965
18097355900,NA,2016,854.0076388313153
18097355900,NA,2017,742.5631958252588
18097355900,NA,2018,838.970534850613
18097355900,NA,2019,841.345330547261
18097355900,NA,2020,731.2810345666574
18097355900,NA,2021,819.6359251596944
18097355900,NA,2022,939.2291859187211
18097355900,NA,2023,844.9088550025357
18097356200,NA,2015,355.2300975319765
18097356200,NA,2016,623.5949669635423
18097356200,NA,2017,574.8727731636455
18097356200,NA,2018,693.2512728808771
18097356200,NA,2019,714.3682470299697
18097356200,NA,2020,554.3217002945577
18097356200,NA,2021,638.8723588225561
18097356200,NA,2022,852.6428681685829
18097356200,NA,2023,859.158530915157
18097356400,NA,2015,586.4684539356342
18097356400,NA,2016,997.7416838540353
18097356400,NA,2017,952.8794333360955
18097356400,NA,2018,1074.5787017435941
18097356400,NA,2019,1089.7278557720124
18097356400,NA,2020,868.9483859670144
18097356400,NA,2021,1043.3566067944214
18097356400,NA,2022,1170.8335638074054
18097356400,NA,2023,1069.4423722647125
18097356900,NA,2015,500.46958762886595
18097356900,NA,2016,1007.0644329896907
18097356900,NA,2017,814.2989690721649
18097356900,NA,2018,1021.8371134020618
18097356900,NA,2019,1115.1572164948454
18097356900,NA,2020,869.0659793814433
18097356900,NA,2021,890.3242268041237
18097356900,NA,2022,1218.9262886597937
18097356900,NA,2023,1111.5541237113403
18097357000,NA,2015,422.83562747849237
18097357000,NA,2016,736.8096210556358
18097357000,NA,2017,635.4363709090227
18097357000,NA,2018,724.1471492454757
18097357000,NA,2019,731.6643588758021
18097357000,NA,2020,629.4086870018926
18097357000,NA,2021,699.981547152162
18097357000,NA,2022,816.4233046773518
18097357000,NA,2023,734.7420883554215
18097357100,NA,2015,461.39284631706573
18097357100,NA,2016,793.4861574214407
18097357100,NA,2017,688.5366777811457
18097357100,NA,2018,777.3514701424673
18097357100,NA,2019,778.9797413357581
18097357100,NA,2020,677.1387794281094
18097357100,NA,2021,758.9964130544608
18097357100,NA,2022,871.1991007375971
18097357100,NA,2023,782.9023946650499
18097357200,NA,2015,539.813882994847
18097357200,NA,2016,928.351722744266
18097357200,NA,2017,805.5644134586238
18097357200,NA,2018,909.4746892997878
18097357200,NA,2019,911.3797110235425
18097357200,NA,2020,792.2292613923411
18097357200,NA,2021,887.9998989592806
18097357200,NA,2022,1019.2732141052844
18097357200,NA,2023,915.9690815398606
18097357300,NA,2015,502.3355562291604
18097357300,NA,2016,863.8978983530362
18097357300,NA,2017,749.6354956047287
18097357300,NA,2018,846.3314640800243
18097357300,NA,2019,848.1042235020712
18097357300,NA,2020,737.2261796503991
18097357300,NA,2021,826.3476305951298
18097357300,NA,2022,948.5068707689198
18097357300,NA,2023,852.3749621097302
18097357400,NA,2015,598.0785086389816
18097357400,NA,2016,1028.5530463776904
18097357400,NA,2017,892.5127311306458
18097357400,NA,2018,1007.6385268263111
18097357400,NA,2019,1009.7491664140649
18097357400,NA,2020,877.7382540163686
18097357400,NA,2021,983.8458623825402
18097357400,NA,2022,1129.2881176113974
18097357400,NA,2023,1014.8338890572902
18097357500,NA,2015,103.61655046983934
18097357500,NA,2016,178.19586743457612
18097357500,NA,2017,154.62700818429826
18097357500,NA,2018,174.5724461958169
18097357500,NA,2019,174.9381125593614
18097357500,NA,2020,152.0673436394867
18097357500,NA,2021,170.4503890067697
18097357500,NA,2022,195.64812569465494
18097357500,NA,2023,175.8190360715368
18097357601,NA,2015,697.2858441952106
18097357601,NA,2016,1199.1661109427098
18097357601,NA,2017,1040.5598666262504
18097357601,NA,2018,1174.782358290391
18097357601,NA,2019,1177.2431039709002
18097357601,NA,2020,1023.3346468626855
18097357601,NA,2021,1147.0430433464685
18097357601,NA,2022,1316.6107911488327
18097357601,NA,2023,1183.1712640193996
18097357602,NA,2015,210.38254016368597
18097357602,NA,2016,361.80802263312114
18097357602,NA,2017,313.9539254319491
18097357602,NA,2018,354.4510457714459
18097357602,NA,2019,355.19349297767
18097357602,NA,2020,308.7567949883803
18097357602,NA,2021,346.0816409012832
18097357602,NA,2022,397.24300293018086
18097357602,NA,2023,356.98211579266444
18097357800,NA,2015,325.0640282278603
18097357800,NA,2016,588.2452452268676
18097357800,NA,2017,498.55380730805643
18097357800,NA,2018,583.318832635944
18097357800,NA,2019,602.737486966268
18097357800,NA,2020,503.9209074081597
18097357800,NA,2021,548.1144284324417
18097357800,NA,2022,668.4548485743363
18097357800,NA,2023,603.932883832339
18097357900,NA,2015,725.0192243510218
18097357900,NA,2016,1357.2184784205149
18097357900,NA,2017,1132.797795645666
18097357900,NA,2018,1356.197271275582
18097357900,NA,2019,1427.7815262669412
18097357900,NA,2020,1165.4992478195518
18097357900,NA,2021,1243.213139095571
18097357900,NA,2022,1575.5115762977223
18097357900,NA,2023,1428.021078708637
18097358000,NA,2015,240.9270618556701
18097358000,NA,2016,484.80283505154637
18097358000,NA,2017,392.00515463917526
18097358000,NA,2018,491.9144329896907
18097358000,NA,2019,536.8389175257731
18097358000,NA,2020,418.3701030927835
18097358000,NA,2021,428.60386597938145
18097358000,NA,2022,586.7935567010309
18097358000,NA,2023,535.104381443299
18097358100,NA,2015,204.48134777376654
18097358100,NA,2016,399.6630565583634
18097358100,NA,2017,381.8387484957882
18097358100,NA,2018,468.30324909747293
18097358100,NA,2019,508.4909747292419
18097358100,NA,2020,404.20216606498195
18097358100,NA,2021,475.8315282791817
18097358100,NA,2022,546.0216606498195
18097358100,NA,2023,551.4464500601684
18097360101,NA,2015,466.751345793262
18097360101,NA,2016,886.7598137059215
18097360101,NA,2017,759.995161192766
18097360101,NA,2018,856.3600072582108
18097360101,NA,2019,791.2417589064295
18097360101,NA,2020,640.9363091997823
18097360101,NA,2021,768.8864694852718
18097360101,NA,2022,802.7581201233895
18097360101,NA,2023,762.1968184842436
18097360102,NA,2015,453.0821992378879
18097360102,NA,2016,860.7904191616767
18097360102,NA,2017,737.7381600435493
18097360102,NA,2018,831.2808927599348
18097360102,NA,2019,768.06967882417
18097360102,NA,2020,622.1660315732172
18097360102,NA,2021,746.3690800217747
18097360102,NA,2022,779.2487751769189
18097360102,NA,2023,739.8753402286337
18097360201,NA,2015,199.86690786271592
18097360201,NA,2016,403.6856898369375
18097360201,NA,2017,369.5928337644942
18097360201,NA,2018,456.12868105401935
18097360201,NA,2019,422.68181188703375
18097360201,NA,2020,340.4585341578547
18097360201,NA,2021,381.2407876231106
18097360201,NA,2022,477.0559986131907
18097360201,NA,2023,419.16413596473643
18097360202,NA,2015,134.44903723930133
18097360202,NA,2016,272.9456240290005
18097360202,NA,2017,250.42013087896046
18097360202,NA,2018,308.84562873687673
18097360202,NA,2019,285.67487406430956
18097360202,NA,2020,230.41702368061766
18097360202,NA,2021,257.2247069347017
18097360202,NA,2022,323.7453038934136
18097360202,NA,2023,284.3843510192552
18097360301,NA,2015,260.3451131971286
18097360301,NA,2016,463.5317504141358
18097360301,NA,2017,420.7803423522915
18097360301,NA,2018,587.1663169519602
18097360301,NA,2019,582.85985643291
18097360301,NA,2020,444.81822197680833
18097360301,NA,2021,521.1600220872446
18097360301,NA,2022,622.7141910546659
18097360301,NA,2023,515.3658752070678
18097360302,NA,2015,225.8870899500799
18097360302,NA,2016,404.48981514240063
18097360302,NA,2017,365.3204116673368
18097360302,NA,2018,501.31846747747414
18097360302,NA,2019,495.20409082275523
18097360302,NA,2020,379.45892878667144
18097360302,NA,2021,445.32708723743553
18097360302,NA,2022,527.3004683369569
18097360302,NA,2023,440.45303676735347
18097360401,NA,2015,210.732510936904
18097360401,NA,2016,460.5884259189134
18097360401,NA,2017,402.5331943815227
18097360401,NA,2018,625.5055194013861
18097360401,NA,2019,583.2862466968967
18097360401,NA,2020,425.0259683480421
18097360401,NA,2021,495.1965145116227
18097360401,NA,2022,630.4666210991021
18097360401,NA,2023,600.627909966938
18097360402,NA,2015,46.43948426452239
18097360402,NA,2016,113.31006516012755
18097360402,NA,2017,112.11493137390822
18097360402,NA,2018,146.03396644946625
18097360402,NA,2019,132.0907389435741
18097360402,NA,2020,105.34250658533205
18097360402,NA,2021,126.7980036046028
18097360402,NA,2022,142.50547622348537
18097360402,NA,2023,126.7410924719257
18097360405,NA,2015,213.74532418952617
18097360405,NA,2016,467.93461658354113
18097360405,NA,2017,408.84032107231917
18097360405,NA,2018,635.7875623441396
18097360405,NA,2019,592.6193890274315
18097360405,NA,2020,431.6817331670823
18097360405,NA,2021,502.93017456359104
18097360405,NA,2022,640.607309850374
18097360405,NA,2023,610.8506078553615
18097360406,NA,2015,114.48662137806738
18097360406,NA,2016,279.3417440732012
18097360406,NA,2017,276.3953971995009
18097360406,NA,2018,360.015527519756
18097360406,NA,2019,325.6414806599196
18097360406,NA,2020,259.69943158186607
18097360406,NA,2021,312.59337307638987
18097360406,NA,2022,351.3167891307362
18097360406,NA,2023,312.4530708443089
18097360407,NA,2015,72.91765577737343
18097360407,NA,2016,177.51689285900736
18097360407,NA,2017,175.24172269831453
18097360407,NA,2018,229.0270145549754
18097360407,NA,2019,207.29009584730812
18097360407,NA,2020,165.00962794732288
18097360407,NA,2021,198.4937330872182
18097360407,NA,2022,223.64334212472426
18097360407,NA,2023,199.2090022673111
18097360501,NA,2015,241.16895261845386
18097360501,NA,2016,527.9708541147132
18097360501,NA,2017,461.29473192019947
18097360501,NA,2018,717.3594139650872
18097360501,NA,2019,668.6527431421447
18097360501,NA,2020,487.0667082294264
18097360501,NA,2021,567.4563591022444
18097360501,NA,2022,722.7975374064838
18097360501,NA,2023,689.223036159601
18097360502,NA,2015,213.13483443517106
18097360502,NA,2016,463.37100451865916
18097360502,NA,2017,405.3317632719692
18097360502,NA,2018,628.2939329272072
18097360502,NA,2019,586.7129056844361
18097360502,NA,2020,427.99321003124436
18097360502,NA,2021,498.7215710034687
18097360502,NA,2022,633.9998622473358
18097360502,NA,2023,602.1719579949904
18097360601,NA,2015,385.9276642738818
18097360601,NA,2016,687.1253451131971
18097360601,NA,2017,623.7519602429596
18097360601,NA,2018,870.3974599668691
18097360601,NA,2019,864.013694091662
18097360601,NA,2020,659.384980673661
18097360601,NA,2021,772.5517393705135
18097360601,NA,2022,923.0925455549419
18097360601,NA,2023,763.9626725565985
18097360602,NA,2015,596.8843180563225
18097360602,NA,2016,1062.7233572611817
18097360602,NA,2017,964.708669243512
18097360602,NA,2018,1346.176090557703
18097360602,NA,2019,1336.3028161236887
18097360602,NA,2020,1019.8194919933738
18097360602,NA,2021,1194.8457205963557
18097360602,NA,2022,1427.675483158476
18097360602,NA,2023,1181.561678630591
18097360700,NA,2015,176.43981225842077
18097360700,NA,2016,314.1424627277747
18097360700,NA,2017,285.1691882937604
18097360700,NA,2018,397.93147432357813
18097360700,NA,2019,395.0129210381005
18097360700,NA,2020,301.4600220872446
18097360700,NA,2021,353.19801214798457
18097360700,NA,2022,422.0228050800663
18097360700,NA,2023,349.27123136388735
18097360800,NA,2015,282.19353948094977
18097360800,NA,2016,502.4318056322474
18097360800,NA,2017,456.09265599116515
18097360800,NA,2018,636.4419105466593
18097360800,NA,2019,631.774047487576
18097360800,NA,2020,482.1478188845942
18097360800,NA,2021,564.8963003865268
18097360800,NA,2022,674.9729983434567
18097360800,NA,2023,558.6159028161237
18097360900,NA,2015,666.5878171538722
18097360900,NA,2016,1235.114701206826
18097360900,NA,2017,1082.2292854713576
18097360900,NA,2018,1333.2819008536812
18097360900,NA,2019,1272.5247594799189
18097360900,NA,2020,1003.2806936500974
18097360900,NA,2021,1191.020544938268
18097360900,NA,2022,1322.6382586866825
18097360900,NA,2023,1179.3894318953746
18097361000,NA,2015,188.1902263942573
18097361000,NA,2016,335.0635008282717
18097361000,NA,2017,304.1606847045831
18097361000,NA,2018,424.4326339039205
18097361000,NA,2019,421.31971286581995
18097361000,NA,2020,321.53644395361675
18097361000,NA,2021,376.7200441744892
18097361000,NA,2022,450.1283821093318
18097361000,NA,2023,372.5317504141358
18097361100,NA,2015,334.45399586876016
18097361100,NA,2016,595.5076563633814
18097361100,NA,2017,540.5942800288233
18097361100,NA,2018,753.9196831969263
18097361100,NA,2019,748.4499825094463
18097361100,NA,2020,571.4202701965302
18097361100,NA,2021,669.3882477573062
18097361100,NA,2022,799.6048777865631
18097361100,NA,2023,661.9645448047273
18097361200,NA,2015,299.11580488306197
18097361200,NA,2016,532.1023485021062
18097361200,NA,2017,482.50628644558554
18097361200,NA,2018,670.2947901987935
18097361200,NA,2019,665.498715086763
18097361200,NA,2020,509.239276061936
18097361200,NA,2021,596.0744905882327
18097361200,NA,2022,711.641833736743
18097361200,NA,2023,589.9773336933083
18097361300,NA,2015,239.4146880176698
18097361300,NA,2016,426.26615129762564
18097361300,NA,2017,386.9517393705135
18097361300,NA,2018,539.9611264494754
18097361300,NA,2019,536.0008834897847
18097361300,NA,2020,409.057095527333
18097361300,NA,2021,479.26140254003315
18097361300,NA,2022,572.6511319712866
18097361300,NA,2023,473.9330756488128
18097361401,NA,2015,163.50006653916358
18097361401,NA,2016,331.9035756575475
18097361401,NA,2017,368.70450983622334
18097361401,NA,2018,490.6446227101504
18097361401,NA,2019,544.8128193245242
18097361401,NA,2020,451.45256924120537
18097361401,NA,2021,577.6746033744172
18097361401,NA,2022,738.4124986573241
18097361401,NA,2023,626.3696260970718
18097361402,NA,2015,613.1718709412454
18097361402,NA,2016,1069.1578030361923
18097361402,NA,2017,949.735340339664
18097361402,NA,2018,1111.5127518387249
18097361402,NA,2019,1124.7685026314691
18097361402,NA,2020,960.3377990138806
18097361402,NA,2021,1097.1713160426123
18097361402,NA,2022,1281.3320132529384
18097361402,NA,2023,1134.1937811769023
18097361601,NA,2015,167.33139243768352
18097361601,NA,2016,351.2922464594107
18097361601,NA,2017,352.7026216669209
18097361601,NA,2018,500.43406737937
18097361601,NA,2019,517.3084161266753
18097361601,NA,2020,408.5604372662565
18097361601,NA,2021,506.07066534902765
18097361601,NA,2022,646.1628852724846
18097361601,NA,2023,571.0058653805182
18097361602,NA,2015,107.04698472453485
18097361602,NA,2016,217.48555708390646
18097361602,NA,2017,241.8625932092956
18097361602,NA,2018,321.77687685513644
18097361602,NA,2019,357.49453413451096
18097361602,NA,2020,296.33996959386087
18097361602,NA,2021,379.32787953377255
18097361602,NA,2022,484.997031781655
18097361602,NA,2023,411.441974951133
18097370201,NA,2015,295.00009063234467
18097370201,NA,2016,576.6663467591585
18097370201,NA,2017,550.644859819731
18097370201,NA,2018,675.7399439521123
18097370201,NA,2019,733.3574860875026
18097370201,NA,2020,582.7298453175948
18097370201,NA,2021,685.9176257516574
18097370201,NA,2022,787.2243996111748
18097370201,NA,2023,794.7934437734426
18097370203,NA,2015,240.6619082282956
18097370203,NA,2016,487.81410953064625
18097370203,NA,2017,402.012149514087
18097370203,NA,2018,578.7664633413791
18097370203,NA,2019,549.9434398809613
18097370203,NA,2020,390.6911541101624
18097370203,NA,2021,443.2812467678789
18097370203,NA,2022,535.4487542425645
18097370203,NA,2023,487.4985494275618
18097370204,NA,2015,284.9720646381296
18097370204,NA,2016,556.983840467595
18097370204,NA,2017,532.1432869176551
18097370204,NA,2018,652.643115007736
18097370204,NA,2019,708.6500773594637
18097370204,NA,2020,563.309695719443
18097370204,NA,2021,663.1347773766546
18097370204,NA,2022,760.954100051573
18097370204,NA,2023,768.5142685232938
18097370303,NA,2015,20.51268674699111
18097370303,NA,2016,41.43704532426864
18097370303,NA,2017,34.667443000043114
18097370303,NA,2018,49.12360650378411
18097370303,NA,2019,47.30337369883951
18097370303,NA,2020,34.03306668872406
18097370303,NA,2021,38.791236376117176
18097370303,NA,2022,46.58635803291696
18097370303,NA,2023,42.93260597256405
18097370304,NA,2015,137.0088533608389
18097370304,NA,2016,267.7866597902699
18097370304,NA,2017,255.84381983840467
18097370304,NA,2018,313.7777204744714
18097370304,NA,2019,340.70474471376997
18097370304,NA,2020,270.82800412583805
18097370304,NA,2021,318.82190132370636
18097370304,NA,2022,365.85146982980916
18097370304,NA,2023,369.4862472064638
18097370305,NA,2015,207.65652398143374
18097370305,NA,2016,405.86900464156787
18097370305,NA,2017,387.7679216090769
18097370305,NA,2018,475.57503867973185
18097370305,NA,2019,516.3867973182054
18097370305,NA,2020,410.4785972150593
18097370305,NA,2021,483.22021660649824
18097370305,NA,2022,554.5002578648789
18097370305,NA,2023,560.009283135637
18097370306,NA,2015,331.6471548908372
18097370306,NA,2016,648.2112772906996
18097370306,NA,2017,619.302131682998
18097370306,NA,2018,759.5384218669417
18097370306,NA,2019,824.7186694172253
18097370306,NA,2020,655.5732336255802
18097370306,NA,2021,771.7484957882069
18097370306,NA,2022,885.5894791129448
18097370306,NA,2023,894.3879147326801
18097380101,NA,2015,215.91360045548362
18097380101,NA,2016,446.45164045263687
18097380101,NA,2017,448.6859298270586
18097380101,NA,2018,588.8368087680592
18097380101,NA,2019,685.520603515764
18097380101,NA,2020,501.9026403814675
18097380101,NA,2021,550.4476549711765
18097380101,NA,2022,795.8132517258558
18097380101,NA,2023,788.501031955021
18097380102,NA,2015,89.87573838160985
18097380102,NA,2016,185.8390150167248
18097380102,NA,2017,186.76905558323253
18097380102,NA,2018,245.10796384598962
18097380102,NA,2019,285.353355633051
18097380102,NA,2020,208.92093089459826
18097380102,NA,2021,229.12817593053876
18097380102,NA,2022,331.2635399615686
18097380102,NA,2023,328.219770834816
18097380103,NA,2015,276.7331472903935
18097380103,NA,2016,572.1307493981791
18097380103,NA,2017,574.4280393881787
18097380103,NA,2018,753.7215904947147
18097380103,NA,2019,877.2655205961787
18097380103,NA,2020,642.4388433299314
18097380103,NA,2021,704.397113093906
18097380103,NA,2022,1018.1913510209861
18097380103,NA,2023,1008.5606700040427
18097380200,NA,2015,199.78069572617179
18097380200,NA,2016,363.73923656441616
18097380200,NA,2017,325.2759201974577
18097380200,NA,2018,438.3262972384398
18097380200,NA,2019,452.45639303450474
18097380200,NA,2020,340.8444625944697
18097380200,NA,2021,388.98323090077093
18097380200,NA,2022,560.9284181022156
18097380200,NA,2023,464.73401384437943
18097380301,NA,2015,93.79151250869018
18097380301,NA,2016,163.50686259631135
18097380301,NA,2017,152.24553393388692
18097380301,NA,2018,210.86301318148867
18097380301,NA,2019,234.76859361204114
18097380301,NA,2020,188.74406458532238
18097380301,NA,2021,224.09861704428445
18097380301,NA,2022,342.5714036297842
18097380301,NA,2023,266.6941137388375
18097380302,NA,2015,169.97674441350358
18097380302,NA,2016,288.7670983443266
18097380302,NA,2017,261.4942666697896
18097380302,NA,2018,364.989861980311
18097380302,NA,2019,356.6952317054869
18097380302,NA,2020,267.0765594756848
18097380302,NA,2021,321.4435643296032
18097380302,NA,2022,472.15956583898793
18097380302,NA,2023,357.35140869794225
18097380402,NA,2015,113.87277461869586
18097380402,NA,2016,198.96689164053782
18097380402,NA,2017,187.35823988946166
18097380402,NA,2018,266.83700908752724
18097380402,NA,2019,300.6910772174098
18097380402,NA,2020,239.62416963384175
18097380402,NA,2021,286.382739012595
18097380402,NA,2022,449.8217569219323
18097380402,NA,2023,345.8298347239199
18097380403,NA,2015,1.889663534404365
18097380403,NA,2016,3.249772658381328
18097380403,NA,2017,2.8199454380115188
18097380403,NA,2018,3.1836920278872385
18097380403,NA,2019,3.1903607153682936
18097380403,NA,2020,2.7732646256441345
18097380403,NA,2021,3.1085177326462565
18097380403,NA,2022,3.5680509245225824
18097380403,NA,2023,3.2064261897544712
18097380404,NA,2015,84.30080422319605
18097380404,NA,2016,146.44125329105879
18097380404,NA,2017,136.82270503949087
18097380404,NA,2018,194.13235550623716
18097380404,NA,2019,213.08959631122897
18097380404,NA,2020,168.01034032575575
18097380404,NA,2021,201.040201542796
18097380404,NA,2022,312.4296109934882
18097380404,NA,2023,239.5871536378696
18097380501,NA,2015,135.28441410693972
18097380501,NA,2016,229.8094425483504
18097380501,NA,2017,208.14846416382252
18097380501,NA,2018,290.82764505119457
18097380501,NA,2019,284.1552901023891
18097380501,NA,2020,212.5967007963595
18097380501,NA,2021,255.967007963595
18097380501,NA,2022,376.35949943117186
18097380501,NA,2023,284.6387940841866
18097380502,NA,2015,206.5872582480091
18097380502,NA,2016,350.9325369738339
18097380502,NA,2017,317.85494880546077
18097380502,NA,2018,444.1109215017065
18097380502,NA,2019,433.921843003413
18097380502,NA,2020,324.64766780432313
18097380502,NA,2021,390.876678043231
18097380502,NA,2022,574.7230944254835
18097380502,NA,2023,434.66018202502846
18097380600,NA,2015,222.17162376711715
18097380600,NA,2016,389.3824808682882
18097380600,NA,2017,359.34199210433565
18097380600,NA,2018,496.3542125795766
18097380600,NA,2019,501.5302741378736
18097380600,NA,2020,373.5792781359049
18097380600,NA,2021,441.69681665902743
18097380600,NA,2022,647.4117959531299
18097380600,NA,2023,517.6878561916774
18097380700,NA,2015,243.74827893738956
18097380700,NA,2016,440.10541391189207
18097380700,NA,2017,413.10977222662547
18097380700,NA,2018,564.7557916152836
18097380700,NA,2019,587.8220380024693
18097380700,NA,2020,436.20056870676456
18097380700,NA,2021,507.58439320955705
18097380700,NA,2022,741.899151514445
18097380700,NA,2023,622.1062138258088
18097380800,NA,2015,139.5286310200986
18097380800,NA,2016,237.01915054986728
18097380800,NA,2017,214.67861205915813
18097380800,NA,2018,299.95164960182024
18097380800,NA,2019,293.06996587030716
18097380800,NA,2020,219.2664012135002
18097380800,NA,2021,263.99734546833525
18097380800,NA,2022,388.1668562760713
18097380800,NA,2023,293.5686386044748
18097380901,NA,2015,228.1823515753965
18097380901,NA,2016,391.4371197979767
18097380901,NA,2017,359.4786765446949
18097380901,NA,2018,505.76272602359
18097380901,NA,2019,521.7804147582037
18097380901,NA,2020,400.5072907793683
18097380901,NA,2021,480.74332638679925
18097380901,NA,2022,726.7161855694557
18097380901,NA,2023,553.5031275344273
18097380902,NA,2015,316.6245947813148
18097380902,NA,2016,553.2297922091726
18097380902,NA,2017,520.9517989052453
18097380902,NA,2018,741.9434553860871
18097380902,NA,2019,836.0750916724238
18097380902,NA,2020,666.2778338736249
18097380902,NA,2021,796.2905882978158
18097380902,NA,2022,1250.7347079768294
18097380902,NA,2023,961.5839400542063
18097381002,NA,2015,183.19283102373126
18097381002,NA,2016,324.7599776500832
18097381002,NA,2017,301.69562512767357
18097381002,NA,2018,415.0495967517645
18097381002,NA,2019,424.2917776612403
18097381002,NA,2020,315.572317939144
18097381002,NA,2021,370.78089770330394
18097381002,NA,2022,542.8707138605837
18097381002,NA,2023,442.3513603823678
18097381003,NA,2015,167.1160409556314
18097381003,NA,2016,283.88225255972696
18097381003,NA,2017,257.1245733788396
18097381003,NA,2018,359.25767918088735
18097381003,NA,2019,351.01535836177476
18097381003,NA,2020,262.6194539249147
18097381003,NA,2021,316.19453924914677
18097381003,NA,2022,464.9146757679181
18097381003,NA,2023,351.6126279863481
18097381004,NA,2015,185.36617368221465
18097381004,NA,2016,314.8839969662495
18097381004,NA,2017,285.2042093287827
18097381004,NA,2018,398.49089874857793
18097381004,NA,2019,389.3484641638225
18097381004,NA,2020,291.29916571861963
18097381004,NA,2021,350.72499051952974
18097381004,NA,2022,515.6863102009859
18097381004,NA,2023,390.0109594235874
18097381101,NA,2015,244.5636530416973
18097381101,NA,2016,448.33026909907557
18097381101,NA,2017,424.3635921523972
18097381101,NA,2018,577.2114321637843
18097381101,NA,2019,609.4513913600456
18097381101,NA,2020,451.44011497797703
18097381101,NA,2021,521.3105986920662
18097381101,NA,2022,760.9195707699729
18097381101,NA,2023,652.5125337065768
18097381102,NA,2015,224.7343304162012
18097381102,NA,2016,433.79728493528654
18097381102,NA,2017,421.8522174098597
18097381102,NA,2018,564.5511619908267
18097381102,NA,2019,623.5681200104058
18097381102,NA,2020,459.3617053640691
18097381102,NA,2021,517.9059156433952
18097381102,NA,2022,752.6604155235248
18097381102,NA,2023,691.1257394220258
18097381203,NA,2015,116.0793325748957
18097381203,NA,2016,197.1855138414865
18097381203,NA,2017,178.59954493742887
18097381203,NA,2018,249.54152445961316
18097381203,NA,2019,243.8163822525597
18097381203,NA,2020,182.41630640879785
18097381203,NA,2021,219.6297307546454
18097381203,NA,2022,322.93120970800146
18097381203,NA,2023,244.2312476298824
18097381204,NA,2015,210.51315889268105
18097381204,NA,2016,357.60151687523694
18097381204,NA,2017,323.8953356086462
18097381204,NA,2018,452.5506257110352
18097381204,NA,2019,442.1679180887371
18097381204,NA,2020,330.8171406901782
18097381204,NA,2021,398.3047402351156
18097381204,NA,2022,585.6448995070155
18097381204,NA,2023,442.92028820629497
18097381205,NA,2015,311.2740597224582
18097381205,NA,2016,533.7562752933877
18097381205,NA,2017,489.8953913215865
18097381205,NA,2018,689.0528823420692
18097381205,NA,2019,709.3249016347681
18097381205,NA,2020,543.9239971202184
18097381205,NA,2021,652.9676642457081
18097381205,NA,2022,986.0271049047158
18097381205,NA,2023,750.8104609192314
18097381206,NA,2015,220.03123823780035
18097381206,NA,2016,373.99334485698625
18097381206,NA,2017,338.8663502668525
18097381206,NA,2018,473.3615939464468
18097381206,NA,2019,462.8103086197695
18097381206,NA,2020,346.2303865216928
18097381206,NA,2021,416.71139967473704
18097381206,NA,2022,612.6710797901366
18097381206,NA,2023,463.88319584593603
18097381207,NA,2015,85.86613052451783
18097381207,NA,2016,177.5482172087396
18097381207,NA,2017,178.43676606647213
18097381207,NA,2018,234.1730125969682
18097381207,NA,2019,272.622944986122
18097381207,NA,2020,199.6003843142837
18097381207,NA,2021,218.90612767774536
18097381207,NA,2022,316.4849476905558
18097381207,NA,2023,313.5769696107039
18097390102,NA,2015,499.3339433525143
18097390102,NA,2016,860.7153917292632
18097390102,NA,2017,756.1674138428384
18097390102,NA,2018,888.6565882804503
18097390102,NA,2019,911.5568622126498
18097390102,NA,2020,778.6360761123087
18097390102,NA,2021,884.005415172031
18097390102,NA,2022,1091.2119478204825
18097390102,NA,2023,943.7130558210803
18097390103,NA,2015,223.92749029365316
18097390103,NA,2016,391.59550351391715
18097390103,NA,2017,359.2453341054974
18097390103,NA,2018,462.60283214827047
18097390103,NA,2019,498.50378692640675
18097390103,NA,2020,411.40976266222214
18097390103,NA,2021,482.84005834993496
18097390103,NA,2022,672.977391496004
18097390103,NA,2023,547.4473224908552
18097390104,NA,2015,226.31510701542035
18097390104,NA,2016,456.5587564986764
18097390104,NA,2017,503.36505356141987
18097390104,NA,2018,666.5588835804414
18097390104,NA,2019,738.6408085924566
18097390104,NA,2020,612.9933449292062
18097390104,NA,2021,782.230200168373
18097390104,NA,2022,997.9003967865322
18097390104,NA,2023,847.545283955327
18097390200,NA,2015,208.75624411786
18097390200,NA,2016,424.12654745529574
18097390200,NA,2017,471.66509809599654
18097390200,NA,2018,627.5088684572504
18097390200,NA,2019,697.1631796134077
18097390200,NA,2020,577.9034243104322
18097390200,NA,2021,739.7411858394266
18097390200,NA,2022,945.8104683993339
18097390200,NA,2023,802.3680590747846
18097390300,NA,2015,74.65503511185115
18097390300,NA,2016,151.67537826685006
18097390300,NA,2017,168.6760298269746
18097390300,NA,2018,224.40860059364365
18097390300,NA,2019,249.3182509230435
18097390300,NA,2020,206.66879027003546
18097390300,NA,2021,264.54492145080724
18097390300,NA,2022,338.2390501701296
18097390300,NA,2023,286.94143198436257
18097390405,NA,2015,283.56114152096507
18097390405,NA,2016,495.45889355370144
18097390405,NA,2017,466.55152255938776
18097390405,NA,2018,664.466174204177
18097390405,NA,2019,748.7681351968964
18097390405,NA,2020,596.7019184779721
18097390405,NA,2021,713.1381197853005
18097390405,NA,2022,1120.1270128075676
18097390405,NA,2023,861.1707498538556
18097390406,NA,2015,96.95649026279592
18097390406,NA,2016,196.98486932599724
18097390406,NA,2017,219.0640700789112
18097390406,NA,2018,291.44544993846375
18097390406,NA,2019,323.7962788677333
18097390406,NA,2020,268.4062839354232
18097390406,NA,2021,343.57156302034315
18097390406,NA,2022,439.28009845797436
18097390406,NA,2023,372.6585100991819
18097390408,NA,2015,226.42035346435577
18097390408,NA,2016,395.8470585328509
18097390408,NA,2017,373.030006749674
18097390408,NA,2018,531.1016784326235
18097390408,NA,2019,598.4450873373463
18097390408,NA,2020,476.99377674727646
18097390408,NA,2021,570.2600364787951
18097390408,NA,2022,894.8755961799378
18097390408,NA,2023,688.283814835687
18097390409,NA,2015,334.108997183398
18097390409,NA,2016,583.7798267524048
18097390409,NA,2017,549.7194026678004
18097390409,NA,2018,782.9144922144869
18097390409,NA,2019,882.2441940798215
18097390409,NA,2020,703.0705213370888
18097390409,NA,2021,840.2627411383323
18097390409,NA,2022,1319.801828134134
18097390409,NA,2023,1014.6837965669341
18097390410,NA,2015,116.89892118828719
18097390410,NA,2016,204.25439761917417
18097390410,NA,2017,192.3372482329808
18097390410,NA,2018,273.928150077058
18097390410,NA,2019,308.68188340330556
18097390410,NA,2020,245.99213477174897
18097390410,NA,2021,293.9933039272998
18097390410,NA,2022,461.77568156454277
18097390410,NA,2023,355.02019450496897
18097390411,NA,2015,211.15778285592813
18097390411,NA,2016,368.9504171759579
18097390411,NA,2017,347.42413774778123
18097390411,NA,2018,494.8040601583674
18097390411,NA,2019,557.5806983047245
18097390411,NA,2020,444.3424562895254
18097390411,NA,2021,531.048307381623
18097390411,NA,2022,834.1182972843706
18097390411,NA,2023,641.2828824998671
18097390500,NA,2015,377.0962286740497
18097390500,NA,2016,622.6956001197246
18097390500,NA,2017,607.3798263992817
18097390500,NA,2018,707.5887458844658
18097390500,NA,2019,721.8105357677342
18097390500,NA,2020,596.9869799461239
18097390500,NA,2021,651.248578269979
18097390500,NA,2022,701.7906315474409
18097390500,NA,2023,762.616132894343
18097390601,NA,2015,96.35874017230827
18097390601,NA,2016,195.6183324702227
18097390601,NA,2017,179.47445977119722
18097390601,NA,2018,221.34762958429454
18097390601,NA,2019,204.74130219857824
18097390601,NA,2020,165.13836448378137
18097390601,NA,2021,184.35125464902782
18097390601,NA,2022,232.02612871333744
18097390601,NA,2023,203.81639282519657
18097390602,NA,2015,50.7860120013089
18097390602,NA,2016,103.10524970076534
18097390602,NA,2017,94.60866463782429
18097390602,NA,2018,116.72452208211385
18097390602,NA,2019,107.97171199353043
18097390602,NA,2020,87.0487181093498
18097390602,NA,2021,97.16076556474269
18097390602,NA,2022,122.32891629054207
18097390602,NA,2023,107.44614905741106
18097390700,NA,2015,500.25594334850786
18097390700,NA,2016,820.7698533131007
18097390700,NA,2017,783.7794638340921
18097390700,NA,2018,861.8239757207891
18097390700,NA,2019,854.3216995447649
18097390700,NA,2020,681.9777440566515
18097390700,NA,2021,824.4167931208904
18097390700,NA,2022,918.0910470409713
18097390700,NA,2023,807.7450682852808
18097390801,NA,2015,0.16250465896384642
18097390801,NA,2016,0.32940737979873275
18097390801,NA,2017,0.27141259783824073
18097390801,NA,2018,0.390831159150205
18097390801,NA,2019,0.3713007827059262
18097390801,NA,2020,0.26373462541930676
18097390801,NA,2021,0.299217294073798
18097390801,NA,2022,0.36146105106224374
18097390801,NA,2023,0.3290346626910175
18097390802,NA,2015,336.0301235771539
18097390802,NA,2016,673.0697766023231
18097390802,NA,2017,583.2061864888799
18097390802,NA,2018,795.3684762828706
18097390802,NA,2019,790.2810545722048
18097390802,NA,2020,584.7839856971973
18097390802,NA,2021,672.8612606987975
18097390802,NA,2022,797.1379348166026
18097390802,NA,2023,755.281344787929
18097390900,NA,2015,286.47620228061476
18097390900,NA,2016,528.076351016361
18097390900,NA,2017,525.9890927119484
18097390900,NA,2018,679.1416707982152
18097390900,NA,2019,686.1861675756073
18097390900,NA,2020,520.3795860188399
18097390900,NA,2021,615.6107461576598
18097390900,NA,2022,773.7205627169062
18097390900,NA,2023,724.9308998512643
18097391001,NA,2015,261.78509724879035
18097391001,NA,2016,495.3304615779539
18097391001,NA,2017,466.77477997644377
18097391001,NA,2018,602.0079543047383
18097391001,NA,2019,628.1664462065164
18097391001,NA,2020,466.79961902400606
18097391001,NA,2021,532.7632834522148
18097391001,NA,2022,722.7278532885774
18097391001,NA,2023,703.6589517509716
18097391002,NA,2015,392.87118472683755
18097391002,NA,2016,711.9002429477149
18097391002,NA,2017,761.2745394486959
18097391002,NA,2018,1035.9737612735623
18097391002,NA,2019,1130.1248471871336
18097391002,NA,2020,684.9619204965882
18097391002,NA,2021,847.759457802655
18097391002,NA,2022,1540.3455353583797
18097391002,NA,2023,1847.9867378459328
