GEOID,year,zhvi_avg_weighted
18011810605,2015,115207.83816666667
18011810605,2016,121420.51963333333
18011810605,2017,129859.31399166667
18011810605,2018,140764.43826666666
18011810605,2019,152505.01014166666
18011810605,2020,164908.19486666666
18011810605,2021,193778.387475
18011810605,2022,228090.73065833334
18011810605,2023,235214.31639166665
18057110805,2015,178643.61975
18057110805,2016,185453.44285833332
18057110805,2017,197683.83703333334
18057110805,2018,212719.56846666668
18057110805,2019,224514.97631666667
18057110805,2020,238943.44776666665
18057110805,2021,274843.036725
18057110805,2022,313981.685525
18057110805,2023,318192.01886666665
18057110807,2015,178643.61975
18057110807,2016,185453.44285833332
18057110807,2017,197683.83703333334
18057110807,2018,212719.56846666668
18057110807,2019,224514.97631666667
18057110807,2020,238943.44776666665
18057110807,2021,274843.036725
18057110807,2022,313981.685525
18057110807,2023,318192.01886666665
18057110810,2015,178643.61975000004
18057110810,2016,185453.44285833332
18057110810,2017,197683.83703333334
18057110810,2018,212719.56846666668
18057110810,2019,224514.97631666667
18057110810,2020,238943.44776666665
18057110810,2021,274843.036725
18057110810,2022,313981.685525
18057110810,2023,318192.01886666665
18057110813,2015,178643.61975
18057110813,2016,185453.44285833332
18057110813,2017,197683.83703333334
18057110813,2018,212719.56846666668
18057110813,2019,224514.97631666667
18057110813,2020,238943.44776666665
18057110813,2021,274843.036725
18057110813,2022,313981.685525
18057110813,2023,318192.0188666667
18057110822,2015,178643.61975
18057110822,2016,185453.44285833332
18057110822,2017,197683.83703333334
18057110822,2018,212719.56846666668
18057110822,2019,224514.97631666667
18057110822,2020,238943.44776666665
18057110822,2021,274843.036725
18057110822,2022,313981.685525
18057110822,2023,318192.01886666665
18057111006,2015,157236.6096
18057111006,2016,166835.80404166668
18057111006,2017,176980.04979166668
18057111006,2018,190577.996625
18057111006,2019,201082.11748333334
18057111006,2020,215389.70645
18057111006,2021,246181.45106666666
18057111006,2022,283236.707275
18057111006,2023,299931.0927166667
18057111101,2015,157236.6096
18057111101,2016,166835.80404166668
18057111101,2017,176980.04979166668
18057111101,2018,190577.996625
18057111101,2019,201082.11748333334
18057111101,2020,215389.70644999997
18057111101,2021,246181.45106666666
18057111101,2022,283236.707275
18057111101,2023,299931.0927166667
18057111103,2015,136504.7450240211
18057111103,2016,143072.4962023626
18057111103,2017,152305.83440111886
18057111103,2018,163804.61297820357
18057111103,2019,174641.11738095587
18057111103,2020,189478.0862125866
18057111103,2021,219955.0212906114
18057111103,2022,253033.34896919885
18057111103,2023,259869.55733918562
18057111104,2015,157236.6096
18057111104,2016,166835.80404166668
18057111104,2017,176980.04979166668
18057111104,2018,190577.996625
18057111104,2019,201082.11748333334
18057111104,2020,215389.70645
18057111104,2021,246181.45106666666
18057111104,2022,283236.707275
18057111104,2023,299931.0927166667
18059410801,2015,96315.69182395702
18059410801,2016,101810.77134230672
18059410801,2017,110696.45653409476
18059410801,2018,122094.0347258756
18059410801,2019,132817.14534958813
18059410801,2020,143893.6214090659
18059410801,2021,169797.79156276886
18059410801,2022,198641.3160944825
18059410801,2023,204998.5143112885
18059410802,2015,143836.608125
18059410802,2016,151646.2915
18059410802,2017,162296.837775
18059410802,2018,175020.48475
18059410802,2019,185764.93986666665
18059410802,2020,200063.27285
18059410802,2021,238133.75994166665
18059410802,2022,278156.27324999997
18059410802,2023,277798.65036666667
18059410901,2015,95732.36281611866
18059410901,2016,101239.36730626522
18059410901,2017,110041.56393636121
18059410901,2018,121515.81785581572
18059410901,2019,132273.2389765726
18059410901,2020,143335.94016756787
18059410901,2021,169218.66099520598
18059410901,2022,198164.0608101196
18059410901,2023,204459.77593938232
18059410902,2015,96104.4670475
18059410902,2016,101589.25842916667
18059410902,2017,110467.099025
18059410902,2018,121858.783
18059410902,2019,132581.79875
18059410902,2020,143643.95404166667
18059410902,2021,169494.046375
18059410902,2022,198287.88164166667
18059410902,2023,204674.92643333334
18063210106,2015,227560.33515457192
18063210106,2016,234391.49559510563
18063210106,2017,246082.5082817194
18063210106,2018,260781.2302878254
18063210106,2019,273245.5188550851
18063210106,2020,291574.20295108
18063210106,2021,336353.516684068
18063210106,2022,383267.47913321434
18063210106,2023,392408.5198321394
18063210107,2015,228820.49659999998
18063210107,2016,235642.5755
18063210107,2017,247370.71655000004
18063210107,2018,262092.05987499998
18063210107,2019,274565.80761666666
18063210107,2020,292946.1709833333
18063210107,2021,337888.13875
18063210107,2022,384955.559975
18063210107,2023,394134.44823333336
18063210108,2015,135421.21570833333
18063210108,2016,142916.39039166667
18063210108,2017,151892.691625
18063210108,2018,164937.41254166665
18063210108,2019,176710.07544166668
18063210108,2020,191260.13060833333
18063210108,2021,224146.68290833334
18063210108,2022,259840.212825
18063210108,2023,266213.956675
18063210109,2015,135421.21570833333
18063210109,2016,142916.39039166667
18063210109,2017,151892.691625
18063210109,2018,164937.41254166665
18063210109,2019,176710.07544166668
18063210109,2020,191260.13060833336
18063210109,2021,224146.68290833334
18063210109,2022,259840.212825
18063210109,2023,266213.956675
18063210607,2015,119743.915025
18063210607,2016,125458.43864166667
18063210607,2017,134002.53846666668
18063210607,2018,144880.38763333333
18063210607,2019,156545.663825
18063210607,2020,170556.576225
18063210607,2021,201566.92879166664
18063210607,2022,237488.67648333337
18063210607,2023,244759.55299166666
18063210608,2015,119743.915025
18063210608,2016,125458.43864166667
18063210608,2017,134002.53846666668
18063210608,2018,144880.38763333333
18063210608,2019,156545.663825
18063210608,2020,170556.576225
18063210608,2021,201566.92879166667
18063210608,2022,237488.67648333334
18063210608,2023,244759.55299166666
18063210611,2015,135421.21570833333
18063210611,2016,142916.39039166667
18063210611,2017,151892.691625
18063210611,2018,164937.41254166665
18063210611,2019,176710.07544166668
18063210611,2020,191260.13060833333
18063210611,2021,224146.68290833334
18063210611,2022,259840.21282500002
18063210611,2023,266213.956675
18063210614,2015,119743.91502499998
18063210614,2016,125458.43864166667
18063210614,2017,134002.53846666668
18063210614,2018,144880.38763333333
18063210614,2019,156545.663825
18063210614,2020,170556.576225
18063210614,2021,201566.92879166667
18063210614,2022,237488.67648333331
18063210614,2023,244759.55299166666
18063210616,2015,135421.21570833333
18063210616,2016,142916.39039166667
18063210616,2017,151892.691625
18063210616,2018,164937.41254166665
18063210616,2019,176710.07544166668
18063210616,2020,191260.13060833333
18063210616,2021,224146.68290833334
18063210616,2022,259840.212825
18063210616,2023,266213.956675
18063210617,2015,135421.21570833333
18063210617,2016,142916.39039166667
18063210617,2017,151892.691625
18063210617,2018,164937.41254166668
18063210617,2019,176710.07544166665
18063210617,2020,191260.1306083333
18063210617,2021,224146.68290833334
18063210617,2022,259840.21282500002
18063210617,2023,266213.956675
18097310104,2015,115207.83816666668
18097310104,2016,121420.51963333333
18097310104,2017,129859.31399166668
18097310104,2018,140764.43826666666
18097310104,2019,152505.01014166666
18097310104,2020,164908.19486666666
18097310104,2021,193778.387475
18097310104,2022,228090.7306583333
18097310104,2023,235214.31639166665
18097310105,2015,155455.43020336123
18097310105,2016,161883.99236169748
18097310105,2017,171488.0466966833
18097310105,2018,183745.0769086189
18097310105,2019,195745.3783206235
18097310105,2020,210265.99477213665
18097310105,2021,244829.6572701623
18097310105,2022,283660.5214043845
18097310105,2023,291512.2036251945
18097310106,2015,120336.57304844595
18097310106,2016,126634.76263269642
18097310106,2017,135264.89955250002
18097310106,2018,146312.98804043545
18097310106,2019,157835.8418021218
18097310106,2020,170825.13198957243
18097310106,2021,200082.26135851318
18097310106,2022,234097.42812997426
18097310106,2023,241151.8074608238
18097310108,2015,119107.92004802512
18097310108,2016,125530.27874191555
18097310108,2017,134145.34875711243
18097310108,2018,146286.91843218636
18097310108,2019,158099.46790201677
18097310108,2020,171608.1673777529
18097310108,2021,201504.5962839283
18097310108,2022,234306.27454707347
18097310108,2023,241217.38367081553
18097310110,2015,95992.61305916667
18097310110,2016,100894.83312166667
18097310110,2017,108998.05251666668
18097310110,2018,119859.89192500002
18097310110,2019,131728.95911666667
18097310110,2020,143762.09798333334
18097310110,2021,169421.63805833334
18097310110,2022,198125.67473333335
18097310110,2023,205798.2096
18097310111,2015,95992.61305916666
18097310111,2016,100894.83312166667
18097310111,2017,108998.05251666666
18097310111,2018,119859.89192500002
18097310111,2019,131728.95911666667
18097310111,2020,143762.09798333334
18097310111,2021,169421.63805833334
18097310111,2022,198125.67473333335
18097310111,2023,205798.2096
18097310112,2015,228820.49659999995
18097310112,2016,235642.57550000004
18097310112,2017,247370.71655
18097310112,2018,262092.059875
18097310112,2019,274565.80761666666
18097310112,2020,292946.1709833333
18097310112,2021,337888.13875
18097310112,2022,384955.559975
18097310112,2023,394134.44823333336
18097310113,2015,228762.35437021212
18097310113,2016,235584.8522808226
18097310113,2017,247311.28027584584
18097310113,2018,262031.57988226035
18097310113,2019,274504.89118977485
18097310113,2020,292882.8701413005
18097310113,2021,337817.33325986326
18097310113,2022,384877.6740941395
18097310113,2023,394054.81611471577
18097310201,2015,115207.83816666667
18097310201,2016,121420.51963333332
18097310201,2017,129859.31399166667
18097310201,2018,140764.43826666666
18097310201,2019,152505.01014166666
18097310201,2020,164908.19486666666
18097310201,2021,193778.387475
18097310201,2022,228090.73065833334
18097310201,2023,235214.31639166665
18097310203,2015,150697.0160495552
18097310203,2016,157100.05494831764
18097310203,2017,166566.34229439363
18097310203,2018,178663.53863753373
18097310203,2019,190633.13260488128
18097310203,2020,204903.4081890956
18097310203,2021,238793.9400391391
18097310203,2022,277090.58602616447
18097310203,2023,284856.18646031286
18097310204,2015,116343.46807832306
18097310204,2016,122575.08317643215
18097310204,2017,131056.2455536215
18097310204,2018,141993.0256736297
18097310204,2019,153685.38932428442
18097310204,2020,166218.3524273614
18097310204,2021,195174.22249210338
18097310204,2022,229420.76340057945
18097310204,2023,236529.0251090703
18097310305,2015,95992.61305916667
18097310305,2016,100894.83312166667
18097310305,2017,108998.05251666666
18097310305,2018,119859.891925
18097310305,2019,131728.95911666667
18097310305,2020,143762.09798333334
18097310305,2021,169421.63805833334
18097310305,2022,198125.67473333332
18097310305,2023,205798.20960000003
18097310306,2015,95992.61305916667
18097310306,2016,100894.83312166667
18097310306,2017,108998.05251666666
18097310306,2018,119859.89192500002
18097310306,2019,131728.95911666667
18097310306,2020,143762.09798333334
18097310306,2021,169421.63805833334
18097310306,2022,198125.67473333335
18097310306,2023,205798.2096
18097310308,2015,118322.1017006738
18097310308,2016,124472.23219320136
18097310308,2017,134094.43484752992
18097310308,2018,146238.3607205286
18097310308,2019,157534.14951020927
18097310308,2020,170336.21167600632
18097310308,2021,201169.96138966997
18097310308,2022,233071.7054115815
18097310308,2023,239991.097345977
18097310309,2015,95992.61305916667
18097310309,2016,100894.83312166667
18097310309,2017,108998.05251666668
18097310309,2018,119859.891925
18097310309,2019,131728.95911666667
18097310309,2020,143762.09798333334
18097310309,2021,169421.63805833337
18097310309,2022,198125.67473333335
18097310309,2023,205798.2096
18097310310,2015,95992.61305916667
18097310310,2016,100894.83312166667
18097310310,2017,108998.05251666666
18097310310,2018,119859.891925
18097310310,2019,131728.95911666667
18097310310,2020,143762.09798333334
18097310310,2021,169421.63805833334
18097310310,2022,198125.67473333335
18097310310,2023,205798.2096
18097310311,2015,123076.41092728362
18097310311,2016,129492.24173058472
18097310311,2017,139437.86048462044
18097310311,2018,151854.76329883482
18097310311,2019,163028.4918461277
18097310311,2020,175994.27021672917
18097310311,2021,207929.692835691
18097310311,2022,240512.2804625546
18097310311,2023,247271.31608743762
18097310312,2015,95992.61305916666
18097310312,2016,100894.83312166667
18097310312,2017,108998.05251666666
18097310312,2018,119859.89192500002
18097310312,2019,131728.95911666667
18097310312,2020,143762.09798333334
18097310312,2021,169421.63805833334
18097310312,2022,198125.67473333335
18097310312,2023,205798.2096
18097320105,2015,161009.02971666667
18097320105,2016,167985.32516666668
18097320105,2017,178132.86788333333
18097320105,2018,190314.706875
18097320105,2019,200110.98854166665
18097320105,2020,217748.27664166666
18097320105,2021,250073.93440833333
18097320105,2022,281732.40015833336
18097320105,2023,288237.951275
18097320106,2015,161009.02971666667
18097320106,2016,167985.32516666668
18097320106,2017,178132.86788333333
18097320106,2018,190314.706875
18097320106,2019,200110.98854166665
18097320106,2020,217748.27664166666
18097320106,2021,250073.93440833333
18097320106,2022,281732.40015833336
18097320106,2023,288237.951275
18097320107,2015,161009.02971666667
18097320107,2016,167985.32516666668
18097320107,2017,178132.86788333333
18097320107,2018,190314.706875
18097320107,2019,200110.98854166665
18097320107,2020,217748.27664166666
18097320107,2021,250073.93440833333
18097320107,2022,281732.40015833336
18097320107,2023,288237.951275
18097320108,2015,161009.02971666667
18097320108,2016,167985.32516666668
18097320108,2017,178132.86788333333
18097320108,2018,190314.70687500003
18097320108,2019,200110.98854166668
18097320108,2020,217748.27664166663
18097320108,2021,250073.93440833333
18097320108,2022,281732.40015833336
18097320108,2023,288237.951275
18097320109,2015,161009.02971666667
18097320109,2016,167985.32516666668
18097320109,2017,178132.86788333333
18097320109,2018,190314.706875
18097320109,2019,200110.98854166665
18097320109,2020,217748.27664166666
18097320109,2021,250073.93440833336
18097320109,2022,281732.40015833336
18097320109,2023,288237.951275
18097320202,2015,187921.6862
18097320202,2016,194918.38994166668
18097320202,2017,208404.9739166667
18097320202,2018,222197.39515
18097320202,2019,234107.307275
18097320202,2020,250932.46848333333
18097320202,2021,288538.1734833333
18097320202,2022,321723.1966
18097320202,2023,324987.68326666666
18097320206,2015,157236.6096
18097320206,2016,166835.80404166668
18097320206,2017,176980.04979166668
18097320206,2018,190577.996625
18097320206,2019,201082.11748333334
18097320206,2020,215389.70645
18097320206,2021,246181.45106666666
18097320206,2022,283236.707275
18097320206,2023,299931.0927166667
18097320301,2015,187921.6862
18097320301,2016,194918.38994166668
18097320301,2017,208404.97391666667
18097320301,2018,222197.39515
18097320301,2019,234107.307275
18097320301,2020,250932.46848333333
18097320301,2021,288538.1734833333
18097320301,2022,321723.1966
18097320301,2023,324987.68326666666
18097320305,2015,187921.6862
18097320305,2016,194918.38994166668
18097320305,2017,208404.97391666667
18097320305,2018,222197.39515
18097320305,2019,234107.307275
18097320305,2020,250932.46848333333
18097320305,2021,288538.1734833333
18097320305,2022,321723.1966000001
18097320305,2023,324987.68326666666
18097320306,2015,187921.6862
18097320306,2016,194918.38994166668
18097320306,2017,208404.97391666667
18097320306,2018,222197.39515
18097320306,2019,234107.30727500003
18097320306,2020,250932.46848333336
18097320306,2021,288538.1734833333
18097320306,2022,321723.1966
18097320306,2023,324987.6832666666
18097320400,2015,187921.6862
18097320400,2016,194918.38994166668
18097320400,2017,208404.97391666667
18097320400,2018,222197.39515
18097320400,2019,234107.30727500003
18097320400,2020,250932.46848333333
18097320400,2021,288538.1734833333
18097320400,2022,321723.1966
18097320400,2023,324987.68326666666
18097320500,2015,187921.6862
18097320500,2016,194918.38994166668
18097320500,2017,208404.9739166667
18097320500,2018,222197.39515
18097320500,2019,234107.30727500003
18097320500,2020,250932.46848333333
18097320500,2021,288538.1734833333
18097320500,2022,321723.1966
18097320500,2023,324987.68326666666
18097320600,2015,187921.6862
18097320600,2016,194918.38994166668
18097320600,2017,208404.97391666667
18097320600,2018,222197.39515
18097320600,2019,234107.30727499997
18097320600,2020,250932.46848333333
18097320600,2021,288538.1734833333
18097320600,2022,321723.1966
18097320600,2023,324987.68326666666
18097320700,2015,187901.66147002138
18097320700,2016,194898.35002661965
18097320700,2017,208382.44954232345
18097320700,2018,222173.67239992166
18097320700,2019,234082.0118492837
18097320700,2020,250907.77733173335
18097320700,2021,288509.553640406
18097320700,2022,321693.44090119447
18097320700,2023,324960.3391261737
18097320800,2015,163374.33097760344
18097320800,2016,170352.42007283663
18097320800,2017,180793.42465951774
18097320800,2018,193116.8146054507
18097320800,2019,203098.85915997444
18097320800,2020,220664.77100018048
18097320800,2021,253454.48189317243
18097320800,2022,285247.11381389236
18097320800,2023,291467.81405249314
18097320901,2015,161009.02971666667
18097320901,2016,167985.32516666668
18097320901,2017,178132.86788333333
18097320901,2018,190314.706875
18097320901,2019,200110.98854166665
18097320901,2020,217748.27664166663
18097320901,2021,250073.93440833333
18097320901,2022,281732.40015833336
18097320901,2023,288237.951275
18097320902,2015,161009.02971666667
18097320902,2016,167985.32516666668
18097320902,2017,178132.86788333333
18097320902,2018,190314.706875
18097320902,2019,200110.98854166665
18097320902,2020,217748.27664166666
18097320902,2021,250073.93440833333
18097320902,2022,281732.40015833336
18097320902,2023,288237.951275
18097320903,2015,160894.02665995018
18097320903,2016,167868.4047375137
18097320903,2017,178011.65692640765
18097320903,2018,190190.29019154183
18097320903,2019,199991.45381235715
18097320903,2020,217615.59950564406
18097320903,2021,249932.5808811048
18097320903,2022,281597.71030090586
18097320903,2023,288104.8132520919
18097321001,2015,127221.36059375203
18097321001,2016,133848.0402542359
18097321001,2017,144034.63112747364
18097321001,2018,156647.41895316052
18097321001,2019,167711.46240700406
18097321001,2020,180866.3763562788
18097321001,2021,213632.7434371195
18097321001,2022,246737.31236882188
18097321001,2023,253371.9995315769
18097321002,2015,126795.58834481006
18097321002,2016,133419.10160965033
18097321002,2017,143617.67754099416
18097321002,2018,156249.11461841463
18097321002,2019,167328.0538533703
18097321002,2020,180423.31803851583
18097321002,2021,213223.30846322124
18097321002,2022,246338.30435511284
18097321002,2023,252970.61403750966
18097321100,2015,121765.63654501547
18097321100,2016,127932.43904248897
18097321100,2017,137626.23011881887
18097321100,2018,150314.0391245018
18097321100,2019,161840.8796858982
18097321100,2020,175660.23418479788
18097321100,2021,208154.25801995402
18097321100,2022,240073.2756228832
18097321100,2023,246303.71282762033
18097321200,2015,169359.49025462708
18097321200,2016,175687.62083156957
18097321200,2017,187988.9597548777
18097321200,2018,201689.85218451498
18097321200,2019,214114.96029817426
18097321200,2020,230982.72885980853
18097321200,2021,267434.19291074347
18097321200,2022,299160.7681425274
18097321200,2023,302471.0067918918
18097321300,2015,187921.6862
18097321300,2016,194918.38994166668
18097321300,2017,208404.9739166667
18097321300,2018,222197.39514999997
18097321300,2019,234107.30727499997
18097321300,2020,250932.46848333336
18097321300,2021,288538.1734833333
18097321300,2022,321723.1966
18097321300,2023,324987.68326666666
18097321400,2015,187921.6862
18097321400,2016,194918.38994166668
18097321400,2017,208404.97391666667
18097321400,2018,222197.39515
18097321400,2019,234107.307275
18097321400,2020,250932.4684833333
18097321400,2021,288538.1734833333
18097321400,2022,321723.1966
18097321400,2023,324987.68326666666
18097321600,2015,133554.9182534507
18097321600,2016,140558.0257741516
18097321600,2017,153609.61037074545
18097321600,2018,170098.5586737192
18097321600,2019,183196.79228555335
18097321600,2020,200149.49375314146
18097321600,2021,233597.80671786334
18097321600,2022,261771.77290430336
18097321600,2023,263808.1514768644
18097321700,2015,169763.00763782425
18097321700,2016,177304.0769055194
18097321700,2017,191318.71084600242
18097321700,2018,206889.53846755714
18097321700,2019,219656.09916144214
18097321700,2020,237126.6890515014
18097321700,2021,273871.695091243
18097321700,2022,305296.12570845225
18097321700,2023,307745.8278716391
18097321800,2015,141423.2023061623
18097321800,2016,146784.15760943395
18097321800,2017,157475.73924770707
18097321800,2018,171218.81017931094
18097321800,2019,184557.2326948969
18097321800,2020,201497.82472735504
18097321800,2021,236374.69897133304
18097321800,2022,265861.09462389495
18097321800,2023,269056.92480564845
18097321900,2015,68376.73592338165
18097321900,2016,71259.45894756753
18097321900,2017,77685.41162018412
18097321900,2018,91489.8814678423
18097321900,2019,107095.50249397206
18097321900,2020,124263.8251186267
18097321900,2021,154869.70199391185
18097321900,2022,178521.32896415427
18097321900,2023,181548.40884268246
18097322000,2015,68182.97756332814
18097322000,2016,71037.42320271123
18097322000,2017,77422.35210798291
18097322000,2018,91194.00838722987
18097322000,2019,106800.16237761879
18097322000,2020,123958.07630064698
18097322000,2021,154548.86426668975
18097322000,2022,178190.8145947557
18097322000,2023,181231.90134475695
18097322100,2015,112133.78895
18097322100,2016,121402.481725
18097322100,2017,137092.95935833332
18097322100,2018,158307.81940833334
18097322100,2019,173793.07945833332
18097322100,2020,193312.03154166666
18097322100,2021,227325.48371666667
18097322100,2022,253162.41688333335
18097322100,2023,253026.28141666666
18097322200,2015,112133.78895
18097322200,2016,121402.481725
18097322200,2017,137092.95935833332
18097322200,2018,158307.81940833337
18097322200,2019,173793.07945833332
18097322200,2020,193312.03154166666
18097322200,2021,227325.48371666667
18097322200,2022,253162.41688333332
18097322200,2023,253026.28141666666
18097322300,2015,112133.78895000002
18097322300,2016,121402.48172499999
18097322300,2017,137092.95935833332
18097322300,2018,158307.81940833334
18097322300,2019,173793.07945833332
18097322300,2020,193312.03154166666
18097322300,2021,227325.48371666667
18097322300,2022,253162.41688333332
18097322300,2023,253026.28141666664
18097322400,2015,112133.78895
18097322400,2016,121402.48172500002
18097322400,2017,137092.95935833332
18097322400,2018,158307.81940833334
18097322400,2019,173793.07945833335
18097322400,2020,193312.03154166666
18097322400,2021,227325.48371666667
18097322400,2022,253162.41688333332
18097322400,2023,253026.28141666666
18097322500,2015,112133.78895
18097322500,2016,121402.48172499999
18097322500,2017,137092.95935833332
18097322500,2018,158307.81940833334
18097322500,2019,173793.07945833332
18097322500,2020,193312.03154166666
18097322500,2021,227325.48371666667
18097322500,2022,253162.4168833333
18097322500,2023,253026.28141666664
18097322601,2015,106308.14908213244
18097322601,2016,114926.79718604028
18097322601,2017,129883.57380420768
18097322601,2018,150225.92276203883
18097322601,2019,165112.94079597775
18097322601,2020,183923.30908836864
18097322601,2021,217079.21292548746
18097322601,2022,242546.1487817558
18097322601,2023,242625.873297012
18097322602,2015,111657.52543042086
18097322602,2016,120855.71845790972
18097322602,2017,136454.76862383244
18097322602,2018,157579.03484157834
18097322602,2019,173014.8816466913
18097322602,2020,192456.50932971382
18097322602,2021,226364.85244357525
18097322602,2022,252169.1932075853
18097322602,2023,252074.94581529702
18097322700,2015,60584.7104732131
18097322700,2016,62280.47534574067
18097322700,2017,68179.73084216847
18097322700,2018,79653.09090968485
18097322700,2019,89791.71595450095
18097322700,2020,101005.84374632993
18097322700,2021,123759.05344507337
18097322700,2022,146076.09470466446
18097322700,2023,150393.16901917927
18097330103,2015,178643.61975
18097330103,2016,185453.44285833332
18097330103,2017,197683.83703333334
18097330103,2018,212719.56846666668
18097330103,2019,224514.97631666667
18097330103,2020,238943.44776666665
18097330103,2021,274843.036725
18097330103,2022,313981.685525
18097330103,2023,318192.01886666665
18097330105,2015,178643.61975
18097330105,2016,185453.44285833332
18097330105,2017,197683.83703333334
18097330105,2018,212719.56846666668
18097330105,2019,224514.97631666667
18097330105,2020,238943.44776666665
18097330105,2021,274843.036725
18097330105,2022,313981.685525
18097330105,2023,318192.01886666665
18097330106,2015,178643.61975
18097330106,2016,185453.44285833332
18097330106,2017,197683.83703333334
18097330106,2018,212719.56846666668
18097330106,2019,224514.97631666667
18097330106,2020,238943.44776666665
18097330106,2021,274843.036725
18097330106,2022,313981.685525
18097330106,2023,318192.01886666665
18097330107,2015,178643.61975
18097330107,2016,185453.44285833332
18097330107,2017,197683.83703333334
18097330107,2018,212719.56846666668
18097330107,2019,224514.97631666667
18097330107,2020,238943.44776666665
18097330107,2021,274843.036725
18097330107,2022,313981.685525
18097330107,2023,318192.01886666665
18097330108,2015,178643.61975
18097330108,2016,185453.44285833332
18097330108,2017,197683.83703333334
18097330108,2018,212719.56846666668
18097330108,2019,224514.97631666667
18097330108,2020,238943.44776666662
18097330108,2021,274843.036725
18097330108,2022,313981.685525
18097330108,2023,318192.01886666665
18097330109,2015,178643.61975000004
18097330109,2016,185453.44285833332
18097330109,2017,197683.83703333334
18097330109,2018,212719.56846666668
18097330109,2019,224514.97631666667
18097330109,2020,238943.44776666665
18097330109,2021,274843.036725
18097330109,2022,313981.685525
18097330109,2023,318192.01886666665
18097330204,2015,90782.15668333333
18097330204,2016,96584.66833666667
18097330204,2017,104380.55224166666
18097330204,2018,116953.25710833333
18097330204,2019,128168.38245
18097330204,2020,139238.34589166666
18097330204,2021,165555.13265833334
18097330204,2022,196516.83783333332
18097330204,2023,201597.56905
18097330210,2015,90782.15668333333
18097330210,2016,96584.66833666667
18097330210,2017,104380.55224166666
18097330210,2018,116953.25710833335
18097330210,2019,128168.38245000002
18097330210,2020,139238.34589166666
18097330210,2021,165555.13265833334
18097330210,2022,196516.83783333332
18097330210,2023,201597.56905
18097330211,2015,90782.15668333333
18097330211,2016,96584.66833666667
18097330211,2017,104380.55224166666
18097330211,2018,116953.25710833333
18097330211,2019,128168.38245
18097330211,2020,139238.34589166666
18097330211,2021,165555.13265833334
18097330211,2022,196516.83783333332
18097330211,2023,201597.56905000002
18097330212,2015,90782.15668333333
18097330212,2016,96584.66833666667
18097330212,2017,104380.55224166666
18097330212,2018,116953.25710833333
18097330212,2019,128168.38245
18097330212,2020,139238.34589166666
18097330212,2021,165555.13265833334
18097330212,2022,196516.83783333332
18097330212,2023,201597.56904999996
18097330401,2015,180769.1488162865
18097330401,2016,187569.04688258565
18097330401,2017,200273.09210673466
18097330401,2018,214650.4539970137
18097330401,2019,226469.22681710272
18097330401,2020,241973.63553101357
18097330401,2021,278428.34902123513
18097330401,2022,314415.18019080855
18097330401,2023,318179.15982149035
18097330500,2015,61171.622330833336
18097330500,2016,62896.550505833344
18097330500,2017,68803.91094416667
18097330500,2018,80324.85620916667
18097330500,2019,90522.6946625
18097330500,2020,101767.61606666667
18097330500,2021,124533.963925
18097330500,2022,146883.37519166668
18097330500,2023,151229.43695
18097330600,2015,61171.622330833336
18097330600,2016,62896.55050583334
18097330600,2017,68803.91094416667
18097330600,2018,80324.85620916667
18097330600,2019,90522.6946625
18097330600,2020,101767.61606666667
18097330600,2021,124533.963925
18097330600,2022,146883.37519166668
18097330600,2023,151229.43695
18097330701,2015,61171.622330833336
18097330701,2016,62896.55050583334
18097330701,2017,68803.91094416667
18097330701,2018,80324.85620916667
18097330701,2019,90522.6946625
18097330701,2020,101767.61606666667
18097330701,2021,124533.963925
18097330701,2022,146883.37519166668
18097330701,2023,151229.43695
18097330702,2015,86219.18607200186
18097330702,2016,91393.34386466551
18097330702,2017,98898.20711550827
18097330702,2018,111308.83627980972
18097330702,2019,122367.19814941274
18097330702,2020,133464.12253786955
18097330702,2021,159233.7881954339
18097330702,2022,188868.3425824051
18097330702,2023,193835.86155144696
18097330803,2015,90782.15668333333
18097330803,2016,96584.66833666667
18097330803,2017,104380.55224166666
18097330803,2018,116953.25710833333
18097330803,2019,128168.38245
18097330803,2020,139238.34589166666
18097330803,2021,165555.13265833334
18097330803,2022,196516.83783333332
18097330803,2023,201597.56905
18097330804,2015,90553.23017288801
18097330804,2016,96324.21699976493
18097330804,2017,104105.50025345715
18097330804,2018,116670.07370133311
18097330804,2019,127877.33414145172
18097330804,2020,138948.65022726025
18097330804,2021,165237.98765511534
18097330804,2022,196133.1090134272
18097330804,2023,201208.16031518843
18097330805,2015,61171.622330833336
18097330805,2016,62896.55050583334
18097330805,2017,68803.91094416667
18097330805,2018,80324.85620916667
18097330805,2019,90522.6946625
18097330805,2020,101767.61606666667
18097330805,2021,124533.963925
18097330805,2022,146883.37519166668
18097330805,2023,151229.43695000003
18097330806,2015,61171.622330833336
18097330806,2016,62896.55050583334
18097330806,2017,68803.91094416667
18097330806,2018,80324.85620916667
18097330806,2019,90522.6946625
18097330806,2020,101767.61606666667
18097330806,2021,124533.96392500002
18097330806,2022,146883.37519166668
18097330806,2023,151229.43695
18097330900,2015,61171.622330833336
18097330900,2016,62896.55050583334
18097330900,2017,68803.91094416667
18097330900,2018,80324.85620916667
18097330900,2019,90522.6946625
18097330900,2020,101767.61606666667
18097330900,2021,124533.963925
18097330900,2022,146883.37519166668
18097330900,2023,151229.43695
18097331000,2015,60611.16297151653
18097331000,2016,62308.24225301226
18097331000,2017,68207.86304443149
18097331000,2018,79683.36780767921
18097331000,2019,89824.66163924412
18097331000,2020,101040.1773191649
18097331000,2021,123793.97916328715
18097331000,2022,146112.47936010384
18097331000,2023,150430.8601575232
18097340101,2015,132643.06456584396
18097340101,2016,139822.69272141988
18097340101,2017,148722.40418585102
18097340101,2018,161383.13698176356
18097340101,2019,173136.77004286012
18097340101,2020,187591.28452153248
18097340101,2021,220145.3582566326
18097340101,2022,255879.33030585502
18097340101,2023,262412.05370023305
18097340102,2015,104780.31503789108
18097340102,2016,110606.25582621394
18097340102,2017,118913.38759861824
18097340102,2018,131427.93603052731
18097340102,2019,144203.76549006675
18097340102,2020,156436.47621514523
18097340102,2021,182800.41622712894
18097340102,2022,210339.3510017464
18097340102,2023,217664.09955965163
18097340108,2015,74648.38305
18097340108,2016,80782.397555
18097340108,2017,89452.91384333333
18097340108,2018,100578.92863083334
18097340108,2019,111156.61295000001
18097340108,2020,124555.78275
18097340108,2021,149292.92741666667
18097340108,2022,175901.99188333334
18097340108,2023,187071.47174166667
18097340111,2015,109184.66374240138
18097340111,2016,115271.11385383773
18097340111,2017,123676.42686433691
18097340111,2018,136309.26910687998
18097340111,2019,148954.68231125918
18097340111,2020,161506.13607268184
18097340111,2021,188775.2031404762
18097340111,2022,217388.58662396195
18097340111,2023,224567.52182976465
18097340112,2015,106879.99955271413
18097340112,2016,112842.70485659348
18097340112,2017,121197.8612721404
18097340112,2018,133794.52337820895
18097340112,2019,146516.60048170315
18097340112,2020,158892.49363233725
18097340112,2021,185668.11106286326
18097340112,2022,213659.56221455935
18097340112,2023,220909.226824362
18097340113,2015,134418.23225583477
18097340113,2016,141859.55354270904
18097340113,2017,150814.02676526498
18097340113,2018,163843.0021870541
18097340113,2019,175649.02900296016
18097340113,2020,190122.68067955683
18097340113,2021,222794.48506832696
18097340113,2022,258217.3517620607
18097340113,2023,264621.87685218
18097340114,2015,135239.13536232544
18097340114,2016,142724.53356825374
18097340114,2017,151696.87217214875
18097340114,2018,164738.734671612
18097340114,2019,176517.45441466084
18097340114,2020,191053.63938848086
18097340114,2021,223901.20662458593
18097340114,2022,259545.60068247
18097340114,2023,265924.93251982663
18097340115,2015,104387.34671666667
18097340115,2016,110216.2135
18097340115,2017,118517.12210833334
18097340115,2018,131074.65290833334
18097340115,2019,143879.64729166665
18097340115,2020,156065.65956666667
18097340115,2021,182307.577275
18097340115,2022,209626.36583333334
18097340115,2023,216952.52915833335
18097340201,2015,74648.38305
18097340201,2016,80782.397555
18097340201,2017,89452.91384333333
18097340201,2018,100578.92863083334
18097340201,2019,111156.61295
18097340201,2020,124555.78275
18097340201,2021,149292.92741666667
18097340201,2022,175901.99188333334
18097340201,2023,187071.47174166667
18097340202,2015,74648.38305
18097340202,2016,80782.397555
18097340202,2017,89452.91384333333
18097340202,2018,100578.92863083334
18097340202,2019,111156.61295000001
18097340202,2020,124555.78275
18097340202,2021,149292.92741666667
18097340202,2022,175901.99188333334
18097340202,2023,187071.47174166667
18097340301,2015,74648.38305
18097340301,2016,80782.397555
18097340301,2017,89452.91384333333
18097340301,2018,100578.92863083334
18097340301,2019,111156.61295
18097340301,2020,124555.78275
18097340301,2021,149292.92741666667
18097340301,2022,175901.99188333334
18097340301,2023,187071.47174166667
18097340302,2015,74648.38305
18097340302,2016,80782.397555
18097340302,2017,89452.91384333333
18097340302,2018,100578.92863083334
18097340302,2019,111156.61294999998
18097340302,2020,124555.78274999998
18097340302,2021,149292.92741666667
18097340302,2022,175901.99188333334
18097340302,2023,187071.47174166667
18097340400,2015,36917.85152758513
18097340400,2016,39774.63763520426
18097340400,2017,46091.42862276881
18097340400,2018,53886.005008781976
18097340400,2019,62666.011208072356
18097340400,2020,73474.96490053908
18097340400,2021,96314.42718053042
18097340400,2022,115697.52800352886
18097340400,2023,119867.64077238398
18097340500,2015,35554.769146666666
18097340500,2016,38293.159565
18097340500,2017,44524.91805083333
18097340500,2018,52199.140315
18097340500,2019,60914.202203333334
18097340500,2020,71629.57974416667
18097340500,2021,94400.48488166668
18097340500,2022,113522.53495
18097340500,2023,117439.78316666666
18097340600,2015,35554.769146666666
18097340600,2016,38293.159565
18097340600,2017,44524.91805083333
18097340600,2018,52199.140315
18097340600,2019,60914.20220333333
18097340600,2020,71629.57974416667
18097340600,2021,94400.48488166666
18097340600,2022,113522.53495
18097340600,2023,117439.78316666668
18097340700,2015,35807.09911256411
18097340700,2016,38567.406606973025
18097340700,2017,44814.906069699886
18097340700,2018,52511.40794945419
18097340700,2019,61238.49214546198
18097340700,2020,71971.19223956208
18097340700,2021,94754.78848192049
18097340700,2022,113925.16352968592
18097340700,2023,117889.22131907068
18097340800,2015,74648.38305
18097340800,2016,80782.39755499999
18097340800,2017,89452.91384333331
18097340800,2018,100578.92863083334
18097340800,2019,111156.61295
18097340800,2020,124555.78275
18097340800,2021,149292.92741666667
18097340800,2022,175901.99188333334
18097340800,2023,187071.47174166667
18097340901,2015,104387.34671666667
18097340901,2016,110216.2135
18097340901,2017,118517.12210833334
18097340901,2018,131074.65290833334
18097340901,2019,143879.64729166665
18097340901,2020,156065.65956666667
18097340901,2021,182307.577275
18097340901,2022,209626.36583333334
18097340901,2023,216952.52915833335
18097340903,2015,74648.38305
18097340903,2016,80782.39755499999
18097340903,2017,89452.91384333333
18097340903,2018,100578.92863083334
18097340903,2019,111156.61295
18097340903,2020,124555.78275
18097340903,2021,149292.92741666667
18097340903,2022,175901.9918833333
18097340903,2023,187071.47174166667
18097340904,2015,74648.38305
18097340904,2016,80782.397555
18097340904,2017,89452.91384333333
18097340904,2018,100578.92863083334
18097340904,2019,111156.61295
18097340904,2020,124555.78274999998
18097340904,2021,149292.92741666667
18097340904,2022,175901.99188333334
18097340904,2023,187071.47174166667
18097341000,2015,72848.59836341525
18097341000,2016,78826.2857443051
18097341000,2017,87384.52694448511
18097341000,2018,98351.62873560356
18097341000,2019,108843.56198207091
18097341000,2020,122119.17584216813
18097341000,2021,146765.79913100819
18097341000,2022,173030.17779053305
18097341000,2023,183865.78072757408
18097341100,2015,35554.769146666666
18097341100,2016,38293.159565
18097341100,2017,44524.91805083333
18097341100,2018,52199.140315
18097341100,2019,60914.202203333334
18097341100,2020,71629.57974416667
18097341100,2021,94400.48488166666
18097341100,2022,113522.53495
18097341100,2023,117439.78316666666
18097341200,2015,35554.769146666666
18097341200,2016,38293.159565
18097341200,2017,44524.91805083333
18097341200,2018,52199.140315
18097341200,2019,60914.202203333334
18097341200,2020,71629.57974416667
18097341200,2021,94400.48488166666
18097341200,2022,113522.53495
18097341200,2023,117439.78316666666
18097341600,2015,35554.769146666666
18097341600,2016,38293.159565
18097341600,2017,44524.91805083333
18097341600,2018,52199.140315
18097341600,2019,60914.202203333334
18097341600,2020,71629.57974416667
18097341600,2021,94400.48488166666
18097341600,2022,113522.53495
18097341600,2023,117439.78316666666
18097341701,2015,35554.769146666666
18097341701,2016,38293.159565
18097341701,2017,44524.91805083333
18097341701,2018,52199.14031499999
18097341701,2019,60914.20220333334
18097341701,2020,71629.57974416667
18097341701,2021,94400.48488166666
18097341701,2022,113522.53495
18097341701,2023,117439.78316666666
18097341702,2015,53604.1012160802
18097341702,2016,57831.96140445375
18097341702,2017,64996.206405012876
18097341702,2018,74510.95155969825
18097341702,2019,84190.2705462143
18097341702,2020,95577.30154705224
18097341702,2021,118479.81451076164
18097341702,2022,140097.67254860277
18097341702,2023,147100.99386107107
18097341902,2015,93404.24975651187
18097341902,2016,98862.48027872732
18097341902,2017,106785.88544455904
18097341902,2018,118905.91955273654
18097341902,2019,131103.89089389623
18097341902,2020,142687.02504713676
18097341902,2021,167554.87664687075
18097341902,2022,192920.02196165046
18097341902,2023,200096.72482647648
18097341903,2015,73758.25307987731
18097341903,2016,79796.7315215355
18097341903,2017,88366.68197954692
18097341903,2018,99471.56317693567
18097341903,2019,110031.11444767306
18097341903,2020,123237.08794884312
18097341903,2021,147748.78051538276
18097341903,2022,173963.69146383787
18097341903,2023,184906.99811279099
18097341904,2015,74648.38305
18097341904,2016,80782.397555
18097341904,2017,89452.91384333333
18097341904,2018,100578.92863083335
18097341904,2019,111156.61295
18097341904,2020,124555.78275
18097341904,2021,149292.92741666667
18097341904,2022,175901.99188333334
18097341904,2023,187071.47174166667
18097342000,2015,119743.915025
18097342000,2016,125458.43864166668
18097342000,2017,134002.53846666668
18097342000,2018,144880.38763333333
18097342000,2019,156545.663825
18097342000,2020,170556.576225
18097342000,2021,201566.92879166667
18097342000,2022,237488.67648333331
18097342000,2023,244759.55299166666
18097342101,2015,58778.595910836455
18097342101,2016,63060.371865173074
18097342101,2017,69790.05936234399
18097342101,2018,80501.93888378787
18097342101,2019,90761.12081685872
18097342101,2020,100455.98269712602
18097342101,2021,121027.8071462495
18097342101,2022,140307.85970059418
18097342101,2023,147010.03714944085
18097342200,2015,57001.57607416666
18097342200,2016,61241.59023583333
18097342200,2017,67918.39116166666
18097342200,2018,78625.4329925
18097342200,2019,88843.6300275
18097342200,2020,98412.687475
18097342200,2021,118680.24924166666
18097342200,2022,137475.228925
18097342200,2023,144160.82990833334
18097342300,2015,57001.57607416667
18097342300,2016,61241.59023583333
18097342300,2017,67918.39116166666
18097342300,2018,78625.4329925
18097342300,2019,88843.63002750001
18097342300,2020,98412.687475
18097342300,2021,118680.24924166666
18097342300,2022,137475.228925
18097342300,2023,144160.82990833334
18097342400,2015,57339.07081264824
18097342400,2016,61605.607718332685
18097342400,2017,68304.62008268254
18097342400,2018,79019.84681795427
18097342400,2019,89251.9484637202
18097342400,2020,98859.99286477642
18097342400,2021,119170.34361961814
18097342400,2022,138068.65123244424
18097342400,2023,144790.19210094895
18097342500,2015,57001.57607416666
18097342500,2016,61241.59023583333
18097342500,2017,67918.39116166666
18097342500,2018,78625.4329925
18097342500,2019,88843.6300275
18097342500,2020,98412.687475
18097342500,2021,118680.24924166665
18097342500,2022,137475.228925
18097342500,2023,144160.82990833334
18097342600,2015,69436.07434267669
18097342600,2016,74706.36343214501
18097342600,2017,82480.59782681685
18097342600,2018,92763.58493589218
18097342600,2019,103315.16683506899
18097342600,2020,115367.1303709183
18097342600,2021,138719.33147832993
18097342600,2022,163311.91270901862
18097342600,2023,171181.7584854073
18097350100,2015,65694.49030333332
18097350100,2016,68185.76239083333
18097350100,2017,74043.81275333333
18097350100,2018,87394.03613583333
18097350100,2019,103007.03512
18097350100,2020,120031.267475
18097350100,2021,150428.26479166668
18097350100,2022,173945.935575
18097350100,2023,177166.91609166667
18097350300,2015,73880.94935293461
18097350300,2016,77566.965515755
18097350300,2017,85158.30569004327
18097350300,2018,99894.93084635868
18097350300,2019,115485.41162753629
18097350300,2020,132949.42066933814
18097350300,2021,163983.9375107447
18097350300,2022,187910.45483310308
18097350300,2023,190539.63286086
18097350400,2015,112133.78895000002
18097350400,2016,121402.481725
18097350400,2017,137092.95935833332
18097350400,2018,158307.81940833334
18097350400,2019,173793.07945833332
18097350400,2020,193312.03154166669
18097350400,2021,227325.48371666667
18097350400,2022,253162.41688333332
18097350400,2023,253026.28141666666
18097350500,2015,27093.748655833337
18097350500,2016,27125.367478333334
18097350500,2017,32562.13053
18097350500,2018,41320.135623333335
18097350500,2019,48079.86488
18097350500,2020,57536.81622083332
18097350500,2021,79540.32288416667
18097350500,2022,100010.23385166666
18097350500,2023,102673.19714166666
18097350600,2015,27093.748655833333
18097350600,2016,27125.367478333334
18097350600,2017,32562.130530000002
18097350600,2018,41320.135623333335
18097350600,2019,48079.86488
18097350600,2020,57536.81622083333
18097350600,2021,79540.32288416667
18097350600,2022,100010.23385166666
18097350600,2023,102673.19714166666
18097350700,2015,27093.748655833333
18097350700,2016,27125.367478333334
18097350700,2017,32562.13053
18097350700,2018,41320.135623333335
18097350700,2019,48079.86488
18097350700,2020,57536.81622083333
18097350700,2021,79540.32288416667
18097350700,2022,100010.23385166666
18097350700,2023,102673.19714166666
18097350800,2015,45788.79320495245
18097350800,2016,47851.07321303213
18097350800,2017,55541.9938384148
18097350800,2018,67038.49079453685
18097350800,2019,75716.42453854624
18097350800,2020,87385.38743868277
18097350800,2021,112029.13822227322
18097350800,2022,133678.9253841218
18097350800,2023,135726.54000104673
18097350900,2015,112133.78895
18097350900,2016,121402.48172500002
18097350900,2017,137092.95935833332
18097350900,2018,158307.81940833334
18097350900,2019,173793.0794583333
18097350900,2020,193312.03154166666
18097350900,2021,227325.48371666667
18097350900,2022,253162.41688333332
18097350900,2023,253026.28141666666
18097351000,2015,77685.86772461554
18097351000,2016,81927.17936428377
18097351000,2017,90324.12135107261
18097351000,2018,105705.12102239621
18097351000,2019,121285.13574935778
18097351000,2020,138953.54505565873
18097351000,2021,170284.36946267958
18097351000,2022,194400.911275249
18097351000,2023,196755.03019029115
18097351200,2015,65694.49030333332
18097351200,2016,68185.76239083333
18097351200,2017,74043.81275333333
18097351200,2018,87394.03613583333
18097351200,2019,103007.03512
18097351200,2020,120031.267475
18097351200,2021,150428.26479166668
18097351200,2022,173945.935575
18097351200,2023,177166.91609166667
18097351500,2015,75194.62334748099
18097351500,2016,79072.35905746791
18097351500,2017,86941.83874689479
18097351500,2018,101900.93859528635
18097351500,2019,117487.80589993017
18097351500,2020,135022.38552583428
18097351500,2021,166159.2045733097
18097351500,2022,190151.32914574078
18097351500,2023,192685.54114057944
18097351600,2015,113153.54391558425
18097351600,2016,123553.07430170938
18097351600,2017,140724.85652857856
18097351600,2018,160088.4737434754
18097351600,2019,175625.7267358304
18097351600,2020,193802.7768379744
18097351600,2021,226768.71901763644
18097351600,2022,251457.9126958965
18097351600,2023,250728.7831307891
18097351700,2015,115170.9300037699
18097351700,2016,125861.73070356125
18097351700,2017,143825.07237079975
18097351700,2018,164390.78036624184
18097351700,2019,179002.9138015008
18097351700,2020,197194.2359333828
18097351700,2021,230145.26764915357
18097351700,2022,255216.192385722
18097351700,2023,254174.81974196425
18097351900,2015,27093.748655833333
18097351900,2016,27125.367478333334
18097351900,2017,32562.13053
18097351900,2018,41320.135623333335
18097351900,2019,48079.86488
18097351900,2020,57536.81622083333
18097351900,2021,79540.32288416667
18097351900,2022,100010.23385166666
18097351900,2023,102673.19714166666
18097352100,2015,27093.748655833333
18097352100,2016,27125.367478333334
18097352100,2017,32562.13053
18097352100,2018,41320.135623333335
18097352100,2019,48079.864879999994
18097352100,2020,57536.81622083333
18097352100,2021,79540.32288416667
18097352100,2022,100010.23385166666
18097352100,2023,102673.19714166666
18097352300,2015,27093.748655833333
18097352300,2016,27125.36747833333
18097352300,2017,32562.13053
18097352300,2018,41320.135623333335
18097352300,2019,48079.86488000001
18097352300,2020,57536.81622083333
18097352300,2021,79540.32288416667
18097352300,2022,100010.23385166666
18097352300,2023,102673.19714166666
18097352400,2015,27538.408029816314
18097352400,2016,27620.080409859107
18097352400,2017,33112.12519100001
18097352400,2018,42007.10158882842
18097352400,2019,48946.50273406738
18097352400,2020,58768.904694910256
18097352400,2021,80958.6970837192
18097352400,2022,101442.17364915063
18097352400,2023,104122.55790202996
18097352500,2015,42484.83527721849
18097352500,2016,44266.2708924535
18097352500,2017,51581.45243453414
18097352500,2018,64777.57173178453
18097352500,2019,77395.13479823865
18097352500,2020,98655.12784558526
18097352500,2021,126661.78493465137
18097352500,2022,147616.77823163808
18097352500,2023,150940.53381605563
18097352600,2015,36945.24554158836
18097352600,2016,38085.808637177404
18097352600,2017,44747.34691594947
18097352600,2018,56539.97234705773
18097352600,2019,67280.35995547079
18097352600,2020,84833.92604361649
18097352600,2021,110964.6216334873
18097352600,2022,131735.08051157754
18097352600,2023,134784.00791612046
18097352700,2015,41347.86680278782
18097352700,2016,43109.771480085576
18097352700,2017,50548.72135328328
18097352700,2018,63016.37352610635
18097352700,2019,74373.7229544372
18097352700,2020,92971.002841989
18097352700,2021,119824.78874661878
18097352700,2022,140717.05616807615
18097352700,2023,143594.1648211181
18097352800,2015,99865.95817419013
18097352800,2016,110815.9142646524
18097352800,2017,130288.21122384843
18097352800,2018,146694.10960535184
18097352800,2019,157664.22058434438
18097352800,2020,171106.21334801908
18097352800,2021,199283.76397996614
18097352800,2022,221702.64262705902
18097352800,2023,219751.4074635424
18097353300,2015,178914.80264166667
18097353300,2016,201728.06626666666
18097353300,2017,236452.42999166666
18097353300,2018,261148.2044
18097353300,2019,276661.7320416667
18097353300,2020,294365.75705
18097353300,2021,329220.80659166665
18097353300,2022,353756.42815
18097353300,2023,346784.0954
18097353500,2015,178914.80264166667
18097353500,2016,201728.06626666666
18097353500,2017,236452.42999166666
18097353500,2018,261148.2044
18097353500,2019,276661.7320416667
18097353500,2020,294365.75705
18097353500,2021,329220.80659166665
18097353500,2022,353756.42815
18097353500,2023,346784.0954
18097353600,2015,148974.35411450025
18097353600,2016,167148.5508975641
18097353600,2017,195286.31362051092
18097353600,2018,216636.7776485522
18097353600,2019,231276.96754965474
18097353600,2020,248005.0701711749
18097353600,2021,280844.59427991236
18097353600,2022,304575.1385743244
18097353600,2023,300036.2822081796
18097354201,2015,237653.4545059836
18097354201,2016,250472.68416830257
18097354201,2017,275788.11679977353
18097354201,2018,289166.50211051735
18097354201,2019,301470.9829754091
18097354201,2020,327455.3680875894
18097354201,2021,359250.01961783436
18097354201,2022,358448.02506478486
18097354201,2023,344521.4053560702
18097354202,2015,213877.78750754264
18097354202,2016,230742.3061903977
18097354202,2017,259866.19552611458
18097354202,2018,277825.52483090217
18097354202,2019,291428.93280980503
18097354202,2020,314061.6733369002
18097354202,2021,347095.0833624939
18097354202,2022,356549.0055538416
18097354202,2023,345437.27528664726
18097354400,2015,141342.63697233514
18097354400,2016,158367.79185563102
18097354400,2017,185569.40827673013
18097354400,2018,207134.4084270577
18097354400,2019,221869.2787297581
18097354400,2020,240607.11963798295
18097354400,2021,273620.87654727424
18097354400,2022,297165.2648557083
18097354400,2023,292988.6291725911
18097354500,2015,41721.446095
18097354500,2016,43399.64730916666
18097354500,2017,50654.98084416667
18097354500,2018,63918.85023999999
18097354500,2019,76589.139755
18097354500,2020,98068.10482416667
18097354500,2021,126199.74324166666
18097354500,2022,147115.91369166668
18097354500,2023,150351.96413333333
18097354700,2015,41721.446095
18097354700,2016,43399.64730916666
18097354700,2017,50654.98084416667
18097354700,2018,63918.85024000001
18097354700,2019,76589.139755
18097354700,2020,98068.10482416667
18097354700,2021,126199.74324166667
18097354700,2022,147115.91369166668
18097354700,2023,150351.96413333333
18097354800,2015,41721.446095
18097354800,2016,43399.64730916666
18097354800,2017,50654.98084416667
18097354800,2018,63918.85024
18097354800,2019,76589.139755
18097354800,2020,98068.10482416667
18097354800,2021,126199.74324166667
18097354800,2022,147115.91369166668
18097354800,2023,150351.96413333333
18097354900,2015,41721.446095
18097354900,2016,43399.64730916666
18097354900,2017,50654.98084416667
18097354900,2018,63918.85023999999
18097354900,2019,76589.139755
18097354900,2020,98068.10482416667
18097354900,2021,126199.74324166667
18097354900,2022,147115.91369166668
18097354900,2023,150351.96413333333
18097355000,2015,41721.446095
18097355000,2016,43399.64730916666
18097355000,2017,50654.98084416667
18097355000,2018,63918.85024
18097355000,2019,76589.139755
18097355000,2020,98068.10482416667
18097355000,2021,126199.74324166669
18097355000,2022,147115.91369166668
18097355000,2023,150351.96413333333
18097355100,2015,41721.446095
18097355100,2016,43399.64730916666
18097355100,2017,50654.98084416667
18097355100,2018,63918.85024
18097355100,2019,76589.139755
18097355100,2020,98068.10482416667
18097355100,2021,126199.74324166667
18097355100,2022,147115.91369166668
18097355100,2023,150351.96413333333
18097355300,2015,42852.27729784988
18097355300,2016,44683.40271457905
18097355300,2017,52027.39089050348
18097355300,2018,65190.90004118492
18097355300,2019,77783.08429268372
18097355300,2020,98937.6795638587
18097355300,2021,126884.1794055723
18097355300,2022,147857.85929869596
18097355300,2023,151223.829988623
18097355400,2015,42265.56863710626
18097355400,2016,44017.35245638515
18097355400,2017,51315.34398354858
18097355400,2018,64530.922996537105
18097355400,2019,77163.6305679004
18097355400,2020,98486.51848017493
18097355400,2021,126529.07368857619
18097355400,2022,147472.91598235685
18097355400,2023,150771.48020643098
18097355500,2015,47800.57212713937
18097355500,2016,51250.70066993596
18097355500,2017,59869.95572864347
18097355500,2018,73673.24914452757
18097355500,2019,86801.56634654515
18097355500,2020,105888.39599365945
18097355500,2021,131932.4485169919
18097355500,2022,152441.63085216025
18097355500,2023,156264.10327599055
18097355600,2015,43297.94099247226
18097355600,2016,45477.869889106536
18097355600,2017,53126.34526049591
18097355600,2018,66578.05622645658
18097355600,2019,79406.14394394161
18097355600,2020,100235.94109206193
18097355600,2021,127777.65984819569
18097355600,2022,148556.4574563253
18097355600,2023,151939.60627478073
18097355700,2015,68256.46725852399
18097355700,2016,74379.35004143433
18097355700,2017,87054.395734372
18097355700,2018,102607.20907271383
18097355700,2019,115999.9226328592
18097355700,2020,135913.59953214115
18097355700,2021,164425.8378066989
18097355700,2022,185795.33168978462
18097355700,2023,187421.4612560458
18097355900,2015,55522.64748482889
18097355900,2016,61435.78750610408
18097355900,2017,72085.71642168694
18097355900,2018,86959.68544217736
18097355900,2019,100935.33171454688
18097355900,2020,117099.51222418653
18097355900,2021,140472.36525493657
18097355900,2022,160294.71819636898
18097355900,2023,164657.78782729147
18097356200,2015,175433.33503469048
18097356200,2016,187739.90366093584
18097356200,2017,210125.5490908808
18097356200,2018,225592.44753177138
18097356200,2019,239087.9106684872
18097356200,2020,261087.81939790625
18097356200,2021,291034.82870742015
18097356200,2022,300058.89607076196
18097356200,2023,292487.5368137842
18097356400,2015,53878.34680062531
18097356400,2016,57986.26518419167
18097356400,2017,65053.45459822626
18097356400,2018,74135.33196317482
18097356400,2019,83842.8235166074
18097356400,2020,95285.67670101336
18097356400,2021,118377.62539187024
18097356400,2022,140467.03291321232
18097356400,2023,146521.29346403957
18097356900,2015,48002.38153833334
18097356900,2016,53012.68413666668
18097356900,2017,61153.24134583333
18097356900,2018,74145.70544083334
18097356900,2019,94301.49808166666
18097356900,2020,115573.71668333333
18097356900,2021,144575.4895
18097356900,2022,164233.32931666667
18097356900,2023,167245.975975
18097357000,2015,53111.77713326566
18097357000,2016,58781.49151349767
18097357000,2017,68690.08210836316
18097357000,2018,83030.78942755915
18097357000,2019,98726.10094525559
18097357000,2020,116168.91075264112
18097357000,2021,140923.60931446665
18097357000,2022,160651.7901610182
18097357000,2023,164728.12308868417
18097357100,2015,55048.81696916667
18097357100,2016,60968.5231275
18097357100,2017,71547.3986975
18097357100,2018,86399.2429575
18097357100,2019,100403.5267475
18097357100,2020,116394.55674166666
18097357100,2021,139539.13295833333
18097357100,2022,159293.981025
18097357100,2023,163773.57156666668
18097357200,2015,55048.81696916667
18097357200,2016,60968.5231275
18097357200,2017,71547.3986975
18097357200,2018,86399.2429575
18097357200,2019,100403.5267475
18097357200,2020,116394.55674166665
18097357200,2021,139539.13295833333
18097357200,2022,159293.981025
18097357200,2023,163773.57156666668
18097357300,2015,55048.81696916667
18097357300,2016,60968.5231275
18097357300,2017,71547.3986975
18097357300,2018,86399.2429575
18097357300,2019,100403.5267475
18097357300,2020,116394.55674166666
18097357300,2021,139539.13295833333
18097357300,2022,159293.981025
18097357300,2023,163773.57156666668
18097357400,2015,55048.81696916667
18097357400,2016,60968.52312749999
18097357400,2017,71547.3986975
18097357400,2018,86399.24295749998
18097357400,2019,100403.52674749999
18097357400,2020,116394.55674166666
18097357400,2021,139539.13295833333
18097357400,2022,159293.981025
18097357400,2023,163773.57156666668
18097357500,2015,55048.81696916667
18097357500,2016,60968.5231275
18097357500,2017,71547.3986975
18097357500,2018,86399.2429575
18097357500,2019,100403.5267475
18097357500,2020,116394.55674166666
18097357500,2021,139539.13295833333
18097357500,2022,159293.981025
18097357500,2023,163773.57156666668
18097357601,2015,55048.81696916667
18097357601,2016,60968.5231275
18097357601,2017,71547.3986975
18097357601,2018,86399.2429575
18097357601,2019,100403.5267475
18097357601,2020,116394.55674166666
18097357601,2021,139539.13295833333
18097357601,2022,159293.981025
18097357601,2023,163773.57156666668
18097357602,2015,55048.81696916667
18097357602,2016,60968.5231275
18097357602,2017,71547.3986975
18097357602,2018,86399.2429575
18097357602,2019,100403.5267475
18097357602,2020,116394.55674166666
18097357602,2021,139539.13295833333
18097357602,2022,159293.981025
18097357602,2023,163773.57156666668
18097357800,2015,50358.51830507938
18097357800,2016,55672.900772526395
18097357800,2017,64628.76546522618
18097357800,2018,78242.95582354293
18097357800,2019,96341.85085753932
18097357800,2020,115848.18332111652
18097357800,2021,142891.46855994588
18097357800,2022,162581.74530259395
18097357800,2023,166084.89818243484
18097357900,2015,49202.694581072465
18097357900,2016,54367.90798003628
18097357900,2017,62923.81637769917
18097357900,2018,76233.01342021106
18097357900,2019,95340.93776243326
18097357900,2020,115713.54128510416
18097357900,2021,143717.57992228714
18097357900,2022,163391.94444408608
18097357900,2023,166654.47515988583
18097358000,2015,48002.381538333335
18097358000,2016,53012.68413666667
18097358000,2017,61153.241345833325
18097358000,2018,74145.70544083334
18097358000,2019,94301.49808166666
18097358000,2020,115573.71668333333
18097358000,2021,144575.4895
18097358000,2022,164233.32931666667
18097358000,2023,167245.975975
18097358100,2015,83351.745085
18097358100,2016,89662.5434925
18097358100,2017,98073.5200725
18097358100,2018,109419.6048
18097358100,2019,120723.41533333334
18097358100,2020,133336.41005833333
18097358100,2021,156944.7559666667
18097358100,2022,183807.14558333333
18097358100,2023,193298.78156666667
18097360101,2015,27093.748655833333
18097360101,2016,27125.367478333337
18097360101,2017,32562.130530000002
18097360101,2018,41320.135623333335
18097360101,2019,48079.86488
18097360101,2020,57536.81622083333
18097360101,2021,79540.32288416667
18097360101,2022,100010.23385166666
18097360101,2023,102673.19714166666
18097360102,2015,27093.74865583333
18097360102,2016,27125.367478333334
18097360102,2017,32562.130530000002
18097360102,2018,41320.135623333335
18097360102,2019,48079.86488
18097360102,2020,57536.81622083332
18097360102,2021,79540.32288416667
18097360102,2022,100010.23385166665
18097360102,2023,102673.19714166665
18097360201,2015,60949.766971307756
18097360201,2016,62729.049375363735
18097360201,2017,68699.48731575887
18097360201,2018,80166.27779028288
18097360201,2019,90325.7756888458
18097360201,2020,101570.88182946025
18097360201,2021,124331.97698547396
18097360201,2022,146660.14938267163
18097360201,2023,151029.78224874023
18097360202,2015,61171.622330833336
18097360202,2016,62896.55050583334
18097360202,2017,68803.91094416667
18097360202,2018,80324.85620916667
18097360202,2019,90522.6946625
18097360202,2020,101767.61606666667
18097360202,2021,124533.963925
18097360202,2022,146883.3751916667
18097360202,2023,151229.43695
18097360301,2015,72975.05267333334
18097360301,2016,78879.73158916667
18097360301,2017,88585.27808416667
18097360301,2018,99075.4182
18097360301,2019,109587.05559166668
18097360301,2020,122101.17601666665
18097360301,2021,145116.00460833334
18097360301,2022,167621.605475
18097360301,2023,174448.35655833333
18097360302,2015,70522.49329159773
18097360302,2016,76113.23107302241
18097360302,2017,85590.59214246101
18097360302,2018,95988.14195183218
18097360302,2019,106299.22319774512
18097360302,2020,118649.92436343059
18097360302,2021,141610.69330844152
18097360302,2022,164007.47751290957
18097360302,2023,170611.65565428376
18097360401,2015,96042.27343095705
18097360401,2016,101528.19386517422
18097360401,2017,110408.26011283214
18097360401,2018,121797.51989013447
18097360401,2019,132519.96725632885
18097360401,2020,143586.02679568963
18097360401,2021,169428.49527382737
18097360401,2022,198205.4218530245
18097360401,2023,204593.64898869928
18097360402,2015,90782.15668333333
18097360402,2016,96584.66833666667
18097360402,2017,104380.55224166666
18097360402,2018,116953.25710833333
18097360402,2019,128168.38245
18097360402,2020,139238.34589166666
18097360402,2021,165555.13265833334
18097360402,2022,196516.83783333332
18097360402,2023,201597.56905
18097360405,2015,96104.46704749999
18097360405,2016,101589.25842916667
18097360405,2017,110467.09902500002
18097360405,2018,121858.783
18097360405,2019,132581.79875
18097360405,2020,143643.95404166667
18097360405,2021,169494.046375
18097360405,2022,198287.88164166667
18097360405,2023,204674.92643333334
18097360406,2015,90782.15668333333
18097360406,2016,96584.66833666667
18097360406,2017,104380.55224166666
18097360406,2018,116953.25710833333
18097360406,2019,128168.38245
18097360406,2020,139238.34589166666
18097360406,2021,165555.13265833334
18097360406,2022,196516.83783333332
18097360406,2023,201597.56905
18097360407,2015,90875.39430131805
18097360407,2016,96672.34004825195
18097360407,2017,104487.17795211963
18097360407,2018,117039.19338746894
18097360407,2019,128245.69782524707
18097360407,2020,139315.5244817101
18097360407,2021,165624.13557384574
18097360407,2022,196547.8634396466
18097360407,2023,201651.47899746217
18097360501,2015,96104.4670475
18097360501,2016,101589.25842916667
18097360501,2017,110467.09902500002
18097360501,2018,121858.783
18097360501,2019,132581.79875
18097360501,2020,143643.95404166667
18097360501,2021,169494.046375
18097360501,2022,198287.88164166667
18097360501,2023,204674.92643333334
18097360502,2015,95834.71918703578
18097360502,2016,101324.4075264094
18097360502,2017,110211.90128041536
18097360502,2018,121593.07095863331
18097360502,2019,132313.62149879328
18097360502,2020,143392.71040070403
18097360502,2021,169209.7363400598
18097360502,2022,197930.23478340454
18097360502,2023,204322.40766995033
18097360601,2015,72975.05267333334
18097360601,2016,78879.73158916667
18097360601,2017,88585.27808416667
18097360601,2018,99075.4182
18097360601,2019,109587.05559166666
18097360601,2020,122101.17601666666
18097360601,2021,145116.00460833337
18097360601,2022,167621.605475
18097360601,2023,174448.35655833333
18097360602,2015,72975.05267333334
18097360602,2016,78879.73158916667
18097360602,2017,88585.27808416667
18097360602,2018,99075.4182
18097360602,2019,109587.05559166668
18097360602,2020,122101.17601666665
18097360602,2021,145116.00460833334
18097360602,2022,167621.605475
18097360602,2023,174448.35655833333
18097360700,2015,72975.05267333334
18097360700,2016,78879.73158916667
18097360700,2017,88585.27808416665
18097360700,2018,99075.4182
18097360700,2019,109587.05559166666
18097360700,2020,122101.17601666666
18097360700,2021,145116.00460833334
18097360700,2022,167621.605475
18097360700,2023,174448.35655833333
18097360800,2015,72975.05267333334
18097360800,2016,78879.73158916667
18097360800,2017,88585.27808416667
18097360800,2018,99075.4182
18097360800,2019,109587.05559166668
18097360800,2020,122101.17601666666
18097360800,2021,145116.00460833334
18097360800,2022,167621.605475
18097360800,2023,174448.35655833333
18097360900,2015,50860.73630107864
18097360900,2016,53934.660691545854
18097360900,2017,61582.69749687989
18097360900,2018,71237.96635725768
18097360900,2019,79941.22263871484
18097360900,2020,90981.81902645229
18097360900,2021,113509.2008561692
18097360900,2022,135033.62014070814
18097360900,2023,139853.46835716598
18097361000,2015,72975.05267333334
18097361000,2016,78879.73158916667
18097361000,2017,88585.27808416667
18097361000,2018,99075.4182
18097361000,2019,109587.05559166666
18097361000,2020,122101.17601666666
18097361000,2021,145116.00460833334
18097361000,2022,167621.605475
18097361000,2023,174448.35655833333
18097361100,2015,72924.14170294325
18097361100,2016,78821.93584275611
18097361100,2017,88523.4910313722
18097361100,2018,99018.14944972178
18097361100,2019,109533.3032059417
18097361100,2020,122062.02703164321
18097361100,2021,145085.19071746556
18097361100,2022,167588.2024607081
18097361100,2023,174409.10442536167
18097361200,2015,72730.55730493247
18097361200,2016,78635.4411768565
18097361200,2017,88352.89897981046
18097361200,2018,98902.52824212062
18097361200,2019,109461.80172883518
18097361200,2020,122023.343614762
18097361200,2021,145039.94183023018
18097361200,2022,167508.02526544526
18097361200,2023,174302.7634995223
18097361300,2015,72975.05267333334
18097361300,2016,78879.73158916667
18097361300,2017,88585.27808416667
18097361300,2018,99075.4182
18097361300,2019,109587.05559166666
18097361300,2020,122101.17601666666
18097361300,2021,145116.00460833334
18097361300,2022,167621.605475
18097361300,2023,174448.35655833333
18097361401,2015,143690.89824783173
18097361401,2016,151496.66443580444
18097361401,2017,162145.2675442878
18097361401,2018,174864.32184547436
18097361401,2019,185608.29822805317
18097361401,2020,199902.96240407543
18097361401,2021,237942.4911271777
18097361401,2022,277928.98508561135
18097361401,2023,277586.1351527382
18097361402,2015,80855.33772611771
18097361402,2016,87278.55277637466
18097361402,2017,97775.69294198182
18097361402,2018,111554.70487093492
18097361402,2019,124284.04045737261
18097361402,2020,139420.8794369095
18097361402,2021,166540.58898137548
18097361402,2022,192031.35612408916
18097361402,2023,195488.986782654
18097361601,2015,123193.6720983526
18097361601,2016,129998.93569515033
18097361601,2017,139883.96274699236
18097361601,2018,152031.39791212583
18097361601,2019,162766.44629358177
18097361601,2020,175667.23965363664
18097361601,2021,208454.78632894382
18097361601,2022,243620.61419887503
18097361601,2023,246177.9919921011
18097361602,2015,143836.608125
18097361602,2016,151646.2915
18097361602,2017,162296.837775
18097361602,2018,175020.48475
18097361602,2019,185764.93986666662
18097361602,2020,200063.27285
18097361602,2021,238133.75994166668
18097361602,2022,278156.27324999997
18097361602,2023,277798.65036666667
18097370201,2015,83265.6077566805
18097370201,2016,89569.63687847351
18097370201,2017,97974.94452869832
18097370201,2018,109318.94025829558
18097370201,2019,120619.20197771826
18097370201,2020,133222.24623050122
18097370201,2021,156819.67128969933
18097370201,2022,183655.68896401412
18097370201,2023,193138.15216526887
18097370203,2015,57042.599335732135
18097370203,2016,61285.83739792587
18097370203,2017,67965.33817518831
18097370203,2018,78673.37489997815
18097370203,2019,88893.2620723918
18097370203,2020,98467.05847375098
18097370203,2021,118739.8213403279
18097370203,2022,137547.36077110402
18097370203,2023,144237.3303301273
18097370204,2015,83351.745085
18097370204,2016,89662.5434925
18097370204,2017,98073.5200725
18097370204,2018,109419.6048
18097370204,2019,120723.41533333334
18097370204,2020,133336.41005833333
18097370204,2021,156944.75596666668
18097370204,2022,183807.14558333333
18097370204,2023,193298.78156666667
18097370303,2015,61665.54264720201
18097370303,2016,66180.67041330678
18097370303,2017,73104.59320890119
18097370303,2018,83889.0174443992
18097370303,2019,94269.27181259445
18097370303,2020,104302.88693044812
18097370303,2021,125235.5073309418
18097370303,2022,145403.33355059172
18097370303,2023,152424.3631947172
18097370304,2015,83351.745085
18097370304,2016,89662.5434925
18097370304,2017,98073.5200725
18097370304,2018,109419.6048
18097370304,2019,120723.41533333332
18097370304,2020,133336.41005833333
18097370304,2021,156944.75596666668
18097370304,2022,183807.14558333333
18097370304,2023,193298.78156666667
18097370305,2015,83351.745085
18097370305,2016,89662.54349250002
18097370305,2017,98073.5200725
18097370305,2018,109419.6048
18097370305,2019,120723.41533333334
18097370305,2020,133336.41005833333
18097370305,2021,156944.75596666668
18097370305,2022,183807.14558333333
18097370305,2023,193298.78156666664
18097370306,2015,83351.745085
18097370306,2016,89662.5434925
18097370306,2017,98073.5200725
18097370306,2018,109419.60479999999
18097370306,2019,120723.41533333334
18097370306,2020,133336.41005833333
18097370306,2021,156944.75596666668
18097370306,2022,183807.14558333333
18097370306,2023,193298.78156666664
18097380101,2015,127126.08415
18097380101,2016,133821.73205833332
18097380101,2017,142284.28518333333
18097380101,2018,152807.613925
18097380101,2019,162226.357975
18097380101,2020,175070.61613333333
18097380101,2021,206560.89826666666
18097380101,2022,243513.0704333333
18097380101,2023,247204.71463333335
18097380102,2015,127126.08415000001
18097380102,2016,133821.73205833332
18097380102,2017,142284.28518333333
18097380102,2018,152807.613925
18097380102,2019,162226.357975
18097380102,2020,175070.61613333333
18097380102,2021,206560.89826666666
18097380102,2022,243513.07043333334
18097380102,2023,247204.71463333332
18097380103,2015,126812.36956833188
18097380103,2016,133501.3353146652
18097380103,2017,141962.61177021344
18097380103,2018,152495.7302934359
18097380103,2019,161957.04526208408
18097380103,2020,174834.71912263462
18097380103,2021,206315.1346593163
18097380103,2022,243198.73718048702
18097380103,2023,246887.68924876532
18097380200,2015,90432.44060177884
18097380200,2016,96351.63506343415
18097380200,2017,105135.85972478817
18097380200,2018,116707.45899626055
18097380200,2019,129900.94969491604
18097380200,2020,146074.282536758
18097380200,2021,174162.25456564128
18097380200,2022,201734.62839752302
18097380200,2023,206816.58603474766
18097380301,2015,120028.7057179911
18097380301,2016,127173.01857287757
18097380301,2017,136616.36189003653
18097380301,2018,148080.9862284593
18097380301,2019,158521.49392541434
18097380301,2020,173075.9418434957
18097380301,2021,204642.81914049565
18097380301,2022,238698.48433003685
18097380301,2023,243660.43397466996
18097380302,2015,103375.54833225692
18097380302,2016,109575.24404095211
18097380302,2017,119018.17033035442
18097380302,2018,130054.00161108626
18097380302,2019,139940.58881540262
18097380302,2020,153996.78262070127
18097380302,2021,179586.50781580023
18097380302,2022,208222.5130776711
18097380302,2023,215630.715714124
18097380402,2015,123738.51185833334
18097380402,2016,130952.739475
18097380402,2017,140331.25343333333
18097380402,2018,151602.49595
18097380402,2019,161839.54195
18097380402,2020,176311.97309166664
18097380402,2021,208359.69307500002
18097380402,2022,243231.81486666665
18097380402,2023,248221.30316666665
18097380403,2015,55048.81696916666
18097380403,2016,60968.523127500004
18097380403,2017,71547.3986975
18097380403,2018,86399.2429575
18097380403,2019,100403.5267475
18097380403,2020,116394.55674166666
18097380403,2021,139539.13295833333
18097380403,2022,159293.981025
18097380403,2023,163773.57156666668
18097380404,2015,120374.84691995278
18097380404,2016,127420.60177255458
18097380404,2017,136809.34595211843
18097380404,2018,148039.8785438027
18097380404,2019,158216.970888416
18097380404,2020,172619.4274863259
18097380404,2021,203595.0117239994
18097380404,2022,237434.5508956931
18097380404,2023,242827.18883270604
18097380501,2015,103478.946125
18097380501,2016,109678.451675
18097380501,2017,119118.58290000001
18097380501,2018,130144.62697499999
18097380501,2019,140020.56833333333
18097380501,2020,154071.53839166666
18097380501,2021,179661.71726666667
18097380501,2022,208314.52891666666
18097380501,2023,215732.21286666667
18097380502,2015,103478.946125
18097380502,2016,109678.451675
18097380502,2017,119118.58290000001
18097380502,2018,130144.626975
18097380502,2019,140020.56833333333
18097380502,2020,154071.53839166666
18097380502,2021,179661.71726666667
18097380502,2022,208314.52891666666
18097380502,2023,215732.21286666667
18097380600,2015,110820.97845006887
18097380600,2016,117174.52772531241
18097380600,2017,126311.13765302511
18097380600,2018,137181.09720634902
18097380600,2019,146915.08661205412
18097380600,2020,160591.39324314825
18097380600,2021,188013.45337152152
18097380600,2022,219243.07466023325
18097380600,2023,225503.88693045237
18097380700,2015,115718.39773627715
18097380700,2016,122174.70012912154
18097380700,2017,131108.84962227117
18097380700,2018,141874.69476790918
18097380700,2019,151513.99673562215
18097380700,2020,164940.38838225981
18097380700,2021,193584.3840978248
18097380700,2022,226532.8369937504
18097380700,2023,232021.9711474238
18097380800,2015,103478.946125
18097380800,2016,109678.451675
18097380800,2017,119118.5829
18097380800,2018,130144.62697499999
18097380800,2019,140020.56833333333
18097380800,2020,154071.53839166666
18097380800,2021,179661.71726666667
18097380800,2022,208314.52891666666
18097380800,2023,215732.21286666667
18097380901,2015,111808.55644452649
18097380901,2016,118425.25945617056
18097380901,2017,127840.05707693429
18097380901,2018,138966.9131583179
18097380901,2019,148991.32072709457
18097380901,2020,163215.5722187627
18097380901,2021,191460.73401702647
18097380901,2022,222670.58122337738
18097380901,2023,229089.9257316394
18097380902,2015,123738.51185833335
18097380902,2016,130952.73947499998
18097380902,2017,140331.25343333333
18097380902,2018,151602.49595
18097380902,2019,161839.54195
18097380902,2020,176311.97309166667
18097380902,2021,208359.69307500002
18097380902,2022,243231.81486666665
18097380902,2023,248221.30316666665
18097381002,2015,112888.85677709665
18097381002,2016,119285.79236102726
18097381002,2017,128336.91572525688
18097381002,2018,139162.9141809898
18097381002,2019,148856.922917403
18097381002,2020,162427.70585331088
18097381002,2021,190365.7140698729
18097381002,2022,222321.09201135422
18097381002,2023,228256.07217298908
18097381003,2015,103478.946125
18097381003,2016,109678.451675
18097381003,2017,119118.58290000001
18097381003,2018,130144.62697499999
18097381003,2019,140020.56833333333
18097381003,2020,154071.5383916667
18097381003,2021,179661.71726666667
18097381003,2022,208314.52891666666
18097381003,2023,215732.21286666667
18097381004,2015,103478.946125
18097381004,2016,109678.451675
18097381004,2017,119118.58290000001
18097381004,2018,130144.62697499999
18097381004,2019,140020.56833333333
18097381004,2020,154071.53839166666
18097381004,2021,179661.71726666667
18097381004,2022,208314.52891666666
18097381004,2023,215732.21286666667
18097381101,2015,117701.43696834422
18097381101,2016,124199.3456545263
18097381101,2017,133051.51585180257
18097381101,2018,143775.20349713304
18097381101,2019,153376.16508732282
18097381101,2020,166701.3623722169
18097381101,2021,195840.13831117097
18097381101,2022,229484.57215363733
18097381101,2023,234661.24215216943
18097381102,2015,122774.1887928509
18097381102,2016,129378.52926163559
18097381102,2017,138020.9907370729
18097381102,2018,148636.83657416093
18097381102,2019,158139.7208208026
18097381102,2020,171206.05591332875
18097381102,2021,201610.51396302477
18097381102,2022,237035.31531375574
18097381102,2023,241412.68034269646
18097381203,2015,103478.94612500002
18097381203,2016,109678.451675
18097381203,2017,119118.5829
18097381203,2018,130144.62697499998
18097381203,2019,140020.56833333333
18097381203,2020,154071.53839166666
18097381203,2021,179661.71726666667
18097381203,2022,208314.52891666666
18097381203,2023,215732.21286666667
18097381204,2015,103478.946125
18097381204,2016,109678.45167500002
18097381204,2017,119118.58290000001
18097381204,2018,130144.626975
18097381204,2019,140020.56833333333
18097381204,2020,154071.53839166666
18097381204,2021,179661.71726666667
18097381204,2022,208314.52891666666
18097381204,2023,215732.21286666667
18097381205,2015,111489.55615341628
18097381205,2016,118090.28169353292
18097381205,2017,127506.04951900203
18097381205,2018,138629.04478839683
18097381205,2019,148647.76652523965
18097381205,2020,162865.3818327938
18097381205,2021,191008.8653660578
18097381205,2022,222120.78541188562
18097381205,2023,228578.36347013674
18097381206,2015,103649.38917844156
18097381206,2016,109852.47080679856
18097381206,2017,119285.55587694608
18097381206,2018,130307.97649711893
18097381206,2019,140180.62248392886
18097381206,2020,154222.89484444173
18097381206,2021,179855.60028709267
18097381206,2022,208568.23179125757
18097381206,2023,215959.05931611374
18097381207,2015,127126.08415
18097381207,2016,133821.73205833332
18097381207,2017,142284.28518333333
18097381207,2018,152807.613925
18097381207,2019,162226.357975
18097381207,2020,175070.61613333333
18097381207,2021,206560.89826666666
18097381207,2022,243513.07043333334
18097381207,2023,247204.71463333332
18097390102,2015,77874.03047092882
18097390102,2016,84223.89909710753
18097390102,2017,94403.90100622115
18097390102,2018,108065.93070396058
18097390102,2019,120818.3817844486
18097390102,2020,136304.7896065737
18097390102,2021,162407.83226626282
18097390102,2022,187186.068497551
18097390102,2023,191835.09530206336
18097390103,2015,111831.31547709976
18097390103,2016,118852.17282640624
18097390103,2017,128671.23238180728
18097390103,2018,140921.1979803179
18097390103,2019,152041.80753311497
18097390103,2020,166816.18425066833
18097390103,2021,197810.02505102186
18097390103,2022,230165.7440004293
18097390103,2023,234279.71634948824
18097390104,2015,143149.56415780925
18097390104,2016,150944.62280312585
18097390104,2017,161594.61448695007
18097390104,2018,174334.72954935953
18097390104,2019,185104.4093686
18097390104,2020,199415.84051840912
18097390104,2021,237370.83023269993
18097390104,2022,277236.5114253554
18097390104,2023,276916.3191195643
18097390200,2015,143836.608125
18097390200,2016,151646.2915
18097390200,2017,162296.83777499996
18097390200,2018,175020.48475
18097390200,2019,185764.93986666662
18097390200,2020,200063.27285000004
18097390200,2021,238133.75994166668
18097390200,2022,278156.27324999997
18097390200,2023,277798.65036666667
18097390300,2015,143836.608125
18097390300,2016,151646.2915
18097390300,2017,162296.837775
18097390300,2018,175020.48475
18097390300,2019,185764.93986666665
18097390300,2020,200063.27285
18097390300,2021,238133.75994166665
18097390300,2022,278156.27324999997
18097390300,2023,277798.65036666667
18097390405,2015,123738.51185833334
18097390405,2016,130952.739475
18097390405,2017,140331.25343333333
18097390405,2018,151602.49595
18097390405,2019,161839.54195
18097390405,2020,176311.97309166667
18097390405,2021,208359.69307500002
18097390405,2022,243231.81486666665
18097390405,2023,248221.30316666662
18097390406,2015,143836.608125
18097390406,2016,151646.2915
18097390406,2017,162296.837775
18097390406,2018,175020.48475
18097390406,2019,185764.93986666665
18097390406,2020,200063.27285
18097390406,2021,238133.75994166668
18097390406,2022,278156.27324999997
18097390406,2023,277798.65036666667
18097390408,2015,123887.01828709152
18097390408,2016,131105.64577362547
18097390408,2017,140493.55887972418
18097390408,2018,151775.53332822947
18097390408,2019,162016.32861447206
18097390408,2020,176487.4733310264
18097390408,2021,208579.69601862752
18097390408,2022,243489.87446206345
18097390408,2023,248439.852533061
18097390409,2015,123738.51185833334
18097390409,2016,130952.739475
18097390409,2017,140331.25343333333
18097390409,2018,151602.49595
18097390409,2019,161839.54195
18097390409,2020,176311.97309166667
18097390409,2021,208359.69307500005
18097390409,2022,243231.81486666662
18097390409,2023,248221.30316666668
18097390410,2015,123738.51185833334
18097390410,2016,130952.739475
18097390410,2017,140331.25343333333
18097390410,2018,151602.49595
18097390410,2019,161839.54195
18097390410,2020,176311.97309166667
18097390410,2021,208359.69307500005
18097390410,2022,243231.81486666665
18097390410,2023,248221.30316666665
18097390411,2015,123738.51185833334
18097390411,2016,130952.73947500001
18097390411,2017,140331.25343333333
18097390411,2018,151602.49595
18097390411,2019,161839.54195
18097390411,2020,176311.97309166664
18097390411,2021,208359.69307500002
18097390411,2022,243231.81486666665
18097390411,2023,248221.30316666665
18097390500,2015,65694.49030333332
18097390500,2016,68185.76239083333
18097390500,2017,74043.81275333333
18097390500,2018,87394.03613583333
18097390500,2019,103007.03512
18097390500,2020,120031.267475
18097390500,2021,150428.26479166668
18097390500,2022,173945.935575
18097390500,2023,177166.91609166667
18097390601,2015,61171.62233083333
18097390601,2016,62896.55050583334
18097390601,2017,68803.91094416667
18097390601,2018,80324.85620916667
18097390601,2019,90522.6946625
18097390601,2020,101767.61606666667
18097390601,2021,124533.96392500002
18097390601,2022,146883.37519166668
18097390601,2023,151229.43695
18097390602,2015,61673.92975886042
18097390602,2016,63420.60082196878
18097390602,2017,69354.99840007475
18097390602,2018,80890.97280596849
18097390602,2019,91095.64242751522
18097390602,2020,102354.17661490386
18097390602,2021,125176.68189546149
18097390602,2022,147597.88353693392
18097390602,2023,151943.3649238308
18097390700,2015,35554.769146666666
18097390700,2016,38293.159565
18097390700,2017,44524.91805083333
18097390700,2018,52199.140315
18097390700,2019,60914.202203333334
18097390700,2020,71629.57974416667
18097390700,2021,94400.48488166666
18097390700,2022,113522.53495
18097390700,2023,117439.78316666666
18097390801,2015,57001.576074166675
18097390801,2016,61241.59023583334
18097390801,2017,67918.39116166666
18097390801,2018,78625.4329925
18097390801,2019,88843.6300275
18097390801,2020,98412.687475
18097390801,2021,118680.24924166665
18097390801,2022,137475.228925
18097390801,2023,144160.82990833334
18097390802,2015,66734.59021142763
18097390802,2016,71739.49405299072
18097390802,2017,79056.85087626662
18097390802,2018,89999.93724802931
18097390802,2019,100619.12949192287
18097390802,2020,111312.53208281312
18097390802,2021,132814.0859072541
18097390802,2022,154588.94078227712
18097390802,2023,162311.01247338546
18097390900,2015,178914.80264166667
18097390900,2016,201728.06626666666
18097390900,2017,236452.42999166666
18097390900,2018,261148.2044
18097390900,2019,276661.7320416667
18097390900,2020,294365.75705
18097390900,2021,329220.80659166665
18097390900,2022,353756.42815
18097390900,2023,346784.0954
18097391001,2015,144584.07515825736
18097391001,2016,159015.60076857283
18097391001,2017,182362.80760618136
18097391001,2018,200568.29347713912
18097391001,2019,217066.68705925357
18097391001,2020,237746.8195493079
18097391001,2021,269892.6650924919
18097391001,2022,287465.30917465786
18097391001,2023,282600.5736457476
18097391002,2015,231465.25407566802
18097391002,2016,245337.3694155696
18097391002,2017,271644.04630603857
18097391002,2018,286214.7346380626
18097391002,2019,298857.29314033035
18097391002,2020,323969.3305507596
18097391002,2021,356086.39935974916
18097391002,2022,357953.75866394874
18097391002,2023,344759.7829670488
