GEOID,year,zori_avg_weighted
18011810605,2015,NA
18011810605,2016,NA
18011810605,2017,NA
18011810605,2018,1081.37887
18011810605,2019,1128.2831465833333
18011810605,2020,1202.278878
18011810605,2021,1291.3894318333332
18011810605,2022,1436.8500314166668
18011810605,2023,1533.9894731666666
18057110805,2015,NA
18057110805,2016,NA
18057110805,2017,NA
18057110805,2018,NA
18057110805,2019,NA
18057110805,2020,NA
18057110805,2021,NA
18057110805,2022,1171.8334247142857
18057110805,2023,1183.8185559166668
18057110807,2015,NA
18057110807,2016,NA
18057110807,2017,NA
18057110807,2018,NA
18057110807,2019,NA
18057110807,2020,NA
18057110807,2021,NA
18057110807,2022,1171.8334247142857
18057110807,2023,1183.8185559166668
18057110810,2015,NA
18057110810,2016,NA
18057110810,2017,NA
18057110810,2018,NA
18057110810,2019,NA
18057110810,2020,NA
18057110810,2021,NA
18057110810,2022,1171.8334247142857
18057110810,2023,1183.8185559166668
18057110813,2015,NA
18057110813,2016,NA
18057110813,2017,NA
18057110813,2018,NA
18057110813,2019,NA
18057110813,2020,NA
18057110813,2021,NA
18057110813,2022,1171.8334247142857
18057110813,2023,1183.8185559166668
18057110822,2015,NA
18057110822,2016,NA
18057110822,2017,NA
18057110822,2018,NA
18057110822,2019,NA
18057110822,2020,NA
18057110822,2021,NA
18057110822,2022,1171.8334247142857
18057110822,2023,1183.8185559166668
18057111103,2015,NA
18057111103,2016,NA
18057111103,2017,NA
18057111103,2018,578.5529763382624
18057111103,2019,603.6474271113578
18057111103,2020,643.2361890477172
18057111103,2021,690.9115945634785
18057111103,2022,768.7350708339977
18057111103,2023,1414.382142711914
18059410801,2015,5.115344335777635
18059410801,2016,1054.1211588287817
18059410801,2017,1088.145813358727
18059410801,2018,1127.4803795416965
18059410801,2019,1164.5369216315664
18059410801,2020,1235.842033560378
18059410801,2021,1363.9721589427752
18059410801,2022,1497.7097841173045
18059410801,2023,1566.338442979678
18059410802,2015,1155.955004857143
18059410802,2016,1178.0389728333332
18059410802,2017,1193.2435915
18059410802,2018,1230.610373
18059410802,2019,1274.6595498333334
18059410802,2020,1360.3966435
18059410802,2021,1506.0115409166667
18059410802,2022,1643.9395508333332
18059410802,2023,1728.5089535833333
18059410901,2015,65.50707910285696
18059410901,2016,1045.9601241590099
18059410901,2017,1080.9562306446394
18059410901,2018,1119.73858972705
18059410901,2019,1156.8824273112718
18059410901,2020,1227.462094167037
18059410901,2021,1354.4646153456165
18059410901,2022,1489.158684241266
18059410901,2023,1559.134928773659
18059410902,2015,NA
18059410902,2016,1053.570359
18059410902,2017,1087.6786663333332
18059410902,2018,1127.0219790833332
18059410902,2019,1164.04743975
18059410902,2020,1235.28840325
18059410902,2021,1363.3408109166667
18059410902,2022,1497.0598103333334
18059410902,2023,1565.6176145
18063210106,2015,NA
18063210106,2016,NA
18063210106,2017,NA
18063210106,2018,NA
18063210106,2019,1368.4648887777778
18063210106,2020,1422.3392090833333
18063210106,2021,1546.0810010833334
18063210106,2022,1725.3099579166667
18063210106,2023,1779.9770320833336
18063210108,2015,NA
18063210108,2016,NA
18063210108,2017,NA
18063210108,2018,NA
18063210108,2019,1368.4648887777778
18063210108,2020,1422.3392090833333
18063210108,2021,1546.0810010833334
18063210108,2022,1725.3099579166667
18063210108,2023,1779.9770320833334
18063210109,2015,NA
18063210109,2016,NA
18063210109,2017,NA
18063210109,2018,NA
18063210109,2019,1368.4648887777778
18063210109,2020,1422.3392090833333
18063210109,2021,1546.0810010833334
18063210109,2022,1725.3099579166665
18063210109,2023,1779.9770320833331
18063210611,2015,NA
18063210611,2016,NA
18063210611,2017,NA
18063210611,2018,NA
18063210611,2019,1368.4648887777778
18063210611,2020,1422.3392090833333
18063210611,2021,1546.0810010833334
18063210611,2022,1725.3099579166667
18063210611,2023,1779.9770320833334
18063210616,2015,NA
18063210616,2016,NA
18063210616,2017,NA
18063210616,2018,NA
18063210616,2019,1368.4648887777778
18063210616,2020,1422.3392090833333
18063210616,2021,1546.0810010833334
18063210616,2022,1725.3099579166665
18063210616,2023,1779.9770320833334
18063210617,2015,NA
18063210617,2016,NA
18063210617,2017,NA
18063210617,2018,NA
18063210617,2019,1368.4648887777778
18063210617,2020,1422.3392090833333
18063210617,2021,1546.0810010833334
18063210617,2022,1725.3099579166667
18063210617,2023,1779.9770320833334
18097310104,2015,NA
18097310104,2016,NA
18097310104,2017,NA
18097310104,2018,1081.37887
18097310104,2019,1128.2831465833333
18097310104,2020,1202.278878
18097310104,2021,1291.3894318333332
18097310104,2022,1436.8500314166668
18097310104,2023,1533.9894731666666
18097310105,2015,NA
18097310105,2016,NA
18097310105,2017,NA
18097310105,2018,1081.37887
18097310105,2019,1128.2831465833333
18097310105,2020,1202.278878
18097310105,2021,1291.3894318333332
18097310105,2022,1436.8500314166668
18097310105,2023,1533.9894731666666
18097310106,2015,NA
18097310106,2016,NA
18097310106,2017,NA
18097310106,2018,960.2880131183941
18097310106,2019,1001.9400333460178
18097310106,2020,1067.6498561219644
18097310106,2021,1146.781970741969
18097310106,2022,1275.9541545491943
18097310106,2023,1505.1855584982811
18097310108,2015,NA
18097310108,2016,393.1602967883128
18097310108,2017,397.68777516418066
18097310108,2018,412.6174151140307
18097310108,2019,1229.4341784744342
18097310108,2020,1286.3886003329496
18097310108,2021,1399.3739737273986
18097310108,2022,1557.7605368802272
18097310108,2023,1642.943023993705
18097310110,2015,NA
18097310110,2016,950.2531825750001
18097310110,2017,961.1959221416666
18097310110,2018,997.280282625
18097310110,2019,1032.4330564166667
18097310110,2020,1093.7518626666667
18097310110,2021,1191.49580825
18097310110,2022,1320.34950825
18097310110,2023,1448.7711515
18097310111,2015,NA
18097310111,2016,950.2531825749999
18097310111,2017,961.1959221416666
18097310111,2018,997.280282625
18097310111,2019,1032.4330564166667
18097310111,2020,1093.7518626666667
18097310111,2021,1191.49580825
18097310111,2022,1320.34950825
18097310111,2023,1448.7711515
18097310113,2015,NA
18097310113,2016,NA
18097310113,2017,NA
18097310113,2018,NA
18097310113,2019,1368.4648887777778
18097310113,2020,1422.3392090833333
18097310113,2021,1546.0810010833336
18097310113,2022,1725.3099579166667
18097310113,2023,1779.9770320833334
18097310201,2015,NA
18097310201,2016,NA
18097310201,2017,NA
18097310201,2018,1081.37887
18097310201,2019,1128.2831465833333
18097310201,2020,1202.278878
18097310201,2021,1291.3894318333332
18097310201,2022,1436.8500314166668
18097310201,2023,1533.9894731666666
18097310203,2015,NA
18097310203,2016,NA
18097310203,2017,NA
18097310203,2018,1081.37887
18097310203,2019,1128.2831465833333
18097310203,2020,1202.278878
18097310203,2021,1291.3894318333332
18097310203,2022,1436.8500314166668
18097310203,2023,1533.9894731666666
18097310204,2015,NA
18097310204,2016,NA
18097310204,2017,NA
18097310204,2018,1054.5663319623256
18097310204,2019,1100.3076278966842
18097310204,2020,1172.4686523311118
18097310204,2021,1259.3697306693166
18097310204,2022,1401.2236684549114
18097310204,2023,1527.6115675380433
18097310305,2015,NA
18097310305,2016,950.253182575
18097310305,2017,961.1959221416666
18097310305,2018,997.280282625
18097310305,2019,1032.4330564166667
18097310305,2020,1093.7518626666667
18097310305,2021,1191.49580825
18097310305,2022,1320.34950825
18097310305,2023,1448.7711515
18097310306,2015,NA
18097310306,2016,950.253182575
18097310306,2017,961.1959221416666
18097310306,2018,997.280282625
18097310306,2019,1032.4330564166667
18097310306,2020,1093.7518626666667
18097310306,2021,1191.49580825
18097310306,2022,1320.34950825
18097310306,2023,1448.7711515
18097310308,2015,NA
18097310308,2016,261.72221407839686
18097310308,2017,264.7361035133267
18097310308,2018,274.6745903213471
18097310308,2019,284.3564961086249
18097310308,2020,301.2451464501118
18097310308,2021,328.1661421593887
18097310308,2022,363.65550044262903
18097310308,2023,399.0258600723619
18097310309,2015,NA
18097310309,2016,950.253182575
18097310309,2017,961.1959221416668
18097310309,2018,997.280282625
18097310309,2019,1032.4330564166667
18097310309,2020,1093.7518626666667
18097310309,2021,1191.49580825
18097310309,2022,1320.34950825
18097310309,2023,1448.7711514999999
18097310310,2015,NA
18097310310,2016,950.2531825750001
18097310310,2017,961.1959221416666
18097310310,2018,997.280282625
18097310310,2019,1032.4330564166667
18097310310,2020,1093.7518626666667
18097310310,2021,1191.49580825
18097310310,2022,1320.34950825
18097310310,2023,1448.7711515
18097310311,2015,NA
18097310311,2016,115.12283650711363
18097310311,2017,116.44854552990228
18097310311,2018,120.82015302205468
18097310311,2019,125.07889911646218
18097310311,2020,132.50765077567908
18097310311,2021,144.34929516402832
18097310311,2022,159.9598752814655
18097310311,2023,175.51811187666652
18097310312,2015,NA
18097310312,2016,950.253182575
18097310312,2017,961.1959221416668
18097310312,2018,997.2802826249999
18097310312,2019,1032.4330564166667
18097310312,2020,1093.7518626666667
18097310312,2021,1191.49580825
18097310312,2022,1320.34950825
18097310312,2023,1448.7711515
18097320105,2015,NA
18097320105,2016,NA
18097320105,2017,NA
18097320105,2018,NA
18097320105,2019,NA
18097320105,2020,NA
18097320105,2021,NA
18097320105,2022,NA
18097320105,2023,1276.76159075
18097320106,2015,NA
18097320106,2016,NA
18097320106,2017,NA
18097320106,2018,NA
18097320106,2019,NA
18097320106,2020,NA
18097320106,2021,NA
18097320106,2022,NA
18097320106,2023,1276.76159075
18097320107,2015,NA
18097320107,2016,NA
18097320107,2017,NA
18097320107,2018,NA
18097320107,2019,NA
18097320107,2020,NA
18097320107,2021,NA
18097320107,2022,NA
18097320107,2023,1276.76159075
18097320108,2015,NA
18097320108,2016,NA
18097320108,2017,NA
18097320108,2018,NA
18097320108,2019,NA
18097320108,2020,NA
18097320108,2021,NA
18097320108,2022,NA
18097320108,2023,1276.76159075
18097320109,2015,NA
18097320109,2016,NA
18097320109,2017,NA
18097320109,2018,NA
18097320109,2019,NA
18097320109,2020,NA
18097320109,2021,NA
18097320109,2022,NA
18097320109,2023,1276.76159075
18097320202,2015,NA
18097320202,2016,NA
18097320202,2017,975.0374265
18097320202,2018,1001.4759756833333
18097320202,2019,1029.7229925833333
18097320202,2020,1077.3445079166668
18097320202,2021,1164.0987338333334
18097320202,2022,1275.7509668333332
18097320202,2023,1349.28089325
18097320301,2015,NA
18097320301,2016,NA
18097320301,2017,975.0374265000002
18097320301,2018,1001.4759756833334
18097320301,2019,1029.7229925833333
18097320301,2020,1077.3445079166668
18097320301,2021,1164.0987338333334
18097320301,2022,1275.7509668333332
18097320301,2023,1349.28089325
18097320305,2015,NA
18097320305,2016,NA
18097320305,2017,975.0374265
18097320305,2018,1001.4759756833333
18097320305,2019,1029.7229925833333
18097320305,2020,1077.3445079166668
18097320305,2021,1164.0987338333334
18097320305,2022,1275.7509668333332
18097320305,2023,1349.28089325
18097320306,2015,NA
18097320306,2016,NA
18097320306,2017,975.0374265
18097320306,2018,1001.4759756833333
18097320306,2019,1029.7229925833333
18097320306,2020,1077.3445079166668
18097320306,2021,1164.0987338333334
18097320306,2022,1275.7509668333332
18097320306,2023,1349.28089325
18097320400,2015,NA
18097320400,2016,NA
18097320400,2017,975.0374265
18097320400,2018,1001.4759756833332
18097320400,2019,1029.7229925833333
18097320400,2020,1077.3445079166668
18097320400,2021,1164.0987338333334
18097320400,2022,1275.7509668333332
18097320400,2023,1349.28089325
18097320500,2015,NA
18097320500,2016,NA
18097320500,2017,975.0374265
18097320500,2018,1001.4759756833334
18097320500,2019,1029.7229925833333
18097320500,2020,1077.3445079166668
18097320500,2021,1164.0987338333334
18097320500,2022,1275.7509668333332
18097320500,2023,1349.28089325
18097320600,2015,NA
18097320600,2016,NA
18097320600,2017,975.0374265
18097320600,2018,1001.4759756833333
18097320600,2019,1029.7229925833333
18097320600,2020,1077.3445079166668
18097320600,2021,1164.0987338333334
18097320600,2022,1275.7509668333332
18097320600,2023,1349.28089325
18097320700,2015,NA
18097320700,2016,NA
18097320700,2017,974.3119365731029
18097320700,2018,1000.7308137924757
18097320700,2019,1028.9568131133872
18097320700,2020,1076.5428950072042
18097320700,2021,1163.2325702560631
18097320700,2022,1274.8017268857045
18097320700,2023,1349.2269342715656
18097320800,2015,NA
18097320800,2016,NA
18097320800,2017,85.69415121800598
18097320800,2018,88.0177841064726
18097320800,2019,90.5003597203905
18097320800,2020,94.68572248216063
18097320800,2021,102.31038339511676
18097320800,2022,112.12328193468889
18097320800,2023,1283.135171810336
18097320901,2015,NA
18097320901,2016,NA
18097320901,2017,NA
18097320901,2018,NA
18097320901,2019,NA
18097320901,2020,NA
18097320901,2021,NA
18097320901,2022,NA
18097320901,2023,1276.76159075
18097320902,2015,NA
18097320902,2016,NA
18097320902,2017,NA
18097320902,2018,NA
18097320902,2019,NA
18097320902,2020,NA
18097320902,2021,NA
18097320902,2022,NA
18097320902,2023,1276.76159075
18097320903,2015,NA
18097320903,2016,NA
18097320903,2017,NA
18097320903,2018,2.7152541519121587
18097320903,2019,2.8330269651865034
18097320903,2020,3.0188242121337097
18097320903,2021,3.242573545496539
18097320903,2022,3.607813248171956
18097320903,2023,1277.4074689848128
18097321001,2015,NA
18097321001,2016,NA
18097321001,2017,NA
18097321001,2018,7.525551229334028
18097321001,2019,7.851968312278073
18097321001,2020,8.366920733651135
18097321001,2021,8.987060498308342
18097321001,2022,9.999352512127718
18097321001,2023,29.050222838340446
18097321002,2015,0.1397573420961018
18097321002,2016,0.14473767392561973
18097321002,2017,0.15398386712994008
18097321002,2018,0.1627652885663395
18097321002,2019,0.1745974158393186
18097321002,2020,0.18913952084315658
18097321002,2021,0.2111085323195433
18097321002,2022,0.23923169769823383
18097321002,2023,0.2601137920215548
18097321100,2015,69.02624104732263
18097321100,2016,71.48603013749842
18097321100,2017,76.05273090125984
18097321100,2018,80.38988059025596
18097321100,2019,86.23377585184191
18097321100,2020,93.41613085570397
18097321100,2021,104.26663973771828
18097321100,2022,118.15668918577055
18097321100,2023,204.34283010855702
18097321200,2015,88.41790304218362
18097321200,2016,91.56872496120249
18097321200,2017,912.1332656855838
18097321200,2018,939.7801951874299
18097321200,2019,970.8682696405781
18097321200,2020,1019.859626668554
18097321200,2021,1106.247873248714
18097321200,2022,1217.3336652963496
18097321200,2023,1312.5495877424719
18097321300,2015,NA
18097321300,2016,NA
18097321300,2017,975.0374265000002
18097321300,2018,1001.4759756833334
18097321300,2019,1029.7229925833333
18097321300,2020,1077.3445079166668
18097321300,2021,1164.0987338333334
18097321300,2022,1275.7509668333332
18097321300,2023,1349.28089325
18097321400,2015,NA
18097321400,2016,NA
18097321400,2017,975.0374265
18097321400,2018,1001.4759756833333
18097321400,2019,1029.7229925833333
18097321400,2020,1077.3445079166668
18097321400,2021,1164.0987338333334
18097321400,2022,1275.7509668333332
18097321400,2023,1349.28089325
18097321600,2015,431.0309478661939
18097321600,2016,457.0224752167794
18097321600,2017,874.4193118877228
18097321600,2018,916.427768530837
18097321600,2019,962.4843434635804
18097321600,2020,1023.6148596983508
18097321600,2021,1121.750796842168
18097321600,2022,1238.450364598643
18097321600,2023,1315.8996245765006
18097321700,2015,177.0370052562299
18097321700,2016,190.58933735218446
18097321700,2017,943.3126318268475
18097321700,2018,978.8760829353525
18097321700,2019,1016.966710831598
18097321700,2020,1073.044607306908
18097321700,2021,1165.5905118637004
18097321700,2022,1279.3237254875603
18097321700,2023,1357.1711247814787
18097321800,2015,232.48698975781375
18097321800,2016,241.23872302831523
18097321800,2017,854.9789514850244
18097321800,2018,886.0918480376494
18097321800,2019,923.2146251729932
18097321800,2020,976.724220006565
18097321800,2021,1066.4306309712686
18097321800,2022,1181.2973655281419
18097321800,2023,1260.8693400612517
18097321900,2015,604.3759010358227
18097321900,2016,627.6593137053844
18097321900,2017,667.5455579877388
18097321900,2018,706.5656937558049
18097321900,2019,758.1246348414375
18097321900,2020,821.3598791746776
18097321900,2021,916.0624919280529
18097321900,2022,1036.04283149611
18097321900,2023,1125.2578280182872
18097322000,2015,603.7802669474315
18097322000,2016,626.9163175901989
18097322000,2017,666.7702783830489
18097322000,2018,705.6774877321425
18097322000,2019,757.1577343159908
18097322000,2020,820.3058337091135
18097322000,2021,914.9366056685957
18097322000,2022,1034.9153636704452
18097322000,2023,1124.1200227644133
18097322100,2015,738.8897996
18097322100,2016,795.4524370666667
18097322100,2017,842.6293621833333
18097322100,2018,907.1520223416667
18097322100,2019,976.4827875
18097322100,2020,1059.3982446750001
18097322100,2021,1170.3248873333332
18097322100,2022,1290.6623969166667
18097322100,2023,1382.211927
18097322200,2015,738.8897996
18097322200,2016,795.4524370666667
18097322200,2017,842.6293621833333
18097322200,2018,907.1520223416668
18097322200,2019,976.4827875
18097322200,2020,1059.3982446750001
18097322200,2021,1170.3248873333332
18097322200,2022,1290.6623969166665
18097322200,2023,1382.211927
18097322300,2015,738.8897996
18097322300,2016,795.4524370666667
18097322300,2017,842.6293621833333
18097322300,2018,907.1520223416668
18097322300,2019,976.4827875000001
18097322300,2020,1059.3982446750001
18097322300,2021,1170.3248873333332
18097322300,2022,1290.6623969166667
18097322300,2023,1382.211927
18097322400,2015,738.8897996
18097322400,2016,795.4524370666667
18097322400,2017,842.6293621833333
18097322400,2018,907.1520223416667
18097322400,2019,976.4827875
18097322400,2020,1059.3982446750001
18097322400,2021,1170.3248873333332
18097322400,2022,1290.6623969166665
18097322400,2023,1382.211927
18097322500,2015,738.8897996
18097322500,2016,795.4524370666667
18097322500,2017,842.6293621833333
18097322500,2018,907.1520223416667
18097322500,2019,976.4827875
18097322500,2020,1059.3982446750001
18097322500,2021,1170.3248873333332
18097322500,2022,1290.6623969166667
18097322500,2023,1382.211927
18097322601,2015,691.5934083473938
18097322601,2016,782.0819951893103
18097322601,2017,827.3280659011016
18097322601,2018,888.6130496985243
18097322601,2019,955.3830038961622
18097322601,2020,1035.4677871013405
18097322601,2021,1144.2249230974387
18097322601,2022,1263.1763385547133
18097322601,2023,1352.7936113672242
18097322602,2015,738.3624028399461
18097322602,2016,794.5188948379531
18097322602,2017,841.5030393478053
18097322602,2018,905.6514292430169
18097322602,2019,974.6313619096608
18097322602,2020,1057.1519147110369
18097322602,2021,1167.919300265277
18097322602,2022,1288.2496070543932
18097322602,2023,1379.4420106194148
18097322700,2015,670.7024497296072
18097322700,2016,693.8786452669667
18097322700,2017,720.3058224204103
18097322700,2018,744.6831770374145
18097322700,2019,776.5115272652871
18097322700,2020,817.2275731315544
18097322700,2021,910.8565812073414
18097322700,2022,1030.0616273701958
18097322700,2023,1083.6193009095875
18097330103,2015,NA
18097330103,2016,NA
18097330103,2017,NA
18097330103,2018,NA
18097330103,2019,NA
18097330103,2020,NA
18097330103,2021,NA
18097330103,2022,1171.8334247142857
18097330103,2023,1183.8185559166668
18097330105,2015,NA
18097330105,2016,NA
18097330105,2017,NA
18097330105,2018,NA
18097330105,2019,NA
18097330105,2020,NA
18097330105,2021,NA
18097330105,2022,1171.8334247142857
18097330105,2023,1183.8185559166668
18097330106,2015,NA
18097330106,2016,NA
18097330106,2017,NA
18097330106,2018,NA
18097330106,2019,NA
18097330106,2020,NA
18097330106,2021,NA
18097330106,2022,1171.8334247142857
18097330106,2023,1183.8185559166668
18097330107,2015,NA
18097330107,2016,NA
18097330107,2017,NA
18097330107,2018,NA
18097330107,2019,NA
18097330107,2020,NA
18097330107,2021,NA
18097330107,2022,1171.8334247142857
18097330107,2023,1183.8185559166668
18097330108,2015,NA
18097330108,2016,NA
18097330108,2017,NA
18097330108,2018,NA
18097330108,2019,NA
18097330108,2020,NA
18097330108,2021,NA
18097330108,2022,1171.8334247142857
18097330108,2023,1183.8185559166668
18097330109,2015,NA
18097330109,2016,NA
18097330109,2017,NA
18097330109,2018,NA
18097330109,2019,NA
18097330109,2020,NA
18097330109,2021,NA
18097330109,2022,1171.8334247142857
18097330109,2023,1183.8185559166668
18097330204,2015,936.9659805833334
18097330204,2016,944.719052425
18097330204,2017,991.525798075
18097330204,2018,1022.8456344250002
18097330204,2019,1061.5642730833333
18097330204,2020,1123.3465266666667
18097330204,2021,1236.38211575
18097330204,2022,1384.04780525
18097330204,2023,1472.8939566666666
18097330210,2015,936.9659805833334
18097330210,2016,944.7190524250001
18097330210,2017,991.525798075
18097330210,2018,1022.845634425
18097330210,2019,1061.5642730833333
18097330210,2020,1123.3465266666667
18097330210,2021,1236.38211575
18097330210,2022,1384.04780525
18097330210,2023,1472.8939566666666
18097330211,2015,936.9659805833334
18097330211,2016,944.719052425
18097330211,2017,991.525798075
18097330211,2018,1022.8456344250001
18097330211,2019,1061.5642730833333
18097330211,2020,1123.3465266666667
18097330211,2021,1236.38211575
18097330211,2022,1384.04780525
18097330211,2023,1472.8939566666666
18097330212,2015,936.9659805833332
18097330212,2016,944.719052425
18097330212,2017,991.525798075
18097330212,2018,1022.8456344250001
18097330212,2019,1061.5642730833333
18097330212,2020,1123.3465266666667
18097330212,2021,1236.38211575
18097330212,2022,1384.04780525
18097330212,2023,1472.8939566666666
18097330401,2015,13.23816786152488
18097330401,2016,13.492345222981859
18097330401,2017,476.850515796654
18097330401,2018,489.87544931182856
18097330401,2019,503.9007646777247
18097330401,2020,527.295049566236
18097330401,2021,570.2978249204818
18097330401,2022,1218.4592490748144
18097330401,2023,1260.4613552815183
18097330500,2015,682.4561647416666
18097330500,2016,695.559557075
18097330500,2017,722.1081598416666
18097330500,2018,746.5823537083334
18097330500,2019,778.3725910666667
18097330500,2020,819.031646775
18097330500,2021,912.9171205416667
18097330500,2022,1032.48390135
18097330500,2023,1085.81941675
18097330600,2015,682.4561647416666
18097330600,2016,695.559557075
18097330600,2017,722.1081598416666
18097330600,2018,746.5823537083334
18097330600,2019,778.3725910666667
18097330600,2020,819.031646775
18097330600,2021,912.9171205416666
18097330600,2022,1032.48390135
18097330600,2023,1085.81941675
18097330701,2015,682.4561647416666
18097330701,2016,695.559557075
18097330701,2017,722.1081598416666
18097330701,2018,746.5823537083332
18097330701,2019,778.3725910666667
18097330701,2020,819.0316467749999
18097330701,2021,912.9171205416667
18097330701,2022,1032.48390135
18097330701,2023,1085.81941675
18097330702,2015,897.7461274001415
18097330702,2016,906.3236813289616
18097330702,2017,950.0086558715449
18097330702,2018,980.273581658457
18097330702,2019,1017.9245566556397
18097330702,2020,1076.4517345293102
18097330702,2021,1186.5362990768033
18097330702,2022,1329.8719588298147
18097330702,2023,1413.2459365057173
18097330803,2015,936.9659805833334
18097330803,2016,944.719052425
18097330803,2017,991.525798075
18097330803,2018,1022.8456344250001
18097330803,2019,1061.5642730833333
18097330803,2020,1123.3465266666667
18097330803,2021,1236.38211575
18097330803,2022,1384.04780525
18097330803,2023,1472.8939566666666
18097330804,2015,934.9983009960249
18097330804,2016,942.7927375150506
18097330804,2017,989.4428623522285
18097330804,2018,1020.7097733133514
18097330804,2019,1059.3748467535197
18097330804,2020,1120.9937915656772
18097330804,2021,1233.8813262768101
18097330804,2022,1381.3297760256619
18097330804,2023,1469.901385757595
18097330805,2015,682.4561647416665
18097330805,2016,695.559557075
18097330805,2017,722.1081598416666
18097330805,2018,746.5823537083334
18097330805,2019,778.3725910666666
18097330805,2020,819.031646775
18097330805,2021,912.9171205416667
18097330805,2022,1032.48390135
18097330805,2023,1085.81941675
18097330806,2015,682.4561647416666
18097330806,2016,695.559557075
18097330806,2017,722.1081598416666
18097330806,2018,746.5823537083334
18097330806,2019,778.3725910666667
18097330806,2020,819.0316467749999
18097330806,2021,912.9171205416667
18097330806,2022,1032.48390135
18097330806,2023,1085.81941675
18097330900,2015,682.4561647416666
18097330900,2016,695.559557075
18097330900,2017,722.1081598416666
18097330900,2018,746.5823537083334
18097330900,2019,778.3725910666667
18097330900,2020,819.031646775
18097330900,2021,912.9171205416667
18097330900,2022,1032.48390135
18097330900,2023,1085.81941675
18097331000,2015,671.2321972928548
18097331000,2016,693.954405052994
18097331000,2017,720.3870549376256
18097331000,2018,744.7687741624565
18097331000,2019,776.5954066185653
18097331000,2020,817.3088839014305
18097331000,2021,910.9494510523405
18097331000,2022,1030.170800830417
18097331000,2023,1083.718461558295
18097340101,2015,NA
18097340101,2016,NA
18097340101,2017,NA
18097340101,2018,NA
18097340101,2019,1125.9612606974474
18097340101,2020,1170.2885928109072
18097340101,2021,1272.102285850354
18097340101,2022,1419.570345750515
18097340101,2023,1464.549948992156
18097340102,2015,NA
18097340102,2016,NA
18097340102,2017,NA
18097340102,2018,NA
18097340102,2019,NA
18097340102,2020,852.9860204768848
18097340102,2021,961.1995552571034
18097340102,2022,1047.830327531462
18097340102,2023,1113.8873445471318
18097340108,2015,NA
18097340108,2016,NA
18097340108,2017,NA
18097340108,2018,NA
18097340108,2019,NA
18097340108,2020,772.3316223
18097340108,2021,871.24691625
18097340108,2022,1012.2249411416666
18097340108,2023,1049.45928525
18097340111,2015,NA
18097340111,2016,NA
18097340111,2017,NA
18097340111,2018,NA
18097340111,2019,211.54178074982005
18097340111,2020,959.9365034616318
18097340111,2021,1072.9530050080011
18097340111,2022,1175.8212849219813
18097340111,2023,1241.5842058319163
18097340112,2015,NA
18097340112,2016,NA
18097340112,2017,NA
18097340112,2018,NA
18097340112,2019,109.91565012275102
18097340112,2020,919.3182485078325
18097340112,2021,1031.3926219550303
18097340112,2022,1127.5532476839321
18097340112,2023,1194.290846999653
18097340113,2015,NA
18097340113,2016,NA
18097340113,2017,NA
18097340113,2018,NA
18097340113,2019,1324.2374790681497
18097340113,2020,1404.6622573736977
18097340113,2021,1527.994037842373
18097340113,2022,1704.303842209668
18097340113,2023,1759.3950937106658
18097340114,2015,NA
18097340114,2016,NA
18097340114,2017,NA
18097340114,2018,NA
18097340114,2019,1360.435900819002
18097340114,2020,1419.1301576521882
18097340114,2021,1542.7975166779404
18097340114,2022,1721.4965342687647
18097340114,2023,1776.2406130516208
18097340115,2015,NA
18097340115,2016,NA
18097340115,2017,NA
18097340115,2018,NA
18097340115,2019,NA
18097340115,2020,875.38681205
18097340115,2021,986.4422091583333
18097340115,2022,1075.3480455333333
18097340115,2023,1143.1398265833334
18097340201,2015,NA
18097340201,2016,NA
18097340201,2017,NA
18097340201,2018,NA
18097340201,2019,NA
18097340201,2020,772.3316223
18097340201,2021,871.24691625
18097340201,2022,1012.2249411416665
18097340201,2023,1049.45928525
18097340202,2015,NA
18097340202,2016,NA
18097340202,2017,NA
18097340202,2018,NA
18097340202,2019,NA
18097340202,2020,772.3316223
18097340202,2021,871.2469162499999
18097340202,2022,1012.2249411416666
18097340202,2023,1049.45928525
18097340301,2015,NA
18097340301,2016,NA
18097340301,2017,NA
18097340301,2018,NA
18097340301,2019,NA
18097340301,2020,772.3316223
18097340301,2021,871.24691625
18097340301,2022,1012.2249411416666
18097340301,2023,1049.45928525
18097340302,2015,NA
18097340302,2016,NA
18097340302,2017,NA
18097340302,2018,NA
18097340302,2019,NA
18097340302,2020,772.3316223
18097340302,2021,871.24691625
18097340302,2022,1012.2249411416666
18097340302,2023,1049.45928525
18097340400,2015,NA
18097340400,2016,543.7067935224927
18097340400,2017,554.9999144986825
18097340400,2018,581.1203495237223
18097340400,2019,610.6039310408945
18097340400,2020,678.4041420973213
18097340400,2021,748.4080987991678
18097340400,2022,857.5890111845836
18097340400,2023,922.3402808454362
18097340500,2015,NA
18097340500,2016,563.3491659125
18097340500,2017,575.0502709166667
18097340500,2018,602.1143529916667
18097340500,2019,632.6630811916667
18097340500,2020,675.0108452583332
18097340500,2021,743.9703286166666
18097340500,2022,852.0025139083332
18097340500,2023,917.7478813166668
18097340600,2015,NA
18097340600,2016,563.3491659125
18097340600,2017,575.0502709166667
18097340600,2018,602.1143529916667
18097340600,2019,632.6630811916667
18097340600,2020,675.0108452583333
18097340600,2021,743.9703286166666
18097340600,2022,852.0025139083332
18097340600,2023,917.7478813166667
18097340700,2015,NA
18097340700,2016,559.7130253353064
18097340700,2017,571.3386054868982
18097340700,2018,598.228002281486
18097340700,2019,628.5795535317169
18097340700,2020,675.639002798661
18097340700,2021,744.7918361164969
18097340700,2022,853.0366705278711
18097340700,2023,918.5980133649593
18097340800,2015,NA
18097340800,2016,NA
18097340800,2017,NA
18097340800,2018,NA
18097340800,2019,NA
18097340800,2020,772.3316223
18097340800,2021,871.24691625
18097340800,2022,1012.2249411416666
18097340800,2023,1049.45928525
18097340901,2015,NA
18097340901,2016,NA
18097340901,2017,NA
18097340901,2018,NA
18097340901,2019,NA
18097340901,2020,875.38681205
18097340901,2021,986.4422091583333
18097340901,2022,1075.3480455333333
18097340901,2023,1143.1398265833334
18097340903,2015,NA
18097340903,2016,NA
18097340903,2017,NA
18097340903,2018,NA
18097340903,2019,NA
18097340903,2020,772.3316223
18097340903,2021,871.2469162499999
18097340903,2022,1012.2249411416667
18097340903,2023,1049.45928525
18097340904,2015,NA
18097340904,2016,NA
18097340904,2017,NA
18097340904,2018,NA
18097340904,2019,NA
18097340904,2020,772.3316223
18097340904,2021,871.24691625
18097340904,2022,1012.2249411416667
18097340904,2023,1049.45928525
18097341000,2015,NA
18097341000,2016,25.935366439047787
18097341000,2017,26.474059783047473
18097341000,2018,27.720031071235397
18097341000,2019,29.126427863943054
18097341000,2020,767.8511860671354
18097341000,2021,865.3873798574409
18097341000,2022,1004.8486501777502
18097341000,2023,1043.3955795912204
18097341100,2015,NA
18097341100,2016,563.3491659125
18097341100,2017,575.0502709166667
18097341100,2018,602.1143529916667
18097341100,2019,632.6630811916667
18097341100,2020,675.0108452583332
18097341100,2021,743.9703286166665
18097341100,2022,852.0025139083333
18097341100,2023,917.7478813166667
18097341200,2015,NA
18097341200,2016,563.3491659125
18097341200,2017,575.0502709166667
18097341200,2018,602.1143529916667
18097341200,2019,632.6630811916667
18097341200,2020,675.0108452583333
18097341200,2021,743.9703286166666
18097341200,2022,852.0025139083333
18097341200,2023,917.7478813166667
18097341600,2015,NA
18097341600,2016,563.3491659125
18097341600,2017,575.0502709166667
18097341600,2018,602.1143529916667
18097341600,2019,632.6630811916667
18097341600,2020,675.0108452583333
18097341600,2021,743.9703286166666
18097341600,2022,852.0025139083333
18097341600,2023,917.7478813166667
18097341701,2015,NA
18097341701,2016,563.3491659125
18097341701,2017,575.0502709166667
18097341701,2018,602.1143529916667
18097341701,2019,632.6630811916667
18097341701,2020,675.0108452583333
18097341701,2021,743.9703286166666
18097341701,2022,852.0025139083332
18097341701,2023,917.7478813166668
18097341702,2015,NA
18097341702,2016,248.14992525331508
18097341702,2017,253.3041502133573
18097341702,2018,265.2256197926767
18097341702,2019,278.682042697173
18097341702,2020,562.1048182757029
18097341702,2021,853.7688602369138
18097341702,2022,970.1718681514184
18097341702,2023,1031.2562115063363
18097341902,2015,NA
18097341902,2016,NA
18097341902,2017,NA
18097341902,2018,NA
18097341902,2019,NA
18097341902,2020,668.1214400126547
18097341902,2021,997.3746192749608
18097341902,2022,1087.2582524295067
18097341902,2023,1159.815663198308
18097341903,2015,NA
18097341903,2016,NA
18097341903,2017,NA
18097341903,2018,NA
18097341903,2019,NA
18097341903,2020,733.3741199697378
18097341903,2021,880.2289626703733
18097341903,2022,1018.864599351126
18097341903,2023,1058.7272958600165
18097341904,2015,NA
18097341904,2016,NA
18097341904,2017,NA
18097341904,2018,NA
18097341904,2019,NA
18097341904,2020,772.3316223
18097341904,2021,871.24691625
18097341904,2022,1012.2249411416666
18097341904,2023,1049.45928525
18097342101,2015,NA
18097342101,2016,NA
18097342101,2017,NA
18097342101,2018,NA
18097342101,2019,NA
18097342101,2020,NA
18097342101,2021,1019.5965425007914
18097342101,2022,1111.4591573163204
18097342101,2023,1198.2701587147092
18097342200,2015,NA
18097342200,2016,NA
18097342200,2017,NA
18097342200,2018,NA
18097342200,2019,NA
18097342200,2020,NA
18097342200,2021,1049.31578793
18097342200,2022,1143.8560183333334
18097342200,2023,1233.1973906666667
18097342300,2015,NA
18097342300,2016,NA
18097342300,2017,NA
18097342300,2018,NA
18097342300,2019,NA
18097342300,2020,NA
18097342300,2021,1049.31578793
18097342300,2022,1143.8560183333334
18097342300,2023,1233.1973906666667
18097342400,2015,12.139153483328531
18097342400,2016,12.261732437772084
18097342400,2017,12.559567902520568
18097342400,2018,13.04151969683393
18097342400,2019,13.568069701336045
18097342400,2020,14.57952224788901
18097342400,2021,1051.6983567742989
18097342400,2022,1146.3846485171043
18097342400,2023,1235.712367159295
18097342500,2015,NA
18097342500,2016,NA
18097342500,2017,NA
18097342500,2018,NA
18097342500,2019,NA
18097342500,2020,NA
18097342500,2021,1049.31578793
18097342500,2022,1143.8560183333334
18097342500,2023,1233.1973906666667
18097342600,2015,670.0164740588693
18097342600,2016,839.4661727554283
18097342600,2017,859.2841461505865
18097342600,2018,893.7008792683882
18097342600,2019,931.5854917732653
18097342600,2020,999.6414622636786
18097342600,2021,1092.6431961068033
18097342600,2022,1199.1414400544434
18097342600,2023,1280.9151462706282
18097350100,2015,596.13038882
18097350100,2016,617.3738319583333
18097350100,2017,656.8131677909091
18097350100,2018,694.2700347916667
18097350100,2019,744.7395881333333
18097350100,2020,806.7684631833333
18097350100,2021,900.4765657916666
18097350100,2022,1020.4350113416666
18097350100,2023,1109.50690425
18097350300,2015,621.2964465416654
18097350300,2016,648.766063340237
18097350300,2017,689.569404652284
18097350300,2018,731.7975109651445
18097350300,2019,785.5919753770191
18097350300,2020,851.3027998585427
18097350300,2021,948.0462384241592
18097350300,2022,1068.0715065205047
18097350300,2023,1157.5801647518294
18097350400,2015,738.8897996000001
18097350400,2016,795.4524370666668
18097350400,2017,842.6293621833332
18097350400,2018,907.1520223416668
18097350400,2019,976.4827875
18097350400,2020,1059.3982446750001
18097350400,2021,1170.3248873333332
18097350400,2022,1290.6623969166667
18097350400,2023,1382.211927
18097350500,2015,NA
18097350500,2016,597.9607447333333
18097350500,2017,617.45900995
18097350500,2018,636.3104247333333
18097350500,2019,670.3136103166667
18097350500,2020,714.2816865833333
18097350500,2021,793.2759883583334
18097350500,2022,891.8393639833333
18097350500,2023,958.0740514
18097350600,2015,NA
18097350600,2016,597.9607447333333
18097350600,2017,617.45900995
18097350600,2018,636.3104247333333
18097350600,2019,670.3136103166667
18097350600,2020,714.2816865833333
18097350600,2021,793.2759883583334
18097350600,2022,891.8393639833333
18097350600,2023,958.0740514
18097350700,2015,NA
18097350700,2016,597.9607447333333
18097350700,2017,617.45900995
18097350700,2018,636.3104247333333
18097350700,2019,670.3136103166667
18097350700,2020,714.2816865833333
18097350700,2021,793.2759883583333
18097350700,2022,891.8393639833333
18097350700,2023,958.0740514
18097350800,2015,162.43616151436896
18097350800,2016,641.3769516575186
18097350800,2017,666.9600420706511
18097350800,2018,695.8517386312021
18097350800,2019,737.6212737092272
18097350800,2020,790.1514698741692
18097350800,2021,876.1657181744357
18097350800,2022,979.5158789768818
18097350800,2023,1051.3157343987632
18097350900,2015,738.8897996
18097350900,2016,795.4524370666667
18097350900,2017,842.6293621833333
18097350900,2018,907.1520223416667
18097350900,2019,976.4827875
18097350900,2020,1059.3982446750001
18097350900,2021,1170.3248873333332
18097350900,2022,1290.6623969166667
18097350900,2023,1382.211927
18097351000,2015,632.9931758342419
18097351000,2016,663.356605745611
18097351000,2017,704.7939121793871
18097351000,2018,749.239604386749
18097351000,2019,804.5794274376381
18097351000,2020,872.001555542709
18097351000,2021,970.1557634627087
18097351000,2022,1090.2120894722118
18097351000,2023,1179.9237483405025
18097351200,2015,596.13038882
18097351200,2016,617.3738319583333
18097351200,2017,656.8131677909091
18097351200,2018,694.2700347916667
18097351200,2019,744.7395881333333
18097351200,2020,806.7684631833333
18097351200,2021,900.4765657916666
18097351200,2022,1020.4350113416666
18097351200,2023,1109.50690425
18097351500,2015,625.3348220314709
18097351500,2016,653.8035475256856
18097351500,2017,694.8257696158496
18097351500,2018,737.8195125694227
18097351500,2019,792.1475225814949
18097351500,2020,858.4491862998755
18097351500,2021,955.6797025980788
18097351500,2022,1075.7156936505705
18097351500,2023,1165.2944392350546
18097351600,2015,497.9253544386156
18097351600,2016,527.5096920463864
18097351600,2017,806.6643991832773
18097351600,2018,858.9401795109262
18097351600,2019,908.9287226009127
18097351600,2020,974.3488999652805
18097351600,2021,1060.2479129256062
18097351600,2022,1180.9672096136685
18097351600,2023,1265.9303600912283
18097351700,2015,536.2500756591114
18097351700,2016,637.4721844817643
18097351700,2017,839.4707047342956
18097351700,2018,897.5313434905647
18097351700,2019,954.7484818753604
18097351700,2020,1026.9022166547911
18097351700,2021,1121.852841558694
18097351700,2022,1240.344707095649
18097351700,2023,1325.5056992281181
18097351900,2015,NA
18097351900,2016,597.9607447333333
18097351900,2017,617.45900995
18097351900,2018,636.3104247333333
18097351900,2019,670.3136103166667
18097351900,2020,714.2816865833333
18097351900,2021,793.2759883583334
18097351900,2022,891.8393639833333
18097351900,2023,958.0740514000001
18097352100,2015,NA
18097352100,2016,597.9607447333333
18097352100,2017,617.4590099499999
18097352100,2018,636.3104247333333
18097352100,2019,670.3136103166668
18097352100,2020,714.2816865833333
18097352100,2021,793.2759883583334
18097352100,2022,891.8393639833333
18097352100,2023,958.0740514
18097352300,2015,NA
18097352300,2016,597.9607447333333
18097352300,2017,617.45900995
18097352300,2018,636.3104247333333
18097352300,2019,670.3136103166667
18097352300,2020,714.2816865833333
18097352300,2021,793.2759883583334
18097352300,2022,891.8393639833333
18097352300,2023,958.0740514
18097352400,2015,16.427987038673553
18097352400,2016,596.8209983378631
18097352400,2017,616.7911599724225
18097352400,2018,636.3167877291684
18097352400,2019,670.7171149292141
18097352400,2020,715.0773281997517
18097352400,2021,794.1655957815611
18097352400,2022,892.7738534348764
18097352400,2023,959.6696434630858
18097352500,2015,527.2216646721964
18097352500,2016,560.4223718896252
18097352500,2017,595.1380296222125
18097352500,2018,635.9282935057404
18097352500,2019,682.5210785776585
18097352500,2020,738.730719644
18097352500,2021,820.657410720148
18097352500,2022,920.2032683710722
18097352500,2023,1007.1598471424909
18097352600,2015,363.9645819249291
18097352600,2016,572.7094878781143
18097352600,2017,602.6626908814898
18097352600,2018,636.4513978856385
18097352600,2019,679.253317127055
18097352600,2020,731.9092490838449
18097352600,2021,812.9853777747071
18097352600,2022,912.5431216466113
18097352600,2023,993.4246391985312
18097352700,2015,402.6912983755394
18097352700,2016,556.811097277073
18097352700,2017,608.5448210270513
18097352700,2018,644.694484428252
18097352700,2019,688.1240028063592
18097352700,2020,741.6941064886186
18097352700,2021,822.0731295435054
18097352700,2022,922.2617240564516
18097352700,2023,1004.772204056461
18097352800,2015,1.5393850470252683
18097352800,2016,311.39822380183443
18097352800,2017,779.06921890743
18097352800,2018,814.7135840520923
18097352800,2019,842.0627110430879
18097352800,2020,885.8455671308469
18097352800,2021,944.9310857589576
18097352800,2022,1054.8828215111682
18097352800,2023,1122.708137858663
18097353300,2015,NA
18097353300,2016,NA
18097353300,2017,954.9421696666667
18097353300,2018,1008.7160765416668
18097353300,2019,1028.751594
18097353300,2020,1072.2563295833334
18097353300,2021,1109.67374875
18097353300,2022,1232.0009279166666
18097353300,2023,1301.4266523333333
18097353500,2015,NA
18097353500,2016,NA
18097353500,2017,954.9421696666667
18097353500,2018,1008.7160765416667
18097353500,2019,1028.751594
18097353500,2020,1072.2563295833334
18097353500,2021,1109.67374875
18097353500,2022,1232.0009279166666
18097353500,2023,1301.4266523333333
18097353600,2015,59.57420076644895
18097353600,2016,134.88928480089854
18097353600,2017,875.7919233169288
18097353600,2018,924.4649634801692
18097353600,2019,948.9078116711813
18097353600,2020,994.1134369102504
18097353600,2021,1041.2543028302507
18097353600,2022,1161.4875116772296
18097353600,2023,1232.3984092453231
18097354201,2015,NA
18097354201,2016,NA
18097354201,2017,106.44373158447125
18097354201,2018,112.4377022053821
18097354201,2019,114.6709842932757
18097354201,2020,1443.4501666112433
18097354201,2021,1452.1957241393425
18097354201,2022,1595.543158845381
18097354201,2023,1642.1252063319712
18097354202,2015,NA
18097354202,2016,NA
18097354202,2017,449.8907749238296
18097354202,2018,475.22464895634846
18097354202,2019,484.6637487905048
18097354202,2020,1293.201892588283
18097354202,2021,1313.5529707217688
18097354202,2022,1448.3920284040942
18097354202,2023,1504.220519901079
18097354400,2015,148.00146527425434
18097354400,2016,153.49114734705816
18097354400,2017,856.5013339108835
18097354400,2018,906.7853227314721
18097354400,2019,934.2239564467368
18097354400,2020,981.3883874011303
18097354400,2021,1031.0387186017401
18097354400,2022,1147.2622213691807
18097354400,2023,1221.769982299588
18097354500,2015,540.4218104833334
18097354500,2016,560.4671790833333
18097354500,2017,595.489142725
18097354500,2018,636.5197444583333
18097354500,2019,683.5874638166666
18097354500,2020,740.4554400583334
18097354500,2021,822.5408796166666
18097354500,2022,922.5807128833333
18097354500,2023,1010.5633034
18097354700,2015,540.4218104833334
18097354700,2016,560.4671790833333
18097354700,2017,595.489142725
18097354700,2018,636.5197444583333
18097354700,2019,683.5874638166665
18097354700,2020,740.4554400583334
18097354700,2021,822.5408796166666
18097354700,2022,922.5807128833334
18097354700,2023,1010.5633034
18097354800,2015,540.4218104833334
18097354800,2016,560.4671790833333
18097354800,2017,595.489142725
18097354800,2018,636.5197444583333
18097354800,2019,683.5874638166666
18097354800,2020,740.4554400583334
18097354800,2021,822.5408796166666
18097354800,2022,922.5807128833334
18097354800,2023,1010.5633034
18097354900,2015,540.4218104833334
18097354900,2016,560.4671790833333
18097354900,2017,595.489142725
18097354900,2018,636.5197444583333
18097354900,2019,683.5874638166666
18097354900,2020,740.4554400583334
18097354900,2021,822.5408796166666
18097354900,2022,922.5807128833334
18097354900,2023,1010.5633034
18097355000,2015,540.4218104833334
18097355000,2016,560.4671790833333
18097355000,2017,595.489142725
18097355000,2018,636.5197444583333
18097355000,2019,683.5874638166666
18097355000,2020,740.4554400583334
18097355000,2021,822.5408796166666
18097355000,2022,922.5807128833333
18097355000,2023,1010.5633034
18097355100,2015,540.4218104833334
18097355100,2016,560.4671790833333
18097355100,2017,595.489142725
18097355100,2018,636.5197444583333
18097355100,2019,683.5874638166666
18097355100,2020,740.4554400583334
18097355100,2021,822.5408796166666
18097355100,2022,922.5807128833334
18097355100,2023,1010.5633034
18097355300,2015,520.8680401220322
18097355300,2016,560.400804848621
18097355300,2017,594.9690283958871
18097355300,2018,635.6436104919026
18097355300,2019,682.0077955024988
18097355300,2020,737.9005601803498
18097355300,2021,819.7508408692078
18097355300,2022,919.0589332981209
18097355300,2023,1005.5216619631365
18097355400,2015,531.0131142871728
18097355400,2016,560.4352417639253
18097355400,2017,595.238879086864
18097355400,2018,636.09817469634
18097355400,2019,682.8273741263366
18097355400,2020,739.2261073953497
18097355400,2021,821.1983954580968
18097355400,2022,920.8861366673477
18097355400,2023,1008.1374145952863
18097355500,2015,575.1639094651277
18097355500,2016,614.5569258700871
18097355500,2017,655.7666751767899
18097355500,2018,698.1833914024046
18097355500,2019,750.6874666646412
18097355500,2020,809.9475564851773
18097355500,2021,896.3191001267415
18097355500,2022,1004.3401112278701
18097355500,2023,1089.85998969805
18097355600,2015,555.6474520308439
18097355600,2016,576.9140891413673
18097355600,2017,613.9241505672269
18097355600,2018,655.4608799286794
18097355600,2019,704.3481146332415
18097355600,2020,762.1757556483999
18097355600,2021,845.6193871339594
18097355600,2022,948.258525402904
18097355600,2023,1035.8561425333169
18097355700,2015,465.4490272540755
18097355700,2016,483.61859931453324
18097355700,2017,684.7328820590025
18097355700,2018,728.7240957991128
18097355700,2019,773.5001226873353
18097355700,2020,829.3182000843234
18097355700,2021,905.3443338176835
18097355700,2022,1012.9252592913601
18097355700,2023,1097.0819438008446
18097355900,2015,660.6816447974293
18097355900,2016,690.5359909506162
18097355900,2017,748.1799888060494
18097355900,2018,793.422752758374
18097355900,2019,855.1242318428201
18097355900,2020,919.7167215066763
18097355900,2021,1012.5545772734166
18097355900,2022,1133.925209777929
18097355900,2023,1218.6420046206986
18097356200,2015,171.65635041456872
18097356200,2016,179.44722400420977
18097356200,2017,397.4952679853599
18097356200,2018,420.64848585576294
18097356200,2019,440.9648057805727
18097356200,2020,1204.7411143982126
18097356200,2021,1239.3164797899785
18097356200,2022,1369.129642906466
18097356200,2023,1427.397132961805
18097356400,2015,363.34120648003943
18097356400,2016,714.392269341061
18097356400,2017,730.5222235912117
18097356400,2018,761.6364121887468
18097356400,2019,796.2342480437986
18097356400,2020,852.6215954405333
18097356400,2021,932.3418808532934
18097356400,2022,1039.5735664472586
18097356400,2023,1113.956088609034
18097357000,2015,485.19314666884475
18097357000,2016,507.2143446211945
18097357000,2017,544.7956966958608
18097357000,2018,577.6496347031588
18097357000,2019,622.9320173363029
18097357000,2020,670.0498206193802
18097357000,2021,737.8958205614583
18097357000,2022,826.368489862508
18097357000,2023,887.805141068463
18097357100,2015,669.136322675
18097357100,2016,699.5060497
18097357100,2017,751.3349922583334
18097357100,2018,796.6442951916666
18097357100,2019,859.0938314333333
18097357100,2020,924.0746207083333
18097357100,2021,1017.6419417250002
18097357100,2022,1139.6557768333332
18097357100,2023,1224.38387975
18097357200,2015,669.136322675
18097357200,2016,699.5060497
18097357200,2017,751.3349922583334
18097357200,2018,796.6442951916666
18097357200,2019,859.0938314333333
18097357200,2020,924.0746207083332
18097357200,2021,1017.6419417250002
18097357200,2022,1139.6557768333332
18097357200,2023,1224.38387975
18097357300,2015,669.136322675
18097357300,2016,699.5060497
18097357300,2017,751.3349922583334
18097357300,2018,796.6442951916666
18097357300,2019,859.0938314333333
18097357300,2020,924.0746207083333
18097357300,2021,1017.641941725
18097357300,2022,1139.6557768333332
18097357300,2023,1224.38387975
18097357400,2015,669.1363226749999
18097357400,2016,699.5060496999998
18097357400,2017,751.3349922583334
18097357400,2018,796.6442951916666
18097357400,2019,859.0938314333333
18097357400,2020,924.0746207083332
18097357400,2021,1017.641941725
18097357400,2022,1139.6557768333332
18097357400,2023,1224.38387975
18097357500,2015,669.136322675
18097357500,2016,699.5060497
18097357500,2017,751.3349922583334
18097357500,2018,796.6442951916666
18097357500,2019,859.0938314333333
18097357500,2020,924.0746207083333
18097357500,2021,1017.641941725
18097357500,2022,1139.6557768333332
18097357500,2023,1224.38387975
18097357601,2015,669.136322675
18097357601,2016,699.5060497
18097357601,2017,751.3349922583334
18097357601,2018,796.6442951916666
18097357601,2019,859.0938314333333
18097357601,2020,924.0746207083333
18097357601,2021,1017.641941725
18097357601,2022,1139.6557768333332
18097357601,2023,1224.38387975
18097357602,2015,669.136322675
18097357602,2016,699.5060497
18097357602,2017,751.3349922583334
18097357602,2018,796.6442951916666
18097357602,2019,859.0938314333333
18097357602,2020,924.0746207083333
18097357602,2021,1017.6419417249999
18097357602,2022,1139.6557768333332
18097357602,2023,1224.38387975
18097357800,2015,223.74102584139638
18097357800,2016,233.89583831956605
18097357800,2017,251.22603006572336
18097357800,2018,266.3762312652873
18097357800,2019,287.2576612946304
18097357800,2020,308.98547363972955
18097357800,2021,340.27184635644176
18097357800,2022,381.0699613427072
18097357800,2023,409.40073942449715
18097357900,2015,113.98288728551066
18097357900,2016,119.1561667131522
18097357900,2017,127.98487966380615
18097357900,2018,135.70301570608402
18097357900,2019,146.34087559987967
18097357900,2020,157.40991748068234
18097357900,2021,173.34848342553232
18097357900,2022,194.13272236630328
18097357900,2023,208.5655867579084
18097358100,2015,947.77402271
18097358100,2016,957.3444716636363
18097358100,2017,980.5982114666667
18097358100,2018,1018.226979525
18097358100,2019,1059.3377881666665
18097358100,2020,1138.3077468333333
18097358100,2021,1235.3367375
18097358100,2022,1341.2808226666666
18097358100,2023,1429.5561722500001
18097360101,2015,NA
18097360101,2016,597.9607447333333
18097360101,2017,617.45900995
18097360101,2018,636.3104247333333
18097360101,2019,670.3136103166667
18097360101,2020,714.2816865833333
18097360101,2021,793.2759883583333
18097360101,2022,891.8393639833333
18097360101,2023,958.0740514
18097360102,2015,NA
18097360102,2016,597.9607447333333
18097360102,2017,617.45900995
18097360102,2018,636.3104247333333
18097360102,2019,670.3136103166667
18097360102,2020,714.2816865833333
18097360102,2021,793.2759883583335
18097360102,2022,891.8393639833333
18097360102,2023,958.0740514
18097360201,2015,661.2952425727393
18097360201,2016,691.8177482362365
18097360201,2017,718.2020224098902
18097360201,2018,742.7263865255057
18097360201,2019,774.4691665123903
18097360201,2020,814.9751395001317
18097360201,2021,908.3368728359541
18097360201,2022,1026.9113009385567
18097360201,2023,1080.2781991910467
18097360202,2015,682.4561647416666
18097360202,2016,695.559557075
18097360202,2017,722.1081598416666
18097360202,2018,746.5823537083334
18097360202,2019,778.3725910666667
18097360202,2020,819.031646775
18097360202,2021,912.9171205416667
18097360202,2022,1032.48390135
18097360202,2023,1085.81941675
18097360301,2015,NA
18097360301,2016,558.6327459571429
18097360301,2017,581.1143637333333
18097360301,2018,612.3053911333334
18097360301,2019,639.9290186916667
18097360301,2020,669.8443618
18097360301,2021,745.4305442
18097360301,2022,825.2467223333333
18097360301,2023,871.2237825416667
18097360302,2015,NA
18097360302,2016,560.7350020814815
18097360302,2017,583.0571464192952
18097360302,2018,613.5885667453889
18097360302,2019,641.5532100010871
18097360302,2020,672.2197340813769
18097360302,2021,747.9880955917188
18097360302,2022,828.8063946558761
18097360302,2023,875.8663149686771
18097360401,2015,NA
18097360401,2016,1052.2395012610054
18097360401,2017,1086.3165451191685
18097360401,2018,1125.6379368598077
18097360401,2019,1162.6381165576752
18097360401,2020,1233.7679579277994
18097360401,2021,1361.6792870421557
18097360401,2022,1495.2533449854566
18097360401,2023,1563.750430877623
18097360402,2015,936.9659805833334
18097360402,2016,944.719052425
18097360402,2017,991.525798075
18097360402,2018,1022.8456344250001
18097360402,2019,1061.5642730833333
18097360402,2020,1123.3465266666667
18097360402,2021,1236.38211575
18097360402,2022,1384.04780525
18097360402,2023,1472.8939566666666
18097360405,2015,NA
18097360405,2016,1053.570359
18097360405,2017,1087.6786663333332
18097360405,2018,1127.0219790833332
18097360405,2019,1164.04743975
18097360405,2020,1235.28840325
18097360405,2021,1363.3408109166667
18097360405,2022,1497.0598103333334
18097360405,2023,1565.6176145
18097360406,2015,936.9659805833332
18097360406,2016,944.719052425
18097360406,2017,991.5257980749999
18097360406,2018,1022.8456344250001
18097360406,2019,1061.5642730833333
18097360406,2020,1123.3465266666667
18097360406,2021,1236.38211575
18097360406,2022,1384.04780525
18097360406,2023,1472.8939566666666
18097360407,2015,920.551966708746
18097360407,2016,946.6259379399647
18097360407,2017,993.2102290430176
18097360407,2018,1024.6706227405427
18097360407,2019,1063.3595998662022
18097360407,2020,1125.3075535912967
18097360407,2021,1238.6062112104005
18097360407,2022,1386.0275789641726
18097360407,2023,1474.5183138340753
18097360501,2015,NA
18097360501,2016,1053.570359
18097360501,2017,1087.6786663333332
18097360501,2018,1127.0219790833332
18097360501,2019,1164.04743975
18097360501,2020,1235.28840325
18097360501,2021,1363.3408109166667
18097360501,2022,1497.0598103333334
18097360501,2023,1565.6176145
18097360502,2015,NA
18097360502,2016,1047.798126291389
18097360502,2017,1081.7708368222445
18097360502,2018,1121.0190731688613
18097360502,2019,1157.9348845238596
18097360502,2020,1228.6938860726113
18097360502,2021,1356.1344039705457
18097360502,2022,1489.2247592512674
18097360502,2023,1557.5192144514658
18097360601,2015,NA
18097360601,2016,558.6327459571429
18097360601,2017,581.1143637333334
18097360601,2018,612.3053911333334
18097360601,2019,639.9290186916667
18097360601,2020,669.8443618
18097360601,2021,745.4305442
18097360601,2022,825.2467223333333
18097360601,2023,871.2237825416667
18097360602,2015,NA
18097360602,2016,558.6327459571429
18097360602,2017,581.1143637333333
18097360602,2018,612.3053911333334
18097360602,2019,639.9290186916667
18097360602,2020,669.8443618
18097360602,2021,745.4305441999999
18097360602,2022,825.2467223333333
18097360602,2023,871.2237825416668
18097360700,2015,NA
18097360700,2016,558.6327459571429
18097360700,2017,581.1143637333333
18097360700,2018,612.3053911333334
18097360700,2019,639.9290186916667
18097360700,2020,669.8443618
18097360700,2021,745.4305442
18097360700,2022,825.2467223333333
18097360700,2023,871.2237825416667
18097360800,2015,NA
18097360800,2016,558.6327459571429
18097360800,2017,581.1143637333333
18097360800,2018,612.3053911333334
18097360800,2019,639.9290186916667
18097360800,2020,669.8443618
18097360800,2021,745.4305442
18097360800,2022,825.2467223333333
18097360800,2023,871.2237825416665
18097360900,2015,NA
18097360900,2016,577.588436643105
18097360900,2017,598.6321091872654
18097360900,2018,623.8755702928996
18097360900,2019,654.5740791672957
18097360900,2020,691.2626950413666
18097360900,2021,768.4915559071839
18097360900,2022,857.3436903042217
18097360900,2023,913.0847183558709
18097361000,2015,NA
18097361000,2016,558.6327459571429
18097361000,2017,581.1143637333333
18097361000,2018,612.3053911333334
18097361000,2019,639.9290186916667
18097361000,2020,669.8443618
18097361000,2021,745.4305442
18097361000,2022,825.2467223333334
18097361000,2023,871.2237825416667
18097361100,2015,0.8803271623295564
18097361100,2016,558.6357341809287
18097361100,2017,581.1377797172062
18097361100,2018,612.3448354202528
18097361100,2019,640.000136685728
18097361100,2020,669.9593846376175
18097361100,2021,745.5561540874006
18097361100,2022,825.4052758077432
18097361100,2023,871.450761472972
18097361200,2015,9.126329387981778
18097361200,2016,560.5541125432384
18097361200,2017,583.4359975647446
18097361200,2018,614.8195836834112
18097361200,2019,642.91820072163
18097361200,2020,673.311800354096
18097361200,2021,749.1432269416043
18097361200,2022,829.5349375993346
18097361200,2023,876.0405220678222
18097361300,2015,NA
18097361300,2016,558.6327459571429
18097361300,2017,581.1143637333333
18097361300,2018,612.3053911333334
18097361300,2019,639.9290186916667
18097361300,2020,669.8443618
18097361300,2021,745.4305442
18097361300,2022,825.2467223333333
18097361300,2023,871.2237825416667
18097361401,2015,1153.5780592666013
18097361401,2016,1176.7653117534978
18097361401,2017,1191.9848938321254
18097361401,2018,1229.3389763677067
18097361401,2019,1273.3543779790311
18097361401,2020,1358.9766875379355
18097361401,2021,1504.447587615025
18097361401,2022,1642.2561044184342
18097361401,2023,1726.7461512263367
18097361402,2015,721.9720800727421
18097361402,2016,811.1566056317052
18097361402,2017,849.8043448938693
18097361402,2018,891.359311153369
18097361402,2019,944.8664945776834
18097361402,2020,1011.3449538651192
18097361402,2021,1116.7487339378297
18097361402,2022,1238.1418204880677
18097361402,2023,1318.350620246841
18097361601,2015,656.4094374197517
18097361601,2016,1123.9180687461728
18097361601,2017,1147.284114931086
18097361601,2018,1185.4995879907062
18097361601,2019,1226.5071647147781
18097361601,2020,1305.9520535429606
18097361601,2021,1443.9421505596674
18097361601,2022,1580.015098477287
18097361601,2023,1657.649954854739
18097361602,2015,1155.955004857143
18097361602,2016,1178.0389728333332
18097361602,2017,1193.2435915
18097361602,2018,1230.610373
18097361602,2019,1274.6595498333334
18097361602,2020,1360.3966435
18097361602,2021,1506.0115409166667
18097361602,2022,1643.9395508333332
18097361602,2023,1728.5089535833333
18097370201,2015,944.6757988567376
18097370201,2016,954.2149625118491
18097370201,2017,977.3926870521595
18097370201,2018,1014.8984486300728
18097370201,2019,1055.8748681822426
18097370201,2020,1134.5866781723582
18097370201,2021,1234.7286447169586
18097370201,2022,1340.6354512771215
18097370201,2023,1428.914285633231
18097370203,2015,1.475542021100587
18097370203,2016,1.4904417748958114
18097370203,2017,1.5266443605385385
18097370203,2018,1.5852267094338586
18097370203,2019,1.6492300733356828
18097370203,2020,1.7721744563058597
18097370203,2021,1049.6053946519808
18097370203,2022,1144.1633791470097
18097370203,2023,1233.5030918427865
18097370204,2015,947.7740227099999
18097370204,2016,957.3444716636365
18097370204,2017,980.5982114666667
18097370204,2018,1018.226979525
18097370204,2019,1059.3377881666665
18097370204,2020,1138.3077468333333
18097370204,2021,1235.3367375
18097370204,2022,1341.2808226666666
18097370204,2023,1429.5561722500001
18097370303,2015,108.06672973051819
18097370303,2016,109.15796782703731
18097370303,2017,111.80939691699326
18097370303,2018,116.09989002021742
18097370303,2019,120.78741103264065
18097370303,2020,129.79169367341115
18097370303,2021,1042.7727530023565
18097370303,2022,1136.1127665848137
18097370303,2023,1222.9695915100506
18097370304,2015,947.7740227099999
18097370304,2016,957.3444716636363
18097370304,2017,980.5982114666668
18097370304,2018,1018.226979525
18097370304,2019,1059.3377881666665
18097370304,2020,1138.3077468333333
18097370304,2021,1235.3367375
18097370304,2022,1341.2808226666666
18097370304,2023,1429.5561722500001
18097370305,2015,947.77402271
18097370305,2016,957.3444716636363
18097370305,2017,980.5982114666667
18097370305,2018,1018.226979525
18097370305,2019,1059.3377881666665
18097370305,2020,1138.3077468333333
18097370305,2021,1235.3367375000003
18097370305,2022,1341.2808226666664
18097370305,2023,1429.5561722500001
18097370306,2015,947.77402271
18097370306,2016,957.3444716636363
18097370306,2017,980.5982114666667
18097370306,2018,1018.2269795250002
18097370306,2019,1059.3377881666665
18097370306,2020,1138.3077468333333
18097370306,2021,1235.3367375
18097370306,2022,1341.2808226666666
18097370306,2023,1429.5561722500004
18097380101,2015,NA
18097380101,2016,NA
18097380101,2017,NA
18097380101,2018,NA
18097380101,2019,NA
18097380101,2020,NA
18097380101,2021,1387.8774415000003
18097380101,2022,1514.4909925000002
18097380101,2023,1596.3411919999999
18097380102,2015,NA
18097380102,2016,NA
18097380102,2017,NA
18097380102,2018,NA
18097380102,2019,NA
18097380102,2020,NA
18097380102,2021,1387.8774415
18097380102,2022,1514.4909925
18097380102,2023,1596.3411919999999
18097380103,2015,NA
18097380103,2016,NA
18097380103,2017,NA
18097380103,2018,NA
18097380103,2019,NA
18097380103,2020,NA
18097380103,2021,1382.3746986227654
18097380103,2022,1508.4862443339025
18097380103,2023,1590.0119190676435
18097380200,2015,1.6374443130286405
18097380200,2016,1.7117621091490458
18097380200,2017,1.8385927778282758
18097380200,2018,1.9494692284129398
18097380200,2019,2.102289564875021
18097380200,2020,2.2613041337286397
18097380200,2021,324.9602444962903
18097380200,2022,849.8271167261385
18097380200,2023,893.7797846274921
18097380301,2015,36.138842115853535
18097380301,2016,37.77905612436898
18097380301,2017,40.57824353756967
18097380301,2018,43.02531701064192
18097380301,2019,46.398103472784136
18097380301,2020,49.90759833144743
18097380301,2021,1378.8908625823012
18097380301,2022,1514.623714851083
18097380301,2023,1580.6497863416569
18097380302,2015,1.6741689066001728
18097380302,2016,1.7501535019124272
18097380302,2017,1.8798287282493371
18097380302,2018,1.9931919153611473
18097380302,2019,2.149439705631202
18097380302,2020,2.312020652508572
18097380302,2021,3.7739149583086093
18097380302,2022,1143.5235460891818
18097380302,2023,1200.6900367877545
18097380402,2015,NA
18097380402,2016,NA
18097380402,2017,NA
18097380402,2018,NA
18097380402,2019,NA
18097380402,2020,NA
18097380402,2021,1399.5151432727273
18097380402,2022,1536.03123625
18097380402,2023,1600.9895787499997
18097380403,2015,669.136322675
18097380403,2016,699.5060497
18097380403,2017,751.3349922583334
18097380403,2018,796.6442951916666
18097380403,2019,859.0938314333334
18097380403,2020,924.0746207083332
18097380403,2021,1017.641941725
18097380403,2022,1139.6557768333332
18097380403,2023,1224.38387975
18097380404,2015,NA
18097380404,2016,NA
18097380404,2017,NA
18097380404,2018,NA
18097380404,2019,NA
18097380404,2020,NA
18097380404,2021,1167.1557689346178
18097380404,2022,1470.8080274639888
18097380404,2023,1534.4600739245118
18097380501,2015,NA
18097380501,2016,NA
18097380501,2017,NA
18097380501,2018,NA
18097380501,2019,NA
18097380501,2020,NA
18097380501,2021,NA
18097380501,2022,1143.1877426363637
18097380501,2023,1200.2781818333333
18097380502,2015,NA
18097380502,2016,NA
18097380502,2017,NA
18097380502,2018,NA
18097380502,2019,NA
18097380502,2020,NA
18097380502,2021,NA
18097380502,2022,1143.1877426363637
18097380502,2023,1200.2781818333333
18097380600,2015,NA
18097380600,2016,NA
18097380600,2017,NA
18097380600,2018,NA
18097380600,2019,NA
18097380600,2020,NA
18097380600,2021,430.9122325058558
18097380600,2022,1258.4710576836162
18097380600,2023,1323.2489794128744
18097380700,2015,NA
18097380700,2016,NA
18097380700,2017,NA
18097380700,2018,NA
18097380700,2019,NA
18097380700,2020,NA
18097380700,2021,718.34734375313
18097380700,2022,1335.369483826836
18097380700,2023,1405.2752534800907
18097380800,2015,NA
18097380800,2016,NA
18097380800,2017,NA
18097380800,2018,NA
18097380800,2019,NA
18097380800,2020,NA
18097380800,2021,NA
18097380800,2022,1143.1877426363637
18097380800,2023,1200.2781818333333
18097380901,2015,NA
18097380901,2016,NA
18097380901,2017,NA
18097380901,2018,NA
18097380901,2019,NA
18097380901,2020,NA
18097380901,2021,575.4030433415461
18097380901,2022,1304.703209524143
18097380901,2023,1365.028494393946
18097380902,2015,NA
18097380902,2016,NA
18097380902,2017,NA
18097380902,2018,NA
18097380902,2019,NA
18097380902,2020,NA
18097380902,2021,1399.5151432727273
18097380902,2022,1536.03123625
18097380902,2023,1600.98957875
18097381002,2015,NA
18097381002,2016,NA
18097381002,2017,NA
18097381002,2018,NA
18097381002,2019,NA
18097381002,2020,NA
18097381002,2021,552.278364796981
18097381002,2022,1290.9405236433556
18097381002,2023,1357.8836195116114
18097381003,2015,NA
18097381003,2016,NA
18097381003,2017,NA
18097381003,2018,NA
18097381003,2019,NA
18097381003,2020,NA
18097381003,2021,NA
18097381003,2022,1143.1877426363637
18097381003,2023,1200.2781818333333
18097381004,2015,NA
18097381004,2016,NA
18097381004,2017,NA
18097381004,2018,NA
18097381004,2019,NA
18097381004,2020,NA
18097381004,2021,NA
18097381004,2022,1143.1877426363637
18097381004,2023,1200.2781818333333
18097381101,2015,NA
18097381101,2016,NA
18097381101,2017,NA
18097381101,2018,NA
18097381101,2019,NA
18097381101,2020,NA
18097381101,2021,834.7341730127926
18097381101,2022,1366.5068210680342
18097381101,2023,1438.488933998246
18097381102,2015,NA
18097381102,2016,NA
18097381102,2017,NA
18097381102,2018,NA
18097381102,2019,NA
18097381102,2020,NA
18097381102,2021,1132.4597504639694
18097381102,2022,1446.1582882434589
18097381102,2023,1523.451831213059
18097381203,2015,NA
18097381203,2016,NA
18097381203,2017,NA
18097381203,2018,NA
18097381203,2019,NA
18097381203,2020,NA
18097381203,2021,NA
18097381203,2022,1143.1877426363637
18097381203,2023,1200.2781818333333
18097381204,2015,NA
18097381204,2016,NA
18097381204,2017,NA
18097381204,2018,NA
18097381204,2019,NA
18097381204,2020,NA
18097381204,2021,NA
18097381204,2022,1143.1877426363637
18097381204,2023,1200.2781818333333
18097381205,2015,NA
18097381205,2016,NA
18097381205,2017,NA
18097381205,2018,NA
18097381205,2019,NA
18097381205,2020,NA
18097381205,2021,553.3667497707221
18097381205,2022,1298.517628328919
18097381205,2023,1358.7190278461371
18097381206,2015,NA
18097381206,2016,NA
18097381206,2017,NA
18097381206,2018,NA
18097381206,2019,NA
18097381206,2020,NA
18097381206,2021,10.003496773343619
18097381206,2022,1145.8640098274557
18097381206,2023,1203.1329115996455
18097381207,2015,NA
18097381207,2016,NA
18097381207,2017,NA
18097381207,2018,NA
18097381207,2019,NA
18097381207,2020,NA
18097381207,2021,1387.8774415
18097381207,2022,1514.4909925
18097381207,2023,1596.3411919999999
18097390102,2015,446.78594753525437
18097390102,2016,467.0639787905416
18097390102,2017,501.67044450757663
18097390102,2018,531.9237115284188
18097390102,2019,573.6216051823284
18097390102,2020,617.0096301990493
18097390102,2021,1144.5363378930488
18097390102,2022,1271.369194728735
18097390102,2023,1349.5279133568677
18097390103,2015,309.57597786728866
18097390103,2016,319.27570558082465
18097390103,2017,332.60933396769127
18097390103,2018,347.7134571952335
18097390103,2019,367.46400007240527
18097390103,2020,393.7295271220693
18097390103,2021,1332.5683521688306
18097390103,2022,1466.165036925344
18097390103,2023,1538.1873203084194
18097390104,2015,1152.1879797475538
18097390104,2016,1174.336063304208
18097390104,2017,1189.8240826553008
18097390104,2018,1227.2523237474811
18097390104,2019,1271.4438833990046
18097390104,2020,1357.020363838021
18097390104,2021,1502.2325147407018
18097390104,2022,1640.037380048717
18097390104,2023,1724.6080108278268
18097390200,2015,1155.955004857143
18097390200,2016,1178.0389728333332
18097390200,2017,1193.2435915
18097390200,2018,1230.610373
18097390200,2019,1274.6595498333334
18097390200,2020,1360.3966435
18097390200,2021,1506.011540916667
18097390200,2022,1643.9395508333332
18097390200,2023,1728.508953583333
18097390300,2015,1155.955004857143
18097390300,2016,1178.0389728333332
18097390300,2017,1193.2435915
18097390300,2018,1230.610373
18097390300,2019,1274.6595498333334
18097390300,2020,1360.3966435
18097390300,2021,1506.0115409166667
18097390300,2022,1643.9395508333332
18097390300,2023,1728.5089535833333
18097390405,2015,NA
18097390405,2016,NA
18097390405,2017,NA
18097390405,2018,NA
18097390405,2019,NA
18097390405,2020,NA
18097390405,2021,1399.5151432727273
18097390405,2022,1536.03123625
18097390405,2023,1600.98957875
18097390406,2015,1155.955004857143
18097390406,2016,1178.0389728333332
18097390406,2017,1193.2435915
18097390406,2018,1230.610373
18097390406,2019,1274.6595498333334
18097390406,2020,1360.3966435000002
18097390406,2021,1506.0115409166667
18097390406,2022,1643.939550833333
18097390406,2023,1728.5089535833333
18097390408,2015,8.541443293870271
18097390408,2016,8.70462348633424
18097390408,2017,8.816971620647916
18097390408,2018,9.093077735432319
18097390408,2019,9.41856059980218
18097390408,2020,10.0520787909584
18097390408,2021,1400.3020536089039
18097390408,2022,1536.8285793525238
18097390408,2023,1601.9318295334926
18097390409,2015,NA
18097390409,2016,NA
18097390409,2017,NA
18097390409,2018,NA
18097390409,2019,NA
18097390409,2020,NA
18097390409,2021,1399.5151432727273
18097390409,2022,1536.03123625
18097390409,2023,1600.98957875
18097390410,2015,NA
18097390410,2016,NA
18097390410,2017,NA
18097390410,2018,NA
18097390410,2019,NA
18097390410,2020,NA
18097390410,2021,1399.5151432727273
18097390410,2022,1536.03123625
18097390410,2023,1600.98957875
18097390411,2015,NA
18097390411,2016,NA
18097390411,2017,NA
18097390411,2018,NA
18097390411,2019,NA
18097390411,2020,NA
18097390411,2021,1399.5151432727273
18097390411,2022,1536.03123625
18097390411,2023,1600.98957875
18097390500,2015,596.1303888199999
18097390500,2016,617.3738319583333
18097390500,2017,656.8131677909091
18097390500,2018,694.2700347916667
18097390500,2019,744.7395881333333
18097390500,2020,806.7684631833333
18097390500,2021,900.4765657916665
18097390500,2022,1020.4350113416666
18097390500,2023,1109.50690425
18097390601,2015,682.4561647416666
18097390601,2016,695.559557075
18097390601,2017,722.1081598416666
18097390601,2018,746.5823537083334
18097390601,2019,778.3725910666666
18097390601,2020,819.0316467749999
18097390601,2021,912.9171205416666
18097390601,2022,1032.48390135
18097390601,2023,1085.81941675
18097390602,2015,679.5379986392429
18097390602,2016,692.5853611829585
18097390602,2017,719.020442764437
18097390602,2018,743.3899855683459
18097390602,2019,775.0442886383837
18097390602,2020,815.5294872050358
18097390602,2021,909.0135089500044
18097390602,2022,1033.0797565513733
18097390602,2023,1086.238458705744
18097390700,2015,NA
18097390700,2016,563.3491659125
18097390700,2017,575.0502709166667
18097390700,2018,602.1143529916667
18097390700,2019,632.6630811916667
18097390700,2020,675.0108452583333
18097390700,2021,743.9703286166666
18097390700,2022,852.0025139083333
18097390700,2023,917.7478813166667
18097390801,2015,NA
18097390801,2016,NA
18097390801,2017,NA
18097390801,2018,NA
18097390801,2019,NA
18097390801,2020,NA
18097390801,2021,1049.31578793
18097390801,2022,1143.8560183333334
18097390801,2023,1233.1973906666667
18097390802,2015,350.0811686700213
18097390802,2016,353.6162243627336
18097390802,2017,362.2055043083017
18097390802,2018,376.10451692294185
18097390802,2019,391.2896977670975
18097390802,2020,420.4589878693955
18097390802,2021,1118.0267146510828
18097390802,2022,1216.779209483732
18097390802,2023,1305.7268228817006
18097390900,2015,NA
18097390900,2016,NA
18097390900,2017,954.9421696666667
18097390900,2018,1008.7160765416667
18097390900,2019,1028.751594
18097390900,2020,1072.2563295833334
18097390900,2021,1109.67374875
18097390900,2022,1232.0009279166666
18097390900,2023,1301.4266523333333
18097391001,2015,NA
18097391001,2016,NA
18097391001,2017,440.83831073660616
18097391001,2018,465.6624299571002
18097391001,2019,474.9116012175426
18097391001,2020,768.3700396383806
18097391001,2021,786.5880055203688
18097391001,2022,869.8428974827334
18097391001,2023,909.913184631896
18097391002,2015,NA
18097391002,2016,NA
18097391002,2017,195.83424759071383
18097391002,2018,206.86190238216014
18097391002,2019,210.9706752599072
18097391002,2020,1404.3443684847796
18097391002,2021,1416.1105473737432
18097391002,2022,1557.243468292939
18097391002,2023,1606.2321296006164
