GEOID,NAME,year,percent_bachelors_plus,edu_zscore
18097310103,NA,2024,58.38603665588704,1.1258942393755196
18097310103,NA,2025,59.04081933084794,1.0860176436858544
18097310103,NA,2026,58.398109228449975,1.0620480492329274
18097310103,NA,2027,58.36947640970581,0.9957980466195608
18097310103,NA,2028,57.736260845271225,0.9096717108474378
18097310104,NA,2024,57.61027224604093,1.088643224174508
18097310104,NA,2025,58.67645205034061,1.068996857323751
18097310104,NA,2026,58.66478375667332,1.074549149504978
18097310104,NA,2027,59.710222981304895,1.0569676587926689
18097310104,NA,2028,60.74601234998442,1.0435319785719834
18097310105,NA,2024,51.54541922748925,0.7974182992894058
18097310105,NA,2025,55.84768901779452,0.9368560921624454
18097310105,NA,2026,55.55996615237019,0.9290023046060406
18097310105,NA,2027,59.075260505790425,1.0279984194192855
18097310105,NA,2028,61.93578869493956,1.0964479019691886
18097310106,NA,2024,47.65379785354519,0.6105486193744318
18097310106,NA,2025,47.428993212084904,0.5435913002277679
18097310106,NA,2026,48.708785474356176,0.6078344105128507
18097310106,NA,2027,50.02865261476517,0.6152600929537629
18097310106,NA,2028,52.418254801412495,0.673150618764948
18097310108,NA,2024,74.29017316260122,1.889586441867893
18097310108,NA,2025,75.57909931371046,1.8585747459399664
18097310108,NA,2026,75.5927291533782,1.8680930406814376
18097310108,NA,2027,76.90615324198905,1.8415069649400764
18097310108,NA,2028,78.23100502547548,1.8211861460465137
18097310110,NA,2024,51.12830932948798,0.7773893227680161
18097310110,NA,2025,51.83533646798177,0.749425992882634
18097310110,NA,2026,51.83694986964647,0.7544757003034898
18097310110,NA,2027,52.54713070315618,0.7301619925346885
18097310110,NA,2028,53.258855142785194,0.7105367573113648
18097310111,NA,2024,35.93056961206799,0.04761720890301822
18097310111,NA,2025,35.32967409339575,-0.021607434300148592
18097310111,NA,2026,35.31871330739799,-0.019861965006528117
18097310111,NA,2027,34.69364056452255,-0.08437752660359966
18097310111,NA,2028,34.0548871861767,-0.14356973221763433
18097310112,NA,2024,68.33837901859562,1.6037904304530033
18097310112,NA,2025,69.50028152875407,1.5746133026736142
18097310112,NA,2026,69.50012875014977,1.5824856785320849
18097310112,NA,2027,70.66172767360341,1.5566141310867545
18097310112,NA,2028,71.82317576354143,1.5361945980092588
18097310113,NA,2024,72.38759955797511,1.7982277801821502
18097310113,NA,2025,75.51254528737668,1.8554657898828042
18097310113,NA,2026,75.25792769494005,1.8523983036135663
18097310113,NA,2027,78.06604480854283,1.8944253305670213
18097310113,NA,2028,80.66655525872285,1.9295085127829463
18097310201,NA,2024,37.20370385717027,0.10875115951392741
18097310201,NA,2025,36.91223790598042,0.052319292932039255
18097310201,NA,2026,36.64126022680107,0.04213605094234488
18097310201,NA,2027,36.02878016062464,-0.023463724532028093
18097310201,NA,2028,35.1861195479871,-0.09325758300083721
18097310203,NA,2024,33.24759902163757,-0.08121491716450326
18097310203,NA,2025,32.715418568387776,-0.14372785281070719
18097310203,NA,2026,32.71540989654771,-0.14189895591986174
18097310203,NA,2027,32.18321212643073,-0.19891217259808272
18097310203,NA,2028,31.65100571120372,-0.2504836144149031
18097310204,NA,2024,34.83888089454226,-0.004804006217421478
18097310204,NA,2025,35.38878097110825,-0.01884635889108726
18097310204,NA,2026,35.586528269161754,-0.00730740378289262
18097310204,NA,2027,36.37933220165538,-0.007470297548458139
18097310204,NA,2028,37.33503859407936,0.002316712211848956
18097310305,NA,2024,23.059241122308247,-0.5704442117341647
18097310305,NA,2025,22.35519949456034,-0.6276875411632902
18097310305,NA,2026,22.74607439916527,-0.6092389134658266
18097310305,NA,2027,22.583460720575996,-0.6368868673638682
18097310305,NA,2028,22.719157324823232,-0.6477322292602261
18097310306,NA,2024,21.30406247184049,-0.6547251941551491
18097310306,NA,2025,22.517988294697496,-0.6200831443430823
18097310306,NA,2026,22.518440786775887,-0.6199098636789095
18097310306,NA,2027,23.733395343647732,-0.5844227728006185
18097310306,NA,2028,24.94895998620292,-0.5485605930777128
18097310308,NA,2024,40.13175207583009,0.24935153679113295
18097310308,NA,2025,40.46017138108876,0.21805485959074586
18097310308,NA,2026,40.45231242233928,0.22078958023082343
18097310308,NA,2027,40.76726434899928,0.19272272429519538
18097310308,NA,2028,41.075963377896024,0.1686962928233738
18097310309,NA,2024,20.853048154178936,-0.6763822088233228
18097310309,NA,2025,23.232296219056227,-0.5867154869608413
18097310309,NA,2026,22.23434547033054,-0.6332276112019453
18097310309,NA,2027,23.188668895664716,-0.6092751246688874
18097310309,NA,2028,23.389334400250036,-0.6179257543406186
18097310310,NA,2024,28.82131400797555,-0.2937583236874212
18097310310,NA,2025,28.05411725498888,-0.3614724694905754
18097310310,NA,2026,28.050312719050677,-0.36058818725846964
18097310310,NA,2027,27.2751307812498,-0.4228362450204423
18097310310,NA,2028,26.49573101239241,-0.4797671450637957
18097310311,NA,2024,45.498828117861805,0.5070702832161826
18097310311,NA,2025,47.17067505322544,0.5315244148881266
18097310311,NA,2026,47.198634871664154,0.5370419571206055
18097310311,NA,2027,48.93125819851705,0.565193068905534
18097310311,NA,2028,50.69754173999889,0.5966210080255734
18097310312,NA,2024,30.919170198947768,-0.19302249220612852
18097310312,NA,2025,31.774368075774156,-0.18768739651185015
18097310312,NA,2026,31.777680794965416,-0.18585758070866035
18097310312,NA,2027,32.6390910947234,-0.178113357759362
18097310312,NA,2028,33.503452591195575,-0.16809507339651805
18097320105,NA,2024,56.01838131080797,1.012203066990088
18097320105,NA,2025,57.29026721728191,1.0042436339579515
18097320105,NA,2026,57.2870078536647,1.0099621233998815
18097320105,NA,2027,58.55320613188521,1.0041804479536045
18097320105,NA,2028,59.81676422510793,1.002203183625388
18097320106,NA,2024,39.12940304732479,0.20122027629031033
18097320106,NA,2025,37.909823559893475,0.09891977876466265
18097320106,NA,2026,37.876844082472495,0.10005743464997258
18097320106,NA,2027,36.58489135515035,0.0019080398377958139
18097320106,NA,2028,35.252297330348554,-0.09031429161932314
18097320107,NA,2024,68.20040871207948,1.5971653082895099
18097320107,NA,2025,69.99473761591898,1.5977109623025394
18097320107,NA,2026,69.99487923088824,1.605678464924405
18097320107,NA,2027,71.78948859402692,1.6080665827189946
18097320107,NA,2028,73.58423685570195,1.6145187084571582
18097320108,NA,2024,35.42495158756509,0.023338208116685067
18097320108,NA,2025,37.001993702883595,0.05651207951189402
18097320108,NA,2026,37.023657322048315,0.060061964089261094
18097320108,NA,2027,38.64169085677546,0.09574652542287874
18097320108,NA,2028,40.2793040448644,0.13326445353768077
18097320109,NA,2024,64.25498184920127,1.4077119714540263
18097320109,NA,2025,64.63030412320909,1.3471207438120225
18097320109,NA,2026,64.82147152126929,1.3631607825757575
18097320109,NA,2027,65.5125062115986,1.3216883915798379
18097320109,NA,2028,66.35130400828955,1.2928302481732763
18097320202,NA,2024,72.78659124644271,1.8173867481156396
18097320202,NA,2025,72.81441689640128,1.7294273957208064
18097320202,NA,2026,72.83464993872421,1.738800509256125
18097320202,NA,2027,72.89940848928023,1.6587050635281504
18097320202,NA,2028,72.98148387846005,1.5877109554652529
18097320203,NA,2024,48.65368168553908,0.6585615049259081
18097320203,NA,2025,48.683602658908114,0.6021982073367749
18097320203,NA,2026,48.6600472598241,0.6055496729677788
18097320203,NA,2027,48.63259638593016,0.551567058118821
18097320203,NA,2028,48.56685921267143,0.5018577914950965
18097320204,NA,2024,41.0183965126339,0.29192684054839446
18097320204,NA,2025,40.99285994946949,0.24293848335443524
18097320204,NA,2026,40.98490762742998,0.24575644192402502
18097320204,NA,2027,40.94664156887375,0.20090654904242206
18097320204,NA,2028,40.902330585340486,0.16097388382686778
18097320205,NA,2024,68.71439846762956,1.6218463067397462
18097320205,NA,2025,71.85028956189164,1.68438985732355
18097320205,NA,2026,71.62247112096223,1.6819763009245121
18097320205,NA,2027,74.45190334794371,1.729535383304337
18097320205,NA,2028,77.10501174795591,1.771107007835676
18097320206,NA,2024,32.378198631367084,-0.12296218829821723
18097320206,NA,2025,36.51425703790108,0.033728306051024344
18097320206,NA,2026,36.50482335961454,0.03574019840679726
18097320206,NA,2027,40.6226790209318,0.18612622900581277
18097320206,NA,2028,44.73171879283439,0.33128792133914386
18097320301,NA,2024,66.29558431005098,1.5056985667702683
18097320301,NA,2025,65.95881992350195,1.4091800582048493
18097320301,NA,2026,66.38551413736946,1.4364795719775434
18097320301,NA,2027,66.63426608611341,1.3728670542211947
18097320301,NA,2028,67.21000615332999,1.3310214738777082
18097320303,NA,2024,38.11170702822268,0.15235207687767946
18097320303,NA,2025,35.82000910252093,0.0012977163065665896
18097320303,NA,2026,35.78184776018659,0.0018487333204691382
18097320303,NA,2027,33.40341337646209,-0.14324226538471657
18097320303,NA,2028,30.973562083002236,-0.28061327305859224
18097320304,NA,2024,73.39812423328587,1.846751622682821
18097320304,NA,2025,74.01713151748612,1.785610125936209
18097320304,NA,2026,74.06403087587363,1.79643111413707
18097320304,NA,2027,74.74776630826314,1.7430337005273615
18097320304,NA,2028,75.46734992319142,1.6982711441565805
18097320305,NA,2024,61.128014610789286,1.257559808435544
18097320305,NA,2025,61.618905772199014,1.2064484861044544
18097320305,NA,2026,59.7748503540331,1.1265865673067483
18097320305,NA,2027,58.35603530879524,0.9951848159410005
18097320305,NA,2028,55.15647837980484,0.7949345403675359
18097320306,NA,2024,69.25939714641498,1.6480163060466158
18097320306,NA,2025,70.29543504642905,1.6117575219091516
18097320306,NA,2026,69.72754907782367,1.5931466304388708
18097320306,NA,2027,69.98021529546918,1.5255211201145742
18097320306,NA,2028,69.7987146794115,1.4461556355583107
18097320400,NA,2024,61.00281477481954,1.251547904649189
18097320400,NA,2025,63.3538043011531,1.287491265741911
18097320400,NA,2026,63.35739605360893,1.2945282275694454
18097320400,NA,2027,65.71574016368386,1.3309606450338491
18097320400,NA,2028,68.07785525370336,1.3696195151906092
18097320500,NA,2024,59.8831377271308,1.1977827329110957
18097320500,NA,2025,62.238376369781776,1.2353859820409168
18097320500,NA,2026,61.080842675786926,1.1878085410645822
18097320500,NA,2027,61.93343682902334,1.1583985568636026
18097320500,NA,2028,61.87071564804054,1.0935537442734737
18097320600,NA,2024,45.48386531158761,0.5063517922453471
18097320600,NA,2025,45.97563393708482,0.4757001391643632
18097320600,NA,2026,45.97499863793839,0.47968065097625423
18097320600,NA,2027,46.4655145710418,0.4526971024000349
18097320600,NA,2028,46.955412606220285,0.43018786332143605
18097320700,NA,2024,81.85184269562677,2.2526861963096283
18097320700,NA,2025,84.47918025917863,2.2743266108366105
18097320700,NA,2026,84.22261118477395,2.2726424415154356
18097320700,NA,2027,86.44630159689154,2.276762357200591
18097320700,NA,2028,88.4761885870251,2.276846027697385
18097320800,NA,2024,81.06368690211728,2.2148401659012324
18097320800,NA,2025,84.09556614654984,2.2564067420507765
18097320800,NA,2026,82.94068376329622,2.2125485759927326
18097320800,NA,2027,84.71723861432282,2.19787637359486
18097320800,NA,2028,85.43061748631135,2.1413926647611876
18097320901,NA,2024,48.089427058656696,0.6314668645731673
18097320901,NA,2025,45.47612156522079,0.45236628395407286
18097320901,NA,2026,45.6216289979698,0.46311547944758874
18097320901,NA,2027,43.4041829983648,0.3130283021952352
18097320901,NA,2028,41.51263431469625,0.188117460456672
18097320902,NA,2024,27.991652431226797,-0.3335973980441499
18097320902,NA,2025,27.73979470114781,-0.3761555031325381
18097320902,NA,2026,27.747967520788393,-0.3747614480698067
18097320902,NA,2027,27.513307830411406,-0.41196976358810544
18097320902,NA,2028,27.287762262886957,-0.44454114216243334
18097320903,NA,2024,27.574502208083693,-0.3536283109169016
18097320903,NA,2025,28.28512692574959,-0.35068125286946944
18097320903,NA,2026,28.849309916244508,-0.3231330011716988
18097320903,NA,2027,30.372933513364003,-0.28150350121471535
18097320903,NA,2028,32.3216569541288,-0.2206560506485366
18097321001,NA,2024,18.361057763901144,-0.79604375907081
18097321001,NA,2025,17.24791410688959,-0.8662655313516476
18097321001,NA,2026,17.397720281915568,-0.8599576887294871
18097321001,NA,2027,16.666011235682582,-0.9068618930043775
18097321001,NA,2028,16.21062092150841,-0.9372027799280612
18097321002,NA,2024,57.56138529956886,1.0862957481069695
18097321002,NA,2025,60.85472394185352,1.1707510555942247
18097321002,NA,2026,59.81467663714482,1.1284535336119281
18097321002,NA,2027,61.5352609706955,1.1402323624861226
18097321002,NA,2028,62.47565515254845,1.1204587442057854
18097321100,NA,2024,54.26280900780469,0.9279031819790927
18097321100,NA,2025,54.70356162910018,0.8834101630250021
18097321100,NA,2026,54.69800688743076,0.8885955988242048
18097321100,NA,2027,55.12799609587204,0.8479102221312305
18097321100,NA,2028,55.55275507230942,0.8125591529206294
18097321200,NA,2024,78.07141827650267,2.071156023339973
18097321200,NA,2025,78.193500632333,1.9807019749466899
18097321200,NA,2026,78.17411015144329,1.9891023583398155
18097321200,NA,2027,78.26145931280647,1.9033408330877926
18097321200,NA,2028,78.33262078824173,1.825705560087049
18097321300,NA,2024,78.95406145102147,2.113539192629205
18097321300,NA,2025,80.40562565643016,2.0840375636663886
18097321300,NA,2026,79.80954579310372,2.0657678917189886
18097321300,NA,2027,80.41729070195107,2.001697504496102
18097321300,NA,2028,80.57373108049883,1.9253801090496412
18097321400,NA,2024,67.68747832629415,1.5725351791479318
18097321400,NA,2025,69.9990693596754,1.5979133122087956
18097321400,NA,2026,68.06389829232903,1.515158434769409
18097321400,NA,2027,68.51176404105365,1.4585251675382573
18097321400,NA,2028,70.03755891333468,1.4567783574166946
18097321600,NA,2024,43.82676043659687,0.42678016185797807
18097321600,NA,2025,43.41307119806311,0.35599445961035703
18097321600,NA,2026,43.45747056867064,0.361664614569286
18097321600,NA,2027,43.120737097751594,0.3000964952603211
18097321600,NA,2028,42.81971898807232,0.24625073293540564
18097321700,NA,2024,65.52240672669325,1.4685717670032439
18097321700,NA,2025,67.13934989683753,1.4643264710282704
18097321700,NA,2026,66.88423056041701,1.4598582727982465
18097321700,NA,2027,68.12090375588964,1.440692735545657
18097321700,NA,2028,69.16621470116182,1.4180248691838488
18097321800,NA,2024,82.37832169747516,2.2779669091806376
18097321800,NA,2025,82.77257044904559,2.1946052896979524
18097321800,NA,2026,82.76974101546881,2.2045351656171435
18097321800,NA,2027,83.15857286028618,2.1267645156930253
18097321800,NA,2028,83.54479654056492,2.0575197947641586
18097321900,NA,2024,84.94158313418714,2.40105078558851
18097321900,NA,2025,85.99409001575836,2.3450929960309885
18097321900,NA,2026,85.9503140614437,2.3536332547192726
18097321900,NA,2027,86.93021331049702,2.29884012526974
18097321900,NA,2028,87.87617919043045,2.2501602968855132
18097322000,NA,2024,47.76748764258579,0.6160078283894358
18097322000,NA,2025,48.385000974734595,0.5882495468900817
18097322000,NA,2026,48.77424245125684,0.6109028859206524
18097322000,NA,2027,49.90452280422568,0.609596850898431
18097322000,NA,2028,51.339719845284954,0.6251822141470155
18097322100,NA,2024,67.16197557251238,1.54730134420933
18097322100,NA,2025,70.66197438504,1.6288797722031871
18097322100,NA,2026,70.60002266064961,1.6340462237231888
18097322100,NA,2027,73.96357469616635,1.7072560988556649
18097322100,NA,2028,77.25009203896964,1.7775595294362936
18097322200,NA,2024,61.38765694986927,1.2700274346853913
18097322200,NA,2025,62.31398765892783,1.2389180324416176
18097322200,NA,2026,62.66023433924653,1.2618468591795118
18097322200,NA,2027,64.16628348096516,1.260268937616025
18097322200,NA,2028,65.94253594561695,1.2746500754178476
18097322300,NA,2024,74.71509443318158,1.9099905085003928
18097322300,NA,2025,76.14502758152837,1.8850111046859876
18097322300,NA,2026,76.11277564811307,1.892471647142734
18097322300,NA,2027,77.46412154096248,1.8669634569991138
18097322300,NA,2028,78.76298234595345,1.8448461147951138
18097322400,NA,2024,55.15145378208854,0.9705745388691487
18097322400,NA,2025,58.04148472832046,1.0393354587481882
18097322400,NA,2026,58.06108327332807,1.0462490327789309
18097322400,NA,2027,60.98679518374874,1.1152094087166136
18097322400,NA,2028,63.929220332670184,1.1851068136100116
18097322600,NA,2024,25.391282551402902,-0.4584631648828064
18097322600,NA,2025,26.732424956288384,-0.423213035825993
18097322600,NA,2026,26.732424734817936,-0.4223678028369982
18097322600,NA,2027,28.073566678334316,-0.38640876856492035
18097322600,NA,2028,29.41470838041866,-0.34994410440611945
18097322601,NA,2024,NA,NA
18097322601,NA,2025,NA,NA
18097322601,NA,2026,NA,NA
18097322601,NA,2027,NA,NA
18097322601,NA,2028,NA,NA
18097322602,NA,2024,37.19350715784901,0.10826152967709127
18097322602,NA,2025,37.314585237070666,0.07111425156914393
18097322602,NA,2026,37.063393365415685,0.06192470015880425
18097322602,NA,2027,36.8984972298326,0.01621585172102316
18097322602,NA,2028,36.51237528173392,-0.034271667614616474
18097322700,NA,2024,36.55413978792224,0.07756009079450883
18097322700,NA,2025,37.56447724706483,0.0827875239600816
18097322700,NA,2026,37.69250758951579,0.09141615571867602
18097322700,NA,2027,38.906530159585635,0.10782943339688389
18097322700,NA,2028,40.21763367490098,0.13052163167313544
18097330103,NA,2024,44.30877587521682,0.4499258027294325
18097330103,NA,2025,43.36106613091661,0.353565132980329
18097330103,NA,2026,43.36041131471481,0.3571146957070841
18097330103,NA,2027,42.41141750465261,0.2677348205518022
18097330103,NA,2028,41.461793446806354,0.18585628634431342
18097330105,NA,2024,44.32461480145572,0.45068636363504333
18097330105,NA,2025,44.15172116226993,0.390499213219502
18097330105,NA,2026,44.15958712228627,0.3945782546454176
18097330105,NA,2027,44.00190918610239,0.3402986901000954
18097330105,NA,2028,43.851614870526454,0.2921448404299477
18097330106,NA,2024,38.52907605875277,0.17239349654501374
18097330106,NA,2025,40.11634374869403,0.20199354731201924
18097330106,NA,2026,39.43499507112508,0.17310003784837988
18097330106,NA,2027,40.12151303130437,0.16326125969002417
18097330106,NA,2028,40.27543404471306,0.13309233326278705
18097330107,NA,2024,63.18649555473636,1.3564049010444923
18097330107,NA,2025,64.1383163634247,1.324138387821111
18097330107,NA,2026,64.02320859159086,1.3257400172936193
18097330107,NA,2027,64.69159758300587,1.2842356294365156
18097330107,NA,2028,65.16705974385792,1.2401603669422738
18097330108,NA,2024,72.25090416226175,1.791663877276838
18097330108,NA,2025,72.36489358142457,1.7084286927133632
18097330108,NA,2026,72.45550905188307,1.721027239813362
18097330108,NA,2027,72.7844776858073,1.6534615127899985
18097330108,NA,2028,73.25037906557152,1.5996702091379287
18097330109,NA,2024,57.97792150204785,1.106297176650713
18097330109,NA,2025,58.47892827029115,1.0597698760838992
18097330109,NA,2026,58.487496050678764,1.0662383018045798
18097330109,NA,2027,59.00446244605828,1.0247683609219076
18097330109,NA,2028,59.52898208587177,0.9894039229076277
18097330203,NA,2024,78.4726578607506,2.0904229317755276
18097330203,NA,2025,80.12408264151304,2.0708857694054594
18097330203,NA,2026,79.98803457898596,2.074135043334915
18097330203,NA,2027,81.43660582034039,2.048202274148203
18097330203,NA,2028,82.7831301004597,2.0236442826397774
18097330204,NA,2024,46.54253190304359,0.5571873356018062
18097330204,NA,2025,46.25353369750681,0.488681745102296
18097330204,NA,2026,46.25408363266135,0.4927635259201046
18097330204,NA,2027,45.966151829553446,0.42991440365771316
18097330204,NA,2028,45.67873853050367,0.3734071180324
18097330206,NA,2024,59.09880945114146,1.1601204940140344
18097330206,NA,2025,61.74276293341603,1.2122342588488022
18097330206,NA,2026,61.17141846451361,1.1920545297033769
18097330206,NA,2027,63.012236725066515,1.207617232973768
18097330206,NA,2028,64.41946526145915,1.2069107124752587
18097330208,NA,2024,54.38479899755643,0.9337609538811509
18097330208,NA,2025,54.78959476569515,0.887429051976847
18097330208,NA,2026,54.80555881159403,0.8936373903945305
18097330208,NA,2027,55.237378911874465,0.8529006540107545
18097330208,NA,2028,55.681765611954866,0.8182969639489434
18097330209,NA,2024,28.677049767059714,-0.30068567091179854
18097330209,NA,2025,26.540556053876188,-0.43217585925224067
18097330209,NA,2026,26.540316904381054,-0.43137338453742274
18097330209,NA,2027,24.403277158669344,-0.5538603893534486
18097330209,NA,2028,22.265911345973723,-0.667890580532369
18097330210,NA,2024,35.987310966555455,0.050341841577205726
18097330210,NA,2025,36.92680780605163,0.05299990057629299
18097330210,NA,2026,37.13959691343669,0.06549695057673224
18097330210,NA,2027,38.42259046591101,0.0857503887777778
18097330210,NA,2028,39.86795383178228,0.11496943829622513
18097330212,NA,2024,24.488455035133573,-0.5018155552549192
18097330212,NA,2025,23.78284728729077,-0.5609974474574028
18097330212,NA,2026,23.764970676590483,-0.5614753545846288
18097330212,NA,2027,23.0268603231486,-0.6166574054345135
18097330212,NA,2028,22.27353289502965,-0.6675516081635524
18097330213,NA,2024,56.09044251287226,1.0156633352099624
18097330213,NA,2025,58.82362975272502,1.0758720087535454
18097330213,NA,2026,58.77354873594508,1.079647806362167
18097330213,NA,2027,61.42108386044945,1.135023197905178
18097330213,NA,2028,64.02884394365336,1.1895376256611094
18097330401,NA,2024,51.986725600512976,0.8186091533697976
18097330401,NA,2025,51.70656885718991,0.7434108369921405
18097330401,NA,2026,51.70495668311648,0.7482881574922886
18097330401,NA,2027,51.421764894037686,0.6788188143719789
18097330401,NA,2028,51.13712800528281,0.6161718364134958
18097330500,NA,2024,37.75600737729951,0.13527192608014288
18097330500,NA,2025,38.439064849038935,0.12364236885015706
18097330500,NA,2026,38.612554996010225,0.13454590253121715
18097330500,NA,2027,39.5946870522044,0.13922559067777537
18097330500,NA,2028,40.71563171498327,0.15267035420631556
18097330600,NA,2024,21.55852737402743,-0.6425061804711234
18097330600,NA,2025,21.805553775076184,-0.6533632888680739
18097330600,NA,2026,21.80548168872521,-0.6533317777776473
18097330600,NA,2027,22.05236437634818,-0.6611173655737009
18097330600,NA,2028,22.2991754339702,-0.6664111428718684
18097330700,NA,2024,12.972679500956763,-1.0547854054187764
18097330700,NA,2025,14.093946351108944,-1.013597671848344
18097330700,NA,2026,14.09395337660242,-1.0148308280351308
18097330700,NA,2027,15.215231969292695,-0.9730515868314611
18097330700,NA,2028,16.33651603754173,-0.931603528989556
18097330702,NA,2024,13.519019352309847,-1.0285510050655695
18097330702,NA,2025,16.051772402740276,-0.9221412191378295
18097330702,NA,2026,15.906488953461981,-0.9298632492268436
18097330702,NA,2027,18.215692769753897,-0.8361599270706433
18097330702,NA,2028,20.415716286377712,-0.7501789706643492
18097330803,NA,2024,5.160952160877105,-1.4298925516066117
18097330803,NA,2025,4.390774469685439,-1.4668645387265185
18097330803,NA,2026,4.374984583780038,-1.4704341592923382
18097330803,NA,2027,3.5682532765875976,-1.5044280488063049
18097330803,NA,2028,2.7391914688890107,-1.5363516300361375
18097330804,NA,2024,7.446987059991414,-1.3201206676478687
18097330804,NA,2025,6.926480361061824,-1.3484134302895845
18097330804,NA,2026,6.93350991662079,-1.3504962636578683
18097330804,NA,2027,6.42802287080313,-1.3739552206908667
18097330804,NA,2028,5.930657174210675,-1.394409528477566
18097330805,NA,2024,14.25765190733204,-0.9930830044897868
18097330805,NA,2025,14.8993429693289,-0.9759749639136598
18097330805,NA,2026,14.955411674080176,-0.9744476064777283
18097330805,NA,2027,15.730415996013017,-0.9495470649629648
18097330805,NA,2028,16.59066250110445,-0.9203002324880084
18097330806,NA,2024,16.22235301099843,-0.8987410757428377
18097330806,NA,2025,17.329775744536505,-0.8624415067474076
18097330806,NA,2026,17.32977594751044,-0.8631427658456818
18097330806,NA,2027,18.437199087343757,-0.8260540235181884
18097330806,NA,2028,19.544622430498976,-0.7889213241704557
18097330900,NA,2024,28.329646972287787,-0.31736741942290914
18097330900,NA,2025,30.07381065117851,-0.26712599094390155
18097330900,NA,2026,30.041836343689152,-0.2672300525628622
18097330900,NA,2027,31.716633732951337,-0.2201991331483131
18097330900,NA,2028,33.35312117809437,-0.17478114139037867
18097331000,NA,2024,8.81073164687197,-1.2546357476239374
18097331000,NA,2025,8.612620006864198,-1.2696483374197884
18097331000,NA,2026,8.75756051583088,-1.2649888865793903
18097331000,NA,2027,8.793478441751263,-1.2660347508924312
18097331000,NA,2028,8.940007252542578,-1.2605671144006676
18097340101,NA,2024,21.59887882705622,-0.6405685656861702
18097340101,NA,2025,20.947612418635693,-0.6934405332322069
18097340101,NA,2026,20.910895475707353,-0.6952679612798216
18097340101,NA,2027,20.19448005722221,-0.7458806352853591
18097340101,NA,2028,19.447763157607813,-0.7932291908433395
18097340102,NA,2024,25.171194745341225,-0.469031443222344
18097340102,NA,2025,26.263374969290705,-0.44512389349334125
18097340102,NA,2026,26.26203504899748,-0.4444186101209051
18097340102,NA,2027,27.351632899828054,-0.4193459471349354
18097340102,NA,2028,28.439981207928213,-0.39329560371217065
18097340108,NA,2024,30.881062748085263,-0.19485235345438115
18097340108,NA,2025,33.394767275609176,-0.11199325470165997
18097340108,NA,2026,33.350219027467794,-0.11214053597583673
18097340108,NA,2027,35.75977970082084,-0.03573647924133973
18097340108,NA,2028,38.10466212205036,0.036546119968594824
18097340109,NA,2024,34.9718914453921,0.0015829560983483641
18097340109,NA,2025,36.41637343502639,0.0291558430939679
18097340109,NA,2026,36.3354812042283,0.027801820193953844
18097340109,NA,2027,37.67662951291745,0.05171700532002589
18097340109,NA,2028,38.9531012430052,0.07428089232476516
18097340111,NA,2024,27.32574260804481,-0.36557336475648705
18097340111,NA,2025,26.656062267428624,-0.4267801865627662
18097340111,NA,2026,26.643325625227007,-0.4265445680892601
18097340111,NA,2027,25.950771804537947,-0.48325819701306866
18097340111,NA,2028,25.24755047372907,-0.5352806254333201
18097340112,NA,2024,31.43681775102505,-0.16816585198590703
18097340112,NA,2025,31.20008262520957,-0.21451414657380433
18097340112,NA,2026,31.198721856963846,-0.21299786960530265
18097340112,NA,2027,30.95904830816907,-0.2547628662232821
18097340112,NA,2028,30.717762536117547,-0.2919900913029492
18097340113,NA,2024,10.794986634808804,-1.1593548713937676
18097340113,NA,2025,8.450764066303297,-1.2772091573207647
18097340113,NA,2026,8.737253104125617,-1.2659408522271205
18097340113,NA,2027,6.8231588234609974,-1.3559277175879456
18097340113,NA,2028,5.123931865032609,-1.4302890573016682
18097340114,NA,2024,42.04854601476967,0.34139303708477126
18097340114,NA,2025,43.35424492351799,0.3532464920922067
18097340114,NA,2026,43.35428094065816,0.3568273176012786
18097340114,NA,2027,44.660052259796885,0.370325510548567
18097340114,NA,2028,45.9658599761134,0.38617699405658
18097340201,NA,2024,7.8355009242227585,-1.3014648287377588
18097340201,NA,2025,7.396140190508309,-1.3264740848885923
18097340201,NA,2026,7.396238091109367,-1.328804610741022
18097340201,NA,2027,6.9570746988146235,-1.3498180005595934
18097340201,NA,2028,6.518010771569947,-1.368286670936548
18097340202,NA,2024,28.56353750940556,-0.30613635514235615
18097340202,NA,2025,29.53229125539138,-0.292422131513369
18097340202,NA,2026,29.530962921552533,-0.291178646074975
18097340202,NA,2027,30.496866813983857,-0.2758492246386373
18097340202,NA,2028,31.46122109076317,-0.25892438437959625
18097340300,NA,2024,8.708304286733458,-1.2595541521048494
18097340300,NA,2025,8.724779472389018,-1.264409002267281
18097340300,NA,2026,8.725234665287028,-1.2665042495265766
18097340300,NA,2027,8.742449643955917,-1.268362865568927
18097340300,NA,2028,8.760013155849874,-1.2685724457160243
18097340301,NA,2024,9.512802717843089,-1.2209233733450975
18097340301,NA,2025,9.454734340030177,-1.230310425032798
18097340301,NA,2026,9.391340409702472,-1.2352787149462656
18097340301,NA,2027,9.244938801022512,-1.245437528663313
18097340301,NA,2028,9.050271391229485,-1.2556630593310274
18097340400,NA,2024,7.662142691600072,-1.3097892247485647
18097340400,NA,2025,7.948194739395607,-1.3006858128907475
18097340400,NA,2026,7.948182632084014,-1.3029306958331985
18097340400,NA,2027,8.23420993476056,-1.2915505630510649
18097340400,NA,2028,8.520224576385425,-1.2792371678348224
18097340500,NA,2024,19.142994607019627,-0.758496353106394
18097340500,NA,2025,21.206279190571475,-0.6813573630365632
18097340500,NA,2026,20.389089236619945,-0.719729060586426
18097340500,NA,2027,21.299386864091023,-0.6954708693420587
18097340500,NA,2028,21.59030694253113,-0.697938438695771
18097340600,NA,2024,26.933933176274405,-0.3843874517570422
18097340600,NA,2025,31.100460628303136,-0.21916781559685608
18097340600,NA,2026,30.874242075681916,-0.2282087497335355
18097340600,NA,2027,34.425564620141806,-0.09660810164146999
18097340600,NA,2028,37.470786818926136,0.008354185303121067
18097340700,NA,2024,7.675448078043754,-1.309150320531797
18097340700,NA,2025,7.811955705625728,-1.3070499833638693
18097340700,NA,2026,7.804556938642102,-1.3096635443257862
18097340700,NA,2027,7.92445853208239,-1.305682520255551
18097340700,NA,2028,8.034710801885728,-1.300830646145809
18097340800,NA,2024,34.616702102862604,-0.015472690474079915
18097340800,NA,2025,35.223601809833006,-0.026562417291344013
18097340800,NA,2026,35.4106750706733,-0.015551005007617618
18097340800,NA,2027,36.32775736114785,-0.009823324629461708
18097340800,NA,2028,37.38981947233961,0.004753120340101388
18097340902,NA,2024,48.19383932525061,0.6364805812127762
18097340902,NA,2025,50.97281570706575,0.7091348295707429
18097340902,NA,2026,50.9135076460503,0.7111868121238417
18097340902,NA,2027,53.60828138536888,0.7785754489351497
18097340902,NA,2028,56.25819213497678,0.8439338341604579
18097340903,NA,2024,38.52078658926962,0.17199544895504182
18097340903,NA,2025,38.40662908003186,0.12212718808532214
18097340903,NA,2026,38.45902141331829,0.12734859454253844
18097340903,NA,2027,38.442453087070184,0.08665659197738707
18097340903,NA,2028,38.47206982732627,0.05288676925983313
18097340904,NA,2024,36.72799890198769,0.08590853836272253
18097340904,NA,2025,36.50521730347033,0.03330603051546659
18097340904,NA,2026,36.50489518179581,0.035743565268626105
18097340904,NA,2027,36.28147912176414,-0.01193470198825632
18097340904,NA,2028,36.05775042484875,-0.054491345206465036
18097341000,NA,2024,47.03685316855304,0.5809238833757993
18097341000,NA,2025,48.18553807157912,0.578931982873227
18097341000,NA,2026,48.1903649390509,0.5835320253614897
18097341000,NA,2027,49.34930264570257,0.5842657387501871
18097341000,NA,2028,50.51374063968669,0.5884463582389287
18097341100,NA,2024,11.815392914365486,-1.110356529437717
18097341100,NA,2025,12.386917236850216,-1.0933385800529265
18097341100,NA,2026,12.386066282410193,-1.0948927220603308
18097341100,NA,2027,12.95585996474165,-1.0761321482147586
18097341100,NA,2028,13.52477299128905,-1.0566572672648293
18097341200,NA,2024,17.679664842074963,-0.8287632003942963
18097341200,NA,2025,19.332920880396266,-0.7688680515176104
18097341200,NA,2026,19.263807134312724,-0.7724797469343345
18097341200,NA,2027,20.801217490239495,-0.7181991224217392
18097341200,NA,2028,22.28464777996677,-0.6670572678596832
18097341600,NA,2024,11.830667950470213,-1.109623045670079
18097341600,NA,2025,13.529792243242454,-1.0399511537853845
18097341600,NA,2026,13.424969653527585,-1.0461912757623464
18097341600,NA,2027,14.84226879384508,-0.990067489225134
18097341600,NA,2028,16.032862835737756,-0.9451086634916048
18097341700,NA,2024,4.700632450651309,-1.4519963969304102
18097341700,NA,2025,3.72357830100599,-1.498031452047865
18097341700,NA,2026,4.193061493878216,-1.4789623033329988
18097341700,NA,2027,3.752086580159636,-1.4960409217218844
18097341700,NA,2028,3.723445443992949,-1.492576421215728
18097341702,NA,2024,10.74018163367706,-1.1619865233545157
18097341702,NA,2025,9.636510169848677,-1.2218190820098274
18097341702,NA,2026,9.426410309504208,-1.2336347171603763
18097341702,NA,2027,8.068942625703817,-1.299090643640521
18097341702,NA,2028,6.53598351584676,-1.3674873237622476
18097341902,NA,2024,20.00162871497292,-0.7172660623099653
18097341902,NA,2025,18.607134622029044,-0.8027718993906094
18097341902,NA,2026,18.922017399516776,-0.7885020786324827
18097341902,NA,2027,17.987758345657557,-0.8465591036325827
18097341902,NA,2028,17.290125506348517,-0.8891912505674866
18097341903,NA,2024,22.04566594881642,-0.6191145344711948
18097341903,NA,2025,23.090748771197916,-0.5933276308030182
18097341903,NA,2026,22.96108213049251,-0.5991598360732652
18097341903,NA,2027,23.821346940927388,-0.5804101091029703
18097341903,NA,2028,24.58363883902834,-0.5648084416092769
18097341904,NA,2024,31.9569059504883,-0.1431920156276299
18097341904,NA,2025,32.661968779078265,-0.1462246671340732
18097341904,NA,2026,32.784452896778994,-0.13866237582829943
18097341904,NA,2027,33.704163939873034,-0.12952095837980693
18097341904,NA,2028,34.723544572600616,-0.11383084625893133
18097342000,NA,2024,11.95592501586545,-1.1036083938146304
18097342000,NA,2025,10.227411639038124,-1.1942161434196146
18097342000,NA,2026,10.231893370107093,-1.1958754884289342
18097342000,NA,2027,8.51208074417474,-1.2788731115429692
18097342000,NA,2028,6.796502537742342,-1.3559006044056265
18097342101,NA,2024,19.173905953089115,-0.7570120377553629
18097342101,NA,2025,20.011580551504405,-0.7371656405370651
18097342101,NA,2026,19.963061662694372,-0.7397002721445147
18097342101,NA,2027,20.714989830889248,-0.7221331339588776
18097342101,NA,2028,21.4270627279539,-0.7051988102691622
18097342200,NA,2024,17.882497367395157,-0.8190234941277238
18097342200,NA,2025,18.923895951974018,-0.7879749425473325
18097342200,NA,2026,18.970501702090285,-0.7862292439072095
18097342200,NA,2027,20.119194232704377,-0.7493154415234956
18097342200,NA,2028,21.33283012687857,-0.7093898543432563
18097342300,NA,2024,11.015224562329944,-1.148779384452369
18097342300,NA,2025,11.45929883700542,-1.1366706668070687
18097342300,NA,2026,11.520646738090086,-1.135461637933229
18097342300,NA,2027,12.072277083666563,-1.1164443319660082
18097342300,NA,2028,12.673851855048987,-1.0945024285451534
18097342400,NA,2024,4.945934411701371,-1.4402173736033068
18097342400,NA,2025,4.940949966873607,-1.4411640433739576
18097342400,NA,2026,4.9475359727921875,-1.4435942418370498
18097342400,NA,2027,4.957413183834352,-1.4410496486129207
18097342400,NA,2028,4.975999524085668,-1.4368684253103783
18097342500,NA,2024,6.354319666309483,-1.3725888772938482
18097342500,NA,2025,6.527306758571672,-1.3670601336925796
18097342500,NA,2026,6.469331781395076,-1.3722558874629962
18097342500,NA,2027,6.54101123591624,-1.3688002908775467
18097342500,NA,2028,6.565659926894546,-1.366167449904974
18097350100,NA,2024,26.331400138200763,-0.41332016261038657
18097350100,NA,2025,27.887266681145867,-0.3692666050337617
18097350100,NA,2026,27.887128591821497,-0.3682378910036675
18097350100,NA,2027,29.44272769196525,-0.3239427888037674
18097350100,NA,2028,30.99819688598227,-0.2795176273492754
18097350300,NA,2024,23.14355567715775,-0.5663955563376271
18097350300,NA,2025,25.20729702528886,-0.4944567453387561
18097350300,NA,2026,25.066085461358483,-0.5004820287570892
18097350300,NA,2027,26.760334612440527,-0.44632307143589806
18097350300,NA,2028,28.17261756388002,-0.40518674120842435
18097350400,NA,2024,30.414995529572355,-0.2172321852965786
18097350400,NA,2025,31.02682659310184,-0.22260750200447144
18097350400,NA,2026,30.968876186750524,-0.22377251609882481
18097350400,NA,2027,31.48340609558215,-0.23083980486668867
18097350400,NA,2028,31.95261554334776,-0.23706935984407468
18097350500,NA,2024,7.124582219661092,-1.335602052789534
18097350500,NA,2025,7.119022951287391,-1.3394191367040784
18097350500,NA,2026,7.1153888952365625,-1.3419701874547836
18097350500,NA,2027,7.101179306752407,-1.3432434374269064
18097350500,NA,2028,7.0814277333741495,-1.343228407744535
18097350600,NA,2024,15.975890013499578,-0.9105758502565818
18097350600,NA,2025,17.962051462434083,-0.8329058417961093
18097350600,NA,2026,17.861224764598585,-0.8382296442358175
18097350600,NA,2027,19.589272104620928,-0.7734923678296741
18097350600,NA,2028,21.12841528712805,-0.7184813109412594
18097350700,NA,2024,6.0179328964250365,-1.3887416532131125
18097350700,NA,2025,6.1327535741775865,-1.3854910022675757
18097350700,NA,2026,6.1099993039174505,-1.389100583362073
18097350700,NA,2027,6.196872647032849,-1.3845011134354526
18097350700,NA,2028,6.264999603755467,-1.3795394745676484
18097350800,NA,2024,10.548912686389084,-1.1711709643684045
18097350800,NA,2025,11.31546687017918,-1.1433895279956527
18097350800,NA,2026,11.315448380450134,-1.1450808740170317
18097350800,NA,2027,12.081965749977966,-1.1160023006580062
18097350800,NA,2028,12.848464793496646,-1.08673642704896
18097350900,NA,2024,69.01299677425523,1.6361845387054474
18097350900,NA,2025,74.57679102036856,1.8117536501868485
18097350900,NA,2026,74.60764232914623,1.8219143926926589
18097350900,NA,2027,80.22703303615103,1.993017275229456
18097350900,NA,2028,85.87237743878627,2.161040169020484
18097351000,NA,2024,42.37415752113296,0.35702840140313336
18097351000,NA,2025,43.85762422479735,0.3767609842119471
18097351000,NA,2026,44.29837861845623,0.4010844868757245
18097351000,NA,2027,46.38499819899317,0.4490236600387943
18097351000,NA,2028,48.80981034215517,0.5126631696752372
18097351200,NA,2024,12.743640333980052,-1.0657835143580212
18097351200,NA,2025,11.470229459463717,-1.1361600617126475
18097351200,NA,2026,12.474775548621391,-1.0907342317862336
18097351200,NA,2027,12.57507114479166,-1.0935050842562175
18097351200,NA,2028,13.446415101366378,-1.060142275281921
18097351500,NA,2024,49.064702516255366,0.678298093790538
18097351500,NA,2025,52.230007520840616,0.7678623674787929
18097351500,NA,2026,52.229789221053665,0.7728911228617162
18097351500,NA,2027,55.394652728518395,0.8600760431356506
18097351500,NA,2028,58.55929292877331,0.946276491963405
18097351600,NA,2024,89.33773697937758,2.6121473396901087
18097351600,NA,2025,94.39027184060078,2.7373060863475414
18097351600,NA,2026,94.37833784105732,2.748719996096887
18097351600,NA,2027,99.40814654982928,2.868127679786138
18097351600,NA,2028,100,2.7893735498308083
18097351700,NA,2024,54.71138059105412,0.949442900293421
18097351700,NA,2025,58.79899677435378,1.0747213218374883
18097351700,NA,2026,58.6367760578402,1.0732362117683485
18097351700,NA,2027,62.45706527679484,1.1822883431598952
18097351700,NA,2028,66.15213945661843,1.2839723008755723
18097351900,NA,2024,22.702173039176326,-0.5875900725441261
18097351900,NA,2025,25.008736058824834,-0.5037321769453791
18097351900,NA,2026,24.90157128635557,-0.5081940821413652
18097351900,NA,2027,26.954537264569172,-0.43746285790611067
18097351900,NA,2028,28.846682511586845,-0.3752073511416801
18097352100,NA,2024,4.456551598752209,-1.463716784472
18097352100,NA,2025,4.79226240121771,-1.4481097254511368
18097352100,NA,2026,4.39674790432441,-1.4694139439227243
18097352100,NA,2027,4.191861190365498,-1.475976844796602
18097352100,NA,2028,3.683323502106607,-1.494360865504276
18097352300,NA,2024,8.229312081725151,-1.2825546219426833
18097352300,NA,2025,8.786008159723753,-1.2615488101970558
18097352300,NA,2026,8.780851931376434,-1.2638970375634653
18097352300,NA,2027,9.325584431438472,-1.2417581890770732
18097352300,NA,2028,9.86298086185237,-1.2195173818059921
18097352400,NA,2024,12.958056617738755,-1.055487573806657
18097352400,NA,2025,12.536799969247316,-1.0863370678316666
18097352400,NA,2026,12.882347381470408,-1.0716281837341242
18097352400,NA,2027,12.922104710293496,-1.0776721826009257
18097352400,NA,2028,13.23052667296578,-1.069744025718487
18097352500,NA,2024,32.47772207449917,-0.11818322545084228
18097352500,NA,2025,32.90792636419015,-0.13473518458641043
18097352500,NA,2026,32.901261245674434,-0.13318666394879233
18097352500,NA,2027,33.319213204957144,-0.14708377573795495
18097352500,NA,2028,33.73140362946234,-0.1579568320956352
18097352600,NA,2024,15.172828568065146,-0.9491376271717649
18097352600,NA,2025,18.274936562298077,-0.818289956326768
18097352600,NA,2026,17.026763767693748,-0.877347293247596
18097352600,NA,2027,18.611632724728523,-0.8180957425314656
18097352600,NA,2028,19.15939303003029,-0.8060546026492111
18097352700,NA,2024,37.153762714591466,0.10635306256884083
18097352700,NA,2025,41.197885534397486,0.25251589841477157
18097352700,NA,2026,40.245639379477694,0.21110121423068332
18097352700,NA,2027,43.1549451767249,0.3016571891068014
18097352700,NA,2028,45.259572004567495,0.35476446820063884
18097352800,NA,2024,27.27697513457577,-0.36791510391395943
18097352800,NA,2025,29.22736040441241,-0.3066664480241735
18097352800,NA,2026,29.105135585646455,-0.3111404709264417
18097352800,NA,2027,30.846762167432047,-0.25988575807084935
18097352800,NA,2028,32.491432742369106,-0.21310518393033587
18097353300,NA,2024,62.1614612288087,1.307184327411494
18097353300,NA,2025,64.73425372651026,1.3519765694716461
18097353300,NA,2026,64.73706371732992,1.3592039351489724
18097353300,NA,2027,67.31536893897487,1.4039413811984713
18097353300,NA,2028,69.896380987783,1.4504993955550427
18097353500,NA,2024,71.05682996650562,1.7343262687803733
18097353500,NA,2025,70.82875847735167,1.6366708021767944
18097353500,NA,2026,72.84895405143317,1.7394710537902005
18097353500,NA,2027,75.40702248105208,1.7731113045029812
18097353500,NA,2028,79.50974508257397,1.8780587769348953
18097353600,NA,2024,32.5510907569328,-0.11466017403223497
18097353600,NA,2025,35.36495992888926,-0.019959117616205037
18097353600,NA,2026,35.36694828628439,-0.017600818013238678
18097353600,NA,2027,38.18473012986811,0.07489835692081322
18097353600,NA,2028,41.00443835045533,0.165515179928431
18097354200,NA,2024,72.38304374473708,1.7980090170292795
18097354200,NA,2025,75.35966674340742,1.8483243335132113
18097354200,NA,2026,75.06058091632217,1.8431471318413524
18097354200,NA,2027,77.72119791926166,1.878692192833711
18097354200,NA,2028,80.09869203984425,1.904252499988875
18097354201,NA,2024,67.78593591654128,1.5772629613771758
18097354201,NA,2025,67.49212064511033,1.4808055454742264
18097354201,NA,2026,69.67498237049318,1.5906824217883937
18097354201,NA,2027,71.7380201565045,1.6057184101194202
18097354201,NA,2028,75.82379682016871,1.7141243057827962
18097354202,NA,2024,62.55849802827635,1.3262494245783831
18097354202,NA,2025,61.40748766935154,1.1965724556424502
18097354202,NA,2026,61.41388495950443,1.2034208119902037
18097354202,NA,2027,60.271271185612584,1.0825646670527669
18097354202,NA,2028,59.133680230930246,0.9718226667635183
18097354400,NA,2024,58.59110545971119,1.135741328300393
18097354400,NA,2025,60.0028324708325,1.1309564211480205
18097354400,NA,2026,60.04885478346424,1.1394312768113466
18097354400,NA,2027,61.54483699731325,1.1406692547719395
18097354400,NA,2028,63.080370485754145,1.147353774002528
18097354500,NA,2024,41.642169163058824,0.32187944495771964
18097354500,NA,2025,43.103240192120246,0.34152124084832564
18097354500,NA,2026,43.102904854134614,0.3450433737632136
18097354500,NA,2027,44.563329982207705,0.3659126973190143
18097354500,NA,2028,46.02344271688665,0.38873801648123857
18097354700,NA,2024,42.02930194987606,0.3404689666520694
18097354700,NA,2025,45.92436222471114,0.4733050699322505
18097354700,NA,2026,45.8520410068744,0.47391667462131215
18097354700,NA,2027,49.58618569803455,0.5950731834593291
18097354700,NA,2028,53.22807436839829,0.7091677663186707
18097354800,NA,2024,23.06352232195521,-0.5702386351040648
18097354800,NA,2025,24.467269017643428,-0.5290258718601275
18097354800,NA,2026,24.467199134680943,-0.5285564686791709
18097354800,NA,2027,25.870804993871474,-0.486906566435602
18097354800,NA,2028,27.274339883126142,-0.44513810950191957
18097354900,NA,2024,12.43180168874579,-1.0807575270433785
18097354900,NA,2025,13.66955206426675,-1.0334225158342816
18097354900,NA,2026,13.620155904726964,-1.037041384641416
18097354900,NA,2027,14.733855013903808,-0.9950137102438601
18097354900,NA,2028,15.759982740540366,-0.9572451480294879
18097355000,NA,2024,18.37692655784774,-0.79528176396376
18097355000,NA,2025,19.47006986828577,-0.7624613741139872
18097355000,NA,2026,19.4725511889298,-0.7626942965752478
18097355000,NA,2027,20.57080837905634,-0.7287112029825079
18097355000,NA,2028,21.671707346324116,-0.6943181132876594
18097355100,NA,2024,9.263119593633856,-1.2329127733965888
18097355100,NA,2025,9.68150027096292,-1.2197174473668682
18097355100,NA,2026,9.68755318945906,-1.221392928079893
18097355100,NA,2027,10.119488096544794,-1.205537489113289
18097355100,NA,2028,10.559270898378232,-1.1885495193238809
18097355300,NA,2024,35.1362916814484,0.009477202875662847
18097355300,NA,2025,36.9732367121327,0.055168746501019904
18097355300,NA,2026,36.97299825852101,0.0576871814766802
18097355300,NA,2027,38.80944599775124,0.10340010972501475
18097355300,NA,2028,40.645633156591096,0.14955713181834263
18097355400,NA,2024,22.773431607895716,-0.584168345544437
18097355400,NA,2025,23.70637080174877,-0.5645699140090715
18097355400,NA,2026,23.69475503643902,-0.5647669053902029
18097355400,NA,2027,24.60865741720751,-0.5444902137893906
18097355400,NA,2028,25.51362394211677,-0.5234468691723793
18097355500,NA,2024,16.44155017772262,-0.8882155645360511
18097355500,NA,2025,17.813042656758114,-0.839866530044383
18097355500,NA,2026,17.815651433103497,-0.8403660192040122
18097355500,NA,2027,19.193085049796647,-0.7915678259400782
18097355500,NA,2028,20.574051725422333,-0.7431369194426434
18097355600,NA,2024,19.312837109447248,-0.7503407770585521
18097355600,NA,2025,20.94972938147598,-0.6933416429800666
18097355600,NA,2026,20.958158326262343,-0.6930523854696115
18097355600,NA,2027,22.616585291073395,-0.6353756070156056
18097355600,NA,2028,24.290712929913894,-0.5778364741747933
18097355700,NA,2024,4.847085750085882,-1.444963934478881
18097355700,NA,2025,4.7351643790220646,-1.4507769606544116
18097355700,NA,2026,4.784271088560705,-1.4512477312883298
18097355700,NA,2027,4.745347119335881,-1.4507248543492122
18097355700,NA,2028,4.74326212445546,-1.447219542528935
18097355900,NA,2024,65.015298834644625,1.4442212250661584
18097355900,NA,2025,69.10724806968406,1.5562534254347067
18097355900,NA,2026,69.1146159319553,1.5644137073223956
18097355900,NA,2027,73.22174694970336,1.6734112869339972
18097355900,NA,2028,77.33671889272149,1.7814123039318621
18097356200,NA,2024,35.21988466826623,0.013491209683821014
18097356200,NA,2025,35.59242378743998,-0.00933353747053245
18097356200,NA,2026,35.68185760738552,-0.0028385794675632953
18097356200,NA,2027,36.20763264186683,-0.015303840221651384
18097356200,NA,2028,36.80455582162199,-0.02127678573414487
18097356400,NA,2024,37.11711527061084,0.10459330860813598
18097356400,NA,2025,40.47381236790391,0.21869207466128024
18097356400,NA,2026,40.38312659887484,0.21754630490829613
18097356400,NA,2027,43.52373031475408,0.3184824746203389
18097356400,NA,2028,46.52563208972353,0.41107315072441336
18097356900,NA,2024,41.48135644570436,0.3141574653171796
18097356900,NA,2025,45.42913345825263,0.450171315928538
18097356900,NA,2026,45.45149851415271,0.45514014617635623
18097356900,NA,2027,49.44754336542121,0.5887478286932767
18097356900,NA,2028,53.47005060069381,0.7199297854379674
18097357000,NA,2024,43.7339343706434,0.4223227967739458
18097357000,NA,2025,47.817336324772384,0.5617320760599022
18097357000,NA,2026,47.81282915567638,0.5658339995481689
18097357000,NA,2027,51.886808356609485,0.7000357459321532
18097357000,NA,2028,55.95583496510957,0.8304863413546629
18097357100,NA,2024,54.74954124437859,0.9512753162421654
18097357100,NA,2025,59.04878418992656,1.0863897082812064
18097357100,NA,2026,59.05671571670266,1.0929220356024625
18097357100,NA,2027,63.37124070838888,1.2239962675307898
18097357100,NA,2028,67.69315877992081,1.3525099389041348
18097357200,NA,2024,42.65464391207544,0.3704969270019656
18097357200,NA,2025,47.52167666174971,0.547920847035184
18097357200,NA,2026,47.38487997965104,0.5457727076187292
18097357200,NA,2027,51.89805138563275,0.7005486927780167
18097357200,NA,2028,56.14705941071387,0.8389911482943672
18097357300,NA,2024,11.141798635925666,-1.1427014918863727
18097357300,NA,2025,9.42045941810116,-1.2319115186406524
18097357300,NA,2026,10.86069360602246,-1.1663987519268137
18097357300,NA,2027,10.99480443358928,-1.1656024544094992
18097357300,NA,2028,12.27363926846219,-1.1123020920400792
18097357400,NA,2024,6.926524111553427,-1.3451124988762087
18097357400,NA,2025,6.864312789382846,-1.3513174807156418
18097357400,NA,2026,6.862959524476761,-1.3538035068816616
18097357400,NA,2027,6.797948908426606,-1.357077883292812
18097357400,NA,2028,6.731485904579823,-1.3587922530709913
18097357500,NA,2024,23.410310523566928,-0.5535863984123454
18097357500,NA,2025,23.947647496673113,-0.5532990911384129
18097357500,NA,2026,23.976365009861667,-0.5515656651411999
18097357500,NA,2027,24.56546918433331,-0.5464606140956959
18097357500,NA,2028,25.17874167588791,-0.5383409326003398
18097357600,NA,2024,6.625261156659186,-1.3595786831582295
18097357600,NA,2025,6.620689944096441,-1.362697899936528
18097357600,NA,2026,6.62361141374537,-1.365023606349403
18097357600,NA,2027,6.623585870645573,-1.3650329432753037
18097357600,NA,2028,6.625760576138937,-1.3634944421879998
18097357800,NA,2024,32.635150088870105,-0.11062377404785756
18097357800,NA,2025,34.3712686428536,-0.06637768479915096
18097357800,NA,2026,34.36627085635778,-0.06451031842496582
18097357800,NA,2027,36.09385997376949,-0.020494552717834492
18097357800,NA,2028,37.81748733949856,0.023773871756101773
18097357900,NA,2024,31.86494327262139,-0.1476079221421161
18097357900,NA,2025,33.3129699241987,-0.11581427628571973
18097357900,NA,2026,33.312957255092364,-0.11388728380317117
18097357900,NA,2027,34.76095848464421,-0.08130624441398275
18097357900,NA,2028,36.20894696072247,-0.04776680042614469
18097358000,NA,2024,26.789035802047373,-0.3913452010703789
18097358000,NA,2025,28.99870569666972,-0.3173476566270936
18097358000,NA,2026,28.98302741407004,-0.3168646265369656
18097358000,NA,2027,31.16375937817755,-0.2454232214125363
18097358000,NA,2028,33.33085857992321,-0.17577128205374198
18097358100,NA,2024,17.866036747280337,-0.8198139078181854
18097358100,NA,2025,18.468608249748065,-0.8092429189202137
18097358100,NA,2026,18.45579997926103,-0.8103572995192426
18097358100,NA,2027,19.03607360000712,-0.7987312449588625
18097358100,NA,2028,19.605997735482912,-0.7861916254747462
18097360101,NA,2024,10.706593750729777,-1.1635993618946174
18097360101,NA,2025,11.339675172788963,-1.1422586790721803
18097360101,NA,2026,11.3403974533214,-1.1439113177653106
18097360101,NA,2027,11.974947406453234,-1.120884856919932
18097360101,NA,2028,12.610244405607428,-1.0973314030296546
18097360102,NA,2024,7.365685279340909,-1.3240246542557128
18097360102,NA,2025,7.025852008009332,-1.343771455931215
18097360102,NA,2026,7.025132749972489,-1.346201191929159
18097360102,NA,2027,6.683816446943059,-1.3622850108389106
18097360102,NA,2028,6.341733615134577,-1.3761266893956163
18097360201,NA,2024,10.217807034518696,-1.187070149113695
18097360201,NA,2025,10.334018975473452,-1.1892361663602802
18097360201,NA,2026,10.332644737233451,-1.1911524916306129
18097360201,NA,2027,10.44633494162468,-1.1906255772150582
18097360201,NA,2028,10.558840237155955,-1.1885686732063268
18097360202,NA,2024,6.226233158429915,-1.3787393946306938
18097360202,NA,2025,5.150085166741789,-1.4313946547702503
18097360202,NA,2026,5.093271209589729,-1.4367625027110271
18097360202,NA,2027,3.926718698520265,-1.4880735853293345
18097360202,NA,2028,2.7170827805267592,-1.5373349254804873
18097360301,NA,2024,11.920057492488436,-1.1053306971860946
18097360301,NA,2025,11.611657558771556,-1.1295534930312736
18097360301,NA,2026,11.613509512950506,-1.131108440543868
18097360301,NA,2027,11.308548583059904,-1.1512883339401772
18097360301,NA,2028,11.005212594904714,-1.168716029817158
18097360302,NA,2024,6.6373939914515825,-1.3589960830704366
18097360302,NA,2025,6.87580831846278,-1.3507804869869062
18097360302,NA,2026,6.885567252843874,-1.3527437075782807
18097360302,NA,2027,7.14539856035447,-1.341225998299543
18097360302,NA,2028,7.417257485624043,-1.3282922043816854
18097360401,NA,2024,18.58349975887072,-0.7853624361965128
18097360401,NA,2025,19.62007719926006,-0.7554540414860199
18097360401,NA,2026,19.62862694359575,-0.7553778172995035
18097360401,NA,2027,20.6810414586527,-0.7236819790632445
18097360401,NA,2028,21.740929706003353,-0.6912394127422233
18097360402,NA,2024,13.083781881848845,-1.049450439768186
18097360402,NA,2025,13.55194373794654,-1.038916385080482
18097360402,NA,2026,13.554350932452593,-1.0401261732872684
18097360402,NA,2027,14.027028450468242,-1.0272616441001718
18097360402,NA,2028,14.501851507215358,-1.0132011907332683
18097360405,NA,2024,34.161534026316716,-0.03732916226271165
18097360405,NA,2025,35.373267957242106,-0.019571022462635954
18097360405,NA,2026,35.39496874470053,-0.016287282136142948
18097360405,NA,2027,36.64686824145292,0.004735645128110808
18097360405,NA,2028,37.91771506840984,0.028231552267093122
18097360407,NA,2024,12.716093023407725,-1.0671062938924425
18097360407,NA,2025,14.270644061371302,-1.005343544384262
18097360407,NA,2026,14.267393239996435,-1.0067003585152094
18097360407,NA,2027,15.817809851916984,-0.9455598474043309
18097360407,NA,2028,17.365619074842183,-0.8858336347396621
18097360501,NA,2024,21.18614240658195,-0.6603875345354218
18097360501,NA,2025,20.817690039008873,-0.6995096321485671
18097360501,NA,2026,21.25458583379606,-0.6791565326494674
18097360501,NA,2027,21.594301364081076,-0.6820158242419979
18097360501,NA,2028,22.26807561059515,-0.6677943237346907
18097360502,NA,2024,26.513201226917214,-0.4045903536202057
18097360502,NA,2025,28.24558952064212,-0.3525281742634793
18097360502,NA,2026,28.24978934817324,-0.35123717289948575
18097360502,NA,2027,29.989997060337085,-0.29897441989151247
18097360502,NA,2028,31.733904527305132,-0.24679664633796866
18097360601,NA,2024,25.877885613785025,-0.43509723336598033
18097360601,NA,2025,26.611925572056784,-0.4288419558347143
18097360601,NA,2026,26.608757575809467,-0.42816504026130026
18097360601,NA,2027,27.33677078564121,-0.4200240094773193
18097360601,NA,2028,28.061895056412016,-0.41011118246863815
18097360602,NA,2024,15.922597205181022,-0.9131348890415307
18097360602,NA,2025,15.81844581955576,-0.9330406663095228
18097360602,NA,2026,15.781165138552536,-0.9357381469424091
18097360602,NA,2027,15.5840680091704,-0.9562239789951229
18097360602,NA,2028,15.322239848193645,-0.9767139914447295
18097360700,NA,2024,45.353329528854026,0.5000836644926843
18097360700,NA,2025,45.87503975111034,0.4710010560129965
18097360700,NA,2026,45.87413330816736,0.4749523118662473
18097360700,NA,2027,46.3940893663011,0.44943843132384304
18097360700,NA,2028,46.91319389910462,0.4283101643058737
18097360800,NA,2024,20.54410512228724,-0.6912171786043251
18097360800,NA,2025,21.881157258676943,-0.649831603089901
18097360800,NA,2026,21.775726475970988,-0.6547266350245501
18097360800,NA,2027,22.95178362743127,-0.6200826704753112
18097360800,NA,2028,24.048690715070595,-0.5886005383918819
18097360900,NA,2024,25.54835859037196,-0.45092061479790135
18097360900,NA,2025,23.74453132574821,-0.5627873112310283
18097360900,NA,2026,25.133677773029188,-0.4973134536725297
18097360900,NA,2027,24.99774141062441,-0.5267388225240823
18097360900,NA,2028,26.028139567554827,-0.5005635184167615
18097361000,NA,2024,65.54204115797204,1.4695145822300657
18097361000,NA,2025,66.25453886517582,1.422994056329077
18097361000,NA,2026,66.48221983199231,1.4410129167758365
18097361000,NA,2027,67.54556964529905,1.4144439535906808
18097361000,NA,2028,68.78006256587481,1.4008505515928527
18097361100,NA,2024,49.17393464166913,0.6835432526462194
18097361100,NA,2025,49.920861165698696,0.6599945953369699
18097361100,NA,2026,49.95257386700894,0.6661404044049335
18097361100,NA,2027,50.77020130308838,0.6490921732537015
18097361100,NA,2028,51.62848609303529,0.6380252436041454
18097361200,NA,2024,38.56256112298837,0.17400139788853447
18097361200,NA,2025,40.423379772846125,0.21633620334108422
18097361200,NA,2026,40.47224564571092,0.22172400477363285
18097361200,NA,2027,42.419989955616416,0.26812592615813874
18097361200,NA,2028,44.40818368540592,0.31689852871624974
18097361300,NA,2024,12.293230730289224,-1.0874114915903061
18097361300,NA,2025,12.880458554565063,-1.0702836522943227
18097361300,NA,2026,12.823475300604386,-1.0743879740711826
18097361300,NA,2027,13.315369720720506,-1.0597300385159458
18097361300,NA,2028,13.76282110313714,-1.0460699533509037
18097361400,NA,2024,21.84296523465845,-0.6288479113682509
18097361400,NA,2025,22.18910080404572,-0.6354465537791817
18097361400,NA,2026,22.193036306831676,-0.6351640915943331
18097361400,NA,2027,22.545187198815757,-0.6386330411241937
18097361400,NA,2028,22.90029290917921,-0.6396761296857718
18097361401,NA,2024,25.31630592557545,-0.46206342727299915
18097361401,NA,2025,23.814406010596,-0.5595232363633356
18097361401,NA,2026,24.178996330351577,-0.5420667659678196
18097361401,NA,2027,23.27196761027336,-0.6054747419753468
18097361401,NA,2028,22.644697291029132,-0.6510438780933104
18097361402,NA,2024,15.309897369678431,-0.9425557938887792
18097361402,NA,2025,17.884324776713235,-0.8365367092835709
18097361402,NA,2026,16.6047084902012,-0.8971322925103057
18097361402,NA,2027,17.886507359452818,-0.8511785326055777
18097361402,NA,2028,17.901569873575994,-0.8619969434735077
18097361600,NA,2024,32.049694760095825,-0.13873643953609535
18097361600,NA,2025,32.13857770213274,-0.1706739746902212
18097361600,NA,2026,32.13256783763348,-0.16922127676466603
18097361600,NA,2027,32.212350839828424,-0.19758276118244555
18097361600,NA,2028,32.28762523740769,-0.22216962899687528
18097361601,NA,2024,36.15920858059168,0.05859610092734954
18097361601,NA,2025,36.20644978629721,0.019349623467448444
18097361601,NA,2026,36.183891829718426,0.020695652298765122
18097361601,NA,2027,36.18972525895054,-0.01612083852038166
18097361601,NA,2028,36.17609931495279,-0.04922771660143842
18097361602,NA,2024,44.973313785240045,0.48183589227947293
18097361602,NA,2025,55.68688011336293,0.9293441827406033
18097361602,NA,2026,49.455131241306056,0.6428214163300938
18097361602,NA,2027,53.793678349042615,0.7870339157373196
18097361602,NA,2028,52.04045309160662,0.6563476907018804
18097370201,NA,2024,6.610427975914366,-1.36029094971028
18097370201,NA,2025,6.2794849666456205,-1.3786366994324393
18097370201,NA,2026,6.176496883790015,-1.3859833268345227
18097370201,NA,2027,5.67295381033476,-1.4084041483041414
18097370201,NA,2028,5.088982318130799,-1.4318434566259322
18097370202,NA,2024,11.030185551493997,-1.1480609807363713
18097370202,NA,2025,11.242282020660916,-1.1468082314721522
18097370202,NA,2026,11.242282030534689,-1.148510747439614
18097370202,NA,2027,11.454378520018802,-1.1446350551804445
18097370202,NA,2028,11.666475019979204,-1.139306038620862
18097370203,NA,2024,31.06531648925046,-0.18600477186147263
18097370203,NA,2025,31.82015806327624,-0.18554839656182404
18097370203,NA,2026,32.97756988549707,-0.12960948706428843
18097370203,NA,2027,34.93365432780433,-0.07342724776108597
18097370203,NA,2028,38.004979422697666,0.03211267993144859
18097370204,NA,2024,7.421617130368666,-1.3213388926940692
18097370204,NA,2025,9.921775664944496,-1.2084933985353257
18097370204,NA,2026,8.621064684047537,-1.2713875032422137
18097370204,NA,2027,9.685448955505516,-1.2253398936002577
18097370204,NA,2028,9.570160821436946,-1.2325407058059101
18097370301,NA,2024,22.42183838331083,-0.6010513120576627
18097370301,NA,2025,22.481359490433285,-0.6217941954868963
18097370301,NA,2026,22.74935381177296,-0.6090851820010509
18097370301,NA,2027,23.097408853996132,-0.613438731329549
18097370301,NA,2028,23.694492800338164,-0.6043536753599377
18097370302,NA,2024,18.659081794605065,-0.7817331029526456
18097370302,NA,2025,16.62633321593697,-0.8953016059874919
18097370302,NA,2026,18.05549987682165,-0.8291224652545902
18097370302,NA,2027,17.555738608359807,-0.8662693757611275
18097370302,NA,2028,18.38886531806339,-0.8403242244606967
18097370303,NA,2024,19.747095330276192,-0.7294883644189052
18097370303,NA,2025,20.10949908610973,-0.7325915458047202
18097370303,NA,2026,19.7793640905208,-0.7483115999108874
18097370303,NA,2027,19.600496930120062,-0.7729802514931214
18097370303,NA,2028,19.167599941955263,-0.8056895959615333
18097370304,NA,2024,33.98736566290515,-0.045692459509444866
18097370304,NA,2025,25.70721200082177,-0.47110408319545305
18097370304,NA,2026,30.02337272454584,-0.268095585374838
18097370304,NA,2027,26.434359802474447,-0.46119519800046266
18097370304,NA,2028,26.819105154249655,-0.4653849114686236
18097370306,NA,2024,25.727692001102486,-0.44230929991366064
18097370306,NA,2025,27.73143990741436,-0.3765457828498567
18097370306,NA,2026,27.86990434950891,-0.36904532462582207
18097370306,NA,2027,30.03021238231095,-0.2971396543208469
18097370306,NA,2028,32.31325406728441,-0.2210297734229541
18097380100,NA,2024,28.251620418606436,-0.3211141346632269
18097380100,NA,2025,27.21629479639135,-0.4006098943913657
18097380100,NA,2026,27.271583584590644,-0.3970932522885222
18097380100,NA,2027,26.309190068873264,-0.466905885032885
18097380100,NA,2028,25.39007221844932,-0.528941896513359
18097380101,NA,2024,35.29827163370254,0.017255231342933147
18097380101,NA,2025,35.651903338963606,-0.006555053249919066
18097380101,NA,2026,35.48849698310146,-0.011902889317271674
18097380101,NA,2027,35.59396635067183,-0.043301472161397674
18097380101,NA,2028,35.57682391799711,-0.07588080239659457
18097380103,NA,2024,35.45953019831061,0.024998619883663056
18097380103,NA,2025,35.79552863204293,1.5415353257218446e-4
18097380103,NA,2026,35.129915153737464,-0.028712396526225117
18097380103,NA,2027,34.463388340619,-0.09488244941043394
18097380103,NA,2028,33.29762610187678,-0.17724931384523004
18097380200,NA,2024,25.020445823168274,-0.47627017487866563
18097380200,NA,2025,26.71158140503099,-0.4241867062183665
18097380200,NA,2026,26.66483071947873,-0.4255364577856937
18097380200,NA,2027,28.28798834467194,-0.3766260919210109
18097380200,NA,2028,29.875984257429533,-0.32942861922574607
18097380300,NA,2024,9.876070725705173,-1.2034798016741617
18097380300,NA,2025,10.22068499365751,-1.1945303670068632
18097380300,NA,2026,10.220686480810905,-1.196400842116678
18097380300,NA,2027,10.565303416106266,-1.18519781361005
18097380300,NA,2028,10.909921594951738,-1.1729541467332785
18097380402,NA,2024,22.725074657076085,-0.5864903720349458
18097380402,NA,2025,24.618069861862455,-0.5219814716354337
18097380402,NA,2026,24.420961171961935,-0.5307240000597516
18097380402,NA,2027,26.009202627208083,-0.48059237571812774
18097380402,NA,2028,27.449193298411988,-0.4373614126729417
18097380403,NA,2024,17.24504715100703,-0.8496328742425872
18097380403,NA,2025,17.662545143530412,-0.8468967606872385
18097380403,NA,2026,17.685219865374346,-0.846480356848803
18097380403,NA,2027,18.138479999607124,-0.8396826474002999
18097380403,NA,2028,18.608881246617628,-0.8305389013023514
18097380404,NA,2024,20.29979770835067,-0.7029484453069008
18097380404,NA,2025,20.50897799327639,-0.7139305806226023
18097380404,NA,2026,20.523452456113787,-0.7134304159766145
18097380404,NA,2027,20.75771213842364,-0.7201839908184986
18097380404,NA,2028,21.003611215029135,-0.7240320371318145
18097380501,NA,2024,14.63106087621256,-0.9751524794496892
18097380501,NA,2025,15.257816437936109,-0.9592294967653746
18097380501,NA,2026,14.772061226940131,-0.9830426618056345
18097380501,NA,2027,14.69203205940872,-0.9969218217099567
18097380501,NA,2028,14.246703809836616,-1.0245490176309158
18097380502,NA,2024,19.87634864534401,-0.723281818793375
18097380502,NA,2025,19.982857853320837,-0.7385073716300573
18097380502,NA,2026,20.341590564242072,-0.7219556911916849
18097380502,NA,2027,20.987888651443026,-0.7096825222106308
18097380502,NA,2028,21.90324423170964,-0.6840203895661898
18097380600,NA,2024,17.59419178842254,-0.8328674851236189
18097380600,NA,2025,17.86017291039913,-0.8376649218832481
18097380600,NA,2026,17.757620748827176,-0.843086366767115
18097380600,NA,2027,17.848250130255966,-0.8529239630413968
18097380600,NA,2028,17.85744807007853,-0.8639592836930945
18097380700,NA,2024,30.407151639528166,-0.21760883684640814
18097380700,NA,2025,29.5894297635839,-0.28975300507687873
18097380700,NA,2026,31.027824157998214,-0.22100916819188063
18097380700,NA,2027,32.20717561853308,-0.19781887312653113
18097380700,NA,2028,34.48323598016746,-0.12451869622569355
18097380901,NA,2024,31.54006165565972,-0.16320823829269723
18097380901,NA,2025,32.52065670640907,-0.1528258158320008
18097380901,NA,2026,32.44240860509779,-0.15469664057895452
18097380901,NA,2027,33.238496442770916,-0.15076636060775014
18097380901,NA,2028,33.9182978748089,-0.14964461307054625
18097380902,NA,2024,35.921907579159935,0.047201271389729016
18097380902,NA,2025,34.64255080078253,-0.05370520869885573
18097380902,NA,2026,34.820152138099004,-0.043233387881746986
18097380902,NA,2027,33.99173618127534,-0.1164008931482766
18097380902,NA,2028,33.488268513635596,-0.16877039316432818
18097381001,NA,2024,16.27311034452334,-0.8963037865623836
18097381001,NA,2025,16.781109318841523,-0.8880715084391355
18097381001,NA,2026,16.304125850330298,-0.9112229285605424
18097381001,NA,2027,16.275668815995335,-0.9246706981378515
18097381001,NA,2028,15.822285537531869,-0.954474198643065
18097381002,NA,2024,47.800293309780486,0.6175831061307688
18097381002,NA,2025,49.71102624413112,0.6501925204461138
18097381002,NA,2026,49.71999827947915,0.6552377855462406
18097381002,NA,2027,51.647875437693166,0.6891347790416928
18097381002,NA,2028,53.5839960898656,0.7249975704902066
18097381003,NA,2024,15.23107822914104,-0.9463405679323208
18097381003,NA,2025,14.55375965572685,-0.9921182897988442
18097381003,NA,2026,13.92275010909946,-1.0228564509853837
18097381003,NA,2027,12.542987130005214,-1.0949688707636873
18097381003,NA,2028,10.595562518986272,-1.186935430571656
18097381004,NA,2024,20.316616436097146,-0.7021408358381062
18097381004,NA,2025,26.680083563329937,-0.42565807333375216
18097381004,NA,2026,23.595571771591334,-0.5694163930912998
18097381004,NA,2027,26.60818171389462,-0.4532648261211007
18097381004,NA,2028,26.779626522918814,-0.46714074418473633
18097381101,NA,2024,31.107245396876024,-0.18399141013013007
18097381101,NA,2025,29.188614568562095,-0.30847639263146936
18097381101,NA,2026,29.40374665985931,-0.29714225742645156
18097381101,NA,2027,28.02793190837472,-0.38849078856718544
18097381101,NA,2028,27.03868556463692,-0.45561895820787224
18097381102,NA,2024,21.349517092190233,-0.65254253311513
18097381102,NA,2025,20.397786453224946,-0.7191247008132345
18097381102,NA,2026,20.39504469928868,-0.7194498819318905
18097381102,NA,2027,19.437967194332348,-0.7803954342840607
18097381102,NA,2028,18.478277767445444,-0.8363475591468174
18097381201,NA,2024,36.07993609552194,0.05478955797580994
18097381201,NA,2025,36.7079015168185,0.042774072458109685
18097381201,NA,2026,36.3923628617811,0.030468303976433582
18097381201,NA,2027,36.62721937887765,0.0038391943529738795
18097381201,NA,2028,36.60503805610427,-0.030150442401873645
18097381203,NA,2024,10.447192249249376,-1.1760554234929168
18097381203,NA,2025,10.099346774070035,-1.2001984717562273
18097381203,NA,2026,10.10427811334208,-1.2018578037692536
18097381203,NA,2027,9.765674004020395,-1.2216797424515053
18097381203,NA,2028,9.431458202139284,-1.2387095771310697
18097381204,NA,2024,18.04495579687497,-0.8112224899191324
18097381204,NA,2025,14.944607485814284,-0.9738605104319724
18097381204,NA,2026,16.161698111049088,-0.9178996196646311
18097381204,NA,2027,14.719462912251148,-0.9956703289480192
18097381204,NA,2028,14.213103864335205,-1.0260433927290946
18097381205,NA,2024,26.33589676499134,-0.4131042414997981
18097381205,NA,2025,28.783695548940468,-0.3273914832437106
18097381205,NA,2026,28.571228718805855,-0.33616882036340245
18097381205,NA,2027,30.45211143995593,-0.2778911234806276
18097381205,NA,2028,31.883664223461107,-0.2401360057533913
18097381206,NA,2024,35.674696978506944,0.035330598121020365
18097381206,NA,2025,35.68734356735343,-0.004899524369259298
18097381206,NA,2026,35.67857692887986,-0.0029923702747797517
18097381206,NA,2027,35.6745892888244,-0.03962316787666815
18097381206,NA,2028,35.66264185796181,-0.07206400476354938
18097381207,NA,2024,37.63837110742698,0.12962321311832845
18097381207,NA,2025,38.61187804433917,0.1317150379264316
18097381207,NA,2026,38.099973584635826,0.11051724233681817
18097381207,NA,2027,38.50967181404278,0.08972334862385745
18097381207,NA,2028,38.45410703125654,0.05208786453723051
18097390101,NA,2024,26.35323388595248,-0.4122717395852112
18097390101,NA,2025,26.3486475495066,-0.4411405326153304
18097390101,NA,2026,25.923620431116817,-0.460282723952244
18097390101,NA,2027,25.43590888718975,-0.506748068733525
18097390101,NA,2028,24.573326731392218,-0.5652670779740445
18097390102,NA,2024,18.45638091749631,-0.7914664876743479
18097390102,NA,2025,18.509852072731903,-0.8073162851709186
18097390102,NA,2026,18.512127744968556,-0.8077167809369032
18097390102,NA,2027,18.569833044209005,-0.8200027921562796
18097390102,NA,2028,18.62954102902647,-0.8296200467058681
18097390103,NA,2024,35.66038069640408,0.034643152247676626
18097390103,NA,2025,38.39685171934903,0.1216704556170939
18097390103,NA,2026,37.28838648026161,0.07247186980394615
18097390103,NA,2027,38.53914339363828,0.09106794657560544
18097390103,NA,2028,38.93029316415527,0.0732664911237515
18097390104,NA,2024,38.81821229183413,0.186277374275127
18097390104,NA,2025,39.74871230352816,0.18482028115198673
18097390104,NA,2026,40.55539958427025,0.22562207382009028
18097390104,NA,2027,42.43124215320907,0.2686392913066447
18097390104,NA,2028,44.998949116163345,0.3431731293268841
18097390200,NA,2024,34.34377574044912,-0.028578195116962853
18097390200,NA,2025,35.007774534422204,-0.036644414612199014
18097390200,NA,2026,34.930228954609156,-0.038073235054293636
18097390200,NA,2027,35.45683985494231,-0.04955766907445618
18097390200,NA,2028,35.91956687483276,-0.0606371306546331
18097390300,NA,2024,37.6625882693247,0.13078608402930053
18097390300,NA,2025,38.777418783733275,0.13944798682219553
18097390300,NA,2026,38.774618937640184,0.1421430945026342
18097390300,NA,2027,39.88401689903673,0.15242584410056065
18097390300,NA,2028,40.99077217600034,0.16490736969278513
18097390402,NA,2024,46.4687531992354,0.5536445955866837
18097390402,NA,2025,47.304469973813475,0.5377744128475832
18097390402,NA,2026,47.30446016948645,0.5420028083432917
18097390402,NA,2027,48.140155647988735,0.5291001657200662
18097390402,NA,2028,48.975839344320285,0.5200473961288359
18097390403,NA,2024,40.31718123165988,0.25825555999051686
18097390403,NA,2025,40.94401203628654,0.24065663770308043
18097390403,NA,2026,40.3058417176971,0.213923364031441
18097390403,NA,2027,40.180061142186304,0.16593243208902927
18097390403,NA,2028,39.510028956608984,0.09905054281899282
18097390404,NA,2024,37.612480013244465,0.12837996255060144
18097390404,NA,2025,39.16318825672239,0.15746853953380738
18097390404,NA,2026,39.20744695648235,0.16243309557677924
18097390404,NA,2027,40.81184299035292,0.19475655996598457
18097390404,NA,2028,42.45307745310014,0.22994415946797567
18097390405,NA,2024,50.08274504187884,0.7271829319140076
18097390405,NA,2025,45.674825401047,0.46164838945547626
18097390405,NA,2026,48.60709683154908,0.6030674763450866
18097390405,NA,2027,48.00482220424516,0.5229257741958184
18097390405,NA,2028,49.72157871480553,0.5532145435260766
18097390406,NA,2024,47.24727533815444,0.5910280327012453
18097390406,NA,2025,47.611047680058505,0.552095659349505
18097390406,NA,2026,47.822915271725314,0.5663068139145174
18097390406,NA,2027,48.522270349621714,0.546533593184777
18097390406,NA,2028,49.38201845122634,0.5381124237264355
18097390407,NA,2024,55.90250443272372,1.0066388373191002
18097390407,NA,2025,58.63125192600911,1.0668854118099942
18097390407,NA,2026,56.88661793803981,0.9911927474250136
18097390407,NA,2027,57.80775385927131,0.9701702722982835
18097390407,NA,2028,57.0449600194988,0.8789257461154044
18097390408,NA,2024,42.74820854512768,0.37498975694346476
18097390408,NA,2025,42.921603645739125,0.3330364042098692
18097390408,NA,2026,42.899124377875275,0.335490604759829
18097390408,NA,2027,43.0311697988752,0.2960101175274081
18097390408,NA,2028,43.14376543683537,0.26066286773081443
18097390409,NA,2024,44.01433464623106,0.4357871872457335
18097390409,NA,2025,41.35939232549666,0.26006040840343
18097390409,NA,2026,41.784872904956,0.2832570094328039
18097390409,NA,2027,39.595043955833226,0.13924187388671358
18097390409,NA,2028,37.794754521183485,0.022762817806623075
18097390410,NA,2024,42.195183493339165,0.3484343435354163
18097390410,NA,2025,45.111441095896275,0.4353308675188717
18097390410,NA,2026,42.25614051200317,0.30534897168325065
18097390410,NA,2027,42.28607050364445,0.26201604595177735
18097390410,NA,2028,39.491389784277786,0.09822155590943867
18097390500,NA,2024,12.716589952224837,-1.0670824321340464
18097390500,NA,2025,12.95773919503808,-1.0666736210379864
18097390500,NA,2026,12.958510328740518,-1.068057836587804
18097390500,NA,2027,13.201115589472986,-1.0649427170680534
18097390500,NA,2028,13.44441538122376,-1.060231213878096
18097390600,NA,2024,57.5765888701171,1.0870258002083728
18097390600,NA,2025,60.84329975343539,1.1702173944209309
18097390600,NA,2026,60.7480642412664,1.1722086387940778
18097390600,NA,2027,63.888625281741376,1.247601186138618
18097390600,NA,2028,66.95483006221708,1.3196723841539268
18097390601,NA,2024,77.63534580776634,2.0502164933029325
18097390601,NA,2025,82.25155297556012,2.1702668609159512
18097390601,NA,2026,80.26790965933793,2.08725495571064
18097390601,NA,2027,82.67951854646431,2.1049083594237694
18097390601,NA,2028,83.30382724967951,2.0468025598891857
18097390602,NA,2024,58.12596453463234,1.1134059756458907
18097390602,NA,2025,61.0265754193081,1.1787787996872001
18097390602,NA,2026,61.02633163331186,1.1852531863688984
18097390602,NA,2027,63.92645766604621,1.2493272336441885
18097390602,NA,2028,66.8263426024863,1.3139578373775982
18097390700,NA,2024,11.879740725170787,-1.1072666464164842
18097390700,NA,2025,11.795849925919107,-1.1209492656528344
18097390700,NA,2026,11.951694750186396,-1.115255079559679
18097390700,NA,2027,12.12485500957847,-1.1140455405724479
18097390700,NA,2028,12.418377580677737,-1.1058647801248493
18097390800,NA,2024,11.968042273078414,-1.103026541738271
18097390800,NA,2025,11.889854838026444,-1.1165579890164157
18097390800,NA,2026,11.889851777551453,-1.118154138600607
18097390800,NA,2027,11.811658845247118,-1.1283346600168513
18097390800,NA,2028,11.73346334906138,-1.1363266977512525
18097390802,NA,2024,21.38512407364914,-0.6508327405663186
18097390802,NA,2025,23.897511462737576,-0.555641109119478
18097390802,NA,2026,23.857120102038493,-0.5571555974064232
18097390802,NA,2027,26.29548999080743,-0.4675309311674643
18097390802,NA,2028,28.699100621005485,-0.3817711326876247
18097390900,NA,2024,79.20755263222622,2.1257114497275342
18097390900,NA,2025,81.43549131997177,2.1321459542342818
18097390900,NA,2026,81.36847344340562,2.1388469030633863
18097390900,NA,2027,83.44244122784481,2.1397155970678328
18097390900,NA,2028,85.42352607202189,2.1410772704125693
18097391000,NA,2024,85.93990598995674,2.448988715459729
18097391000,NA,2025,87.93079721572575,2.4355629181675047
18097391000,NA,2026,87.93101678827567,2.4464841301373856
18097391000,NA,2027,89.92240705435269,2.4353546125976124
18097391000,NA,2028,91.91409312645942,2.4297486249182683
18097391001,NA,2024,59.421069260380946,1.1755949149855203
18097391001,NA,2025,52.607372579118234,0.7854903225150488
18097391001,NA,2026,52.62465528996461,0.7914015533642943
18097391001,NA,2027,45.844219066532766,0.42435139869975547
18097391001,NA,2028,39.079859123856885,0.07991851517848958
