GEOID,year,vacancy_rate_forecast,NAME,vacancy_delta,vacancy_delta_zscore
18097310104,2024,11.628371778004649,NA,0.03416257206024942,NA
18097310104,2025,12.25065641639365,NA,0.053514339777652076,-0.8170596108324928
18097310104,2026,12.94147272644794,NA,0.05639014650103569,-0.6832841221073508
18097310104,2027,13.652009972392108,NA,0.05490389393566275,-0.7267070593316716
18097310104,2028,14.368222190256876,NA,0.052462034477936514,-0.6311632977588902
18097310105,2024,0.6909696887675516,NA,-0.7347218332143399,NA
18097310105,2025,0.616838746786857,NA,-0.10728537472160071,0.3667493528894131
18097310105,2026,0.5427168354256302,NA,-0.12016416242872463,0.4094839775858813
18097310105,2027,0.468594618005873,NA,-0.1365762264618643,0.2501136292190203
18097310105,2028,0.3944724109588067,NA,-0.15817980872784443,0.1141958916254291
18097310106,2024,1.9849338653893425,NA,0.22648018840373063,NA
18097310106,2025,1.401213134380784,NA,-0.2940756572229988,1.7419011151292
18097310106,2026,0.8201447473514163,NA,-0.4146895092345464,2.232423930122133
18097310106,2027,0.23874130881340427,NA,-0.7089034471239402,3.1697956755995014
18097310106,2028,0,NA,-1,3.092988736506623
18097310108,2024,2.2360477341902305,NA,-0.04767300346410963,NA
18097310108,2025,1.9877014088907543,NA,-0.11106485854579184,0.39457394725049455
18097310108,2026,1.7573278270950097,NA,-0.11589949112342057,0.38308815192541895
18097310108,2027,1.5245862566029222,NA,-0.13244061062688917,0.229016112155031
18097310108,2028,1.292156679127641,NA,-0.15245419960244155,0.09393574145064831
18097310110,2024,6.800688347761058,NA,-0.0072397216051898194,NA
18097310110,2025,6.651879506629195,NA,-0.021881438101902573,-0.2619952069027374
18097310110,2026,6.479543725782477,NA,-0.02590783261707752,-0.17390767700867973
18097310110,2027,6.301628964446845,NA,-0.027457915073201722,-0.306544805311287
18097310110,2028,6.122391250628956,NA,-0.028443076358371733,-0.3448794003516336
18097310201,2024,4.733071270570576,NA,-0.26056140939594774,NA
18097310201,2025,3.566323455278822,NA,-0.24650966541458863,1.3917198499045011
18097310201,2026,2.7254838286615932,NA,-0.23577211578288826,1.1250297168094587
18097310201,2027,2.0966189342811448,NA,-0.23073514058942923,0.7304578818773309
18097310201,2028,1.6056250375261278,NA,-0.23418366052453932,0.3831366134834674
18097310203,2024,6.143714564194308,NA,0.018421589436881325,NA
18097310203,2025,6.314241310526505,NA,0.027756293778039343,-0.6274286414165339
18097310203,2026,6.504626691336371,NA,0.030151742932674086,-0.5208837220254158
18097310203,2027,6.701651560977992,NA,0.030289958054632304,-0.6011410123429041
18097310203,2028,6.900896261595229,NA,0.029730686354597857,-0.5507280957450509
18097310204,2024,4.164828264574049,NA,0.26680193047460654,NA
18097310204,2025,3.9548187403785584,NA,-0.05042453394341073,-0.051860675166937396
18097310204,2026,4.390823633700787,NA,0.11024649217690663,-1.0166234604525677
18097310204,2027,4.442954846050531,NA,0.011872763904617445,-0.5071871531462413
18097310204,2028,4.723190879202241,NA,0.06307424740110035,-0.6687147656989795
18097310305,2024,5.821986933589873,NA,-0.15685686664318965,NA
18097310305,2025,4.941940392164584,NA,-0.15115914059302893,0.68974841711396
18097310305,2026,4.133756983106938,NA,-0.1635356448934544,0.6779281337277545
18097310305,2027,3.3510052960302357,NA,-0.18935599994762753,0.5193654688923917
18097310305,2028,2.5772536686727125,NA,-0.23090134422471575,0.37152209008533427
18097310306,2024,4.099108531480734,NA,-0.2538232944389307,NA
18097310306,2025,2.9960175406593343,NA,-0.26910509501023794,1.5580676085294158
18097310306,2026,1.9439113580675096,NA,-0.35116823193240965,1.8392643074070725
18097310306,2027,0.9007293233752662,NA,-0.5366407425744435,2.2910111139421185
18097310306,2028,0,NA,-1,3.092988736506623
18097310308,2024,19.147203110986133,NA,8.650190367937013,NA
18097310308,2025,20.66954417717269,NA,0.07950722919490416,-1.0084194996295481
18097310308,2026,22.19189819012387,NA,0.07365203605372472,-0.7901251409301253
18097310308,2027,23.714251222590327,NA,0.06859949606041171,-0.7965740902790073
18097310308,2028,25.23660432931088,NA,0.0641957063046692,-0.6726830641460991
18097310309,2024,14.00300845870246,NA,0.09730471456556344,NA
18097310309,2025,14.665554888280331,NA,0.047314577544664616,-0.7714169047666857
18097310309,2026,15.422501066187213,NA,0.0516138791660572,-0.6537218156934771
18097310309,2027,16.16406131625759,NA,0.04808300851385239,-0.6919108518693734
18097310309,2028,16.908129271905374,NA,0.046032240356537635,-0.608411378855712
18097320105,2024,3.3442973163739023,NA,-0.22342305339550195,NA
18097320105,2025,2.3785243269507443,NA,-0.2887820364220218,1.702929430544708
18097320105,2026,1.4126807697421615,NA,-0.40606839554455565,2.1790642693958775
18097320105,2027,0.4468358333196232,NA,-0.683696527276167,3.0412045678081263
18097320105,2028,0,NA,-1,3.092988736506623
18097320106,2024,4.164105390347663,NA,-0.152516579006708,NA
18097320106,2025,3.51583226285671,NA,-0.15568124884486378,0.7230402192798636
18097320106,2026,2.8911275597188517,NA,-0.17768330694771783,0.7654939024244001
18097320106,2027,2.2719162406472506,NA,-0.21417640912800695,0.6459848230862031
18097320106,2028,1.6539853325207066,NA,-0.27198665913427356,0.5169030673428816
18097320107,2024,3.869455823653696,NA,0.12214218885957195,NA
18097320107,2025,4.132157978913525,NA,0.0678912403273737,-0.9229024837150683
18097320107,2026,4.329442997115978,NA,0.04774382276989453,-0.6297684259440216
18097320107,2027,4.49972485367692,NA,0.03933112335105782,-0.647263801966286
18097320107,2028,4.658860231326717,NA,0.03536557963533271,-0.5706672465997678
18097320108,2024,14.37425998022102,NA,0.08126851780000854,NA
18097320108,2025,14.84155016274824,NA,0.03250881667440342,-0.6624167582955319
18097320108,2026,14.946312452665216,NA,0.007058716156209011,-0.377951368011206
18097320108,2027,14.836705372513515,NA,-0.007333386111044171,-0.4092084980056591
18097320108,2028,14.600337765074476,NA,-0.015931273251333367,-0.3891525954569753
18097320202,2024,14.36971859465023,NA,0.06513687314984695,NA
18097320202,2025,14.379694931397289,NA,6.942611075746452e-4,-0.4281977102448243
18097320202,2026,14.754217163928072,NA,0.026045214054787325,-0.49546670566695933
18097320202,2027,14.97577395792181,NA,0.015016506232225835,-0.5232247059674168
18097320202,2028,15.261515881023987,NA,0.019080277513872757,-0.5130414710017455
18097320203,2024,7.660389107175288,NA,0.030621144419257007,NA
18097320203,2025,8.092140621654282,NA,0.056361564463426994,-0.8380209049196554
18097320203,2026,8.53927404041647,NA,0.055255270473881124,-0.6762599020410228
18097320203,2027,8.987566419728207,NA,0.05249771551890281,-0.7144321304620028
18097320203,2028,9.435946121749188,NA,0.049888888836110645,-0.6220581849257982
18097320204,2024,16.557946563566762,NA,0.12522412441582986,NA
18097320204,2025,16.626745692758032,NA,0.004155052012467131,-0.453676084429363
18097320204,2026,16.823593842401568,NA,0.011839247034930889,-0.40754006327179026
18097320204,2027,16.93030909971242,NA,0.006343190302293911,-0.47897847079112427
18097320204,2028,17.100468327555507,NA,0.01005056829387585,-0.48108971515797444
18097320205,2024,14.339480148316657,NA,-0.30763220112269873,NA
18097320205,2025,17.996526901328032,NA,0.255033426259925,-2.300644962222362
18097320205,2026,12.272902602393955,NA,-0.31804049360833664,1.6342229471877987
18097320205,2027,15.324099817052245,NA,0.24861251763402104,-1.7148962812018336
18097320205,2028,10.167196335179348,NA,-0.3365224413465666,0.7452638601652528
18097320206,2024,33.7754912664775,NA,0.15384044750121117,NA
18097320206,2025,37.72462034415466,NA,0.11692292042534125,-1.2838741594862257
18097320206,2026,42.05292927101314,NA,0.11473432700904951,-1.0444005380610724
18097320206,2027,46.12177082121136,NA,0.09675524679805969,-0.9402084256090271
18097320206,2028,50.36816220612867,NA,0.09206913154696994,-0.7713135799438052
18097320301,2024,2.4178125435507933,NA,-0.11703345765327755,NA
18097320301,2025,2.2266290782700695,NA,-0.07907290653722565,0.1590489049788699
18097320301,2026,2.0750771357976445,NA,-0.06806339859271482,0.08701066591897245
18097320301,2027,1.9356737773107329,NA,-0.06717984410412103,-0.10390652627746294
18097320301,2028,1.7999944264418724,NA,-0.07009412043457153,-0.19749658230765052
18097320303,2024,4.743290186202634,NA,-0.3579507205473429,NA
18097320303,2025,2.925434989338015,NA,-0.3832477300571717,2.3983867280762747
18097320303,2026,1.4273248164193395,NA,-0.5120982617554858,2.8353272408996855
18097320303,2027,0.05289975830261539,NA,-0.9629378276800915,4.465731974444721
18097320303,2028,0,NA,-1,3.092988736506623
18097320400,2024,4.612722770304757,NA,-0.5117417258099183,NA
18097320400,2025,4.485031565051422,NA,-0.0276823931573279,-0.21928852291299486
18097320400,2026,4.346380961335534,NA,-0.03091407534258872,-0.1429219571872713
18097320400,2027,4.2113936215411405,NA,-0.03105741098058623,-0.2881822616519916
18097320400,2028,4.075181807373963,NA,-0.03234364355553432,-0.33107718726818686
18097320500,2024,8.329823697259409,NA,0.04022838331375489,NA
18097320500,2025,8.543513590605196,NA,0.025653591373859808,-0.6119485271522831
18097320500,2026,8.71635788587244,NA,0.020231055225020222,-0.4594804568224359
18097320500,2027,8.87381796817616,NA,0.01806489411809631,-0.5387758156463933
18097320500,2028,9.025483692712074,NA,0.01709137206553324,-0.5060037004896057
18097320600,2024,9.477109130289646,NA,0.018342198056594983,NA
18097320600,2025,9.458140491018728,NA,-0.002001521667645778,-0.40835133288345227
18097320600,2026,9.391759143242776,NA,-0.007018435372046605,-0.2908220183064332
18097320600,2027,9.31352573103135,NA,-0.00833000623399871,-0.404124319278871
18097320600,2028,9.232329580857636,NA,-0.008718089423769948,-0.4146765500937585
18097320700,2024,11.140941418548344,NA,0.2812082631330597,NA
18097320700,2025,12.730250033186218,NA,0.1426547860660916,-1.473312388861624
18097320700,2026,13.764264339618231,NA,0.0812249801642908,-0.8369972438821899
18097320700,2027,14.43804646564828,NA,0.04895155377760907,-0.696341666832404
18097320700,2028,14.87813769681497,NA,0.03048135578547817,-0.5533843503143291
18097320800,2024,8.22552594353867,NA,0.0471094526124729,NA
18097320800,2025,8.253898316689282,NA,0.003449308086238334,-0.4484803912120979
18097320800,2026,8.1961488278856809,NA,-0.006996631965629163,-0.2909569686633067
18097320800,2027,8.116692857428935,NA,-0.009694305475080323,-0.397164454613569
18097320800,2028,8.031765902775298,NA,-0.010463246071447219,-0.4085012882157534
18097320901,2024,3.924535818671946,NA,0.21570391164607994,NA
18097320901,2025,3.5497521301300488,NA,-0.09549758388209162,0.27996752929137014
18097320901,2026,3.683753726589096,NA,0.0377495643489163,-0.5679098009762198
18097320901,2027,3.5760805573797687,NA,-0.029229198584082683,-0.2975087425851662
18097320901,2028,3.583203735633115,NA,0.0019918953555579932,-0.45257398515199476
18097320902,2024,13.351838439818168,NA,0.046411524236912305,NA
18097320902,2025,12.214311768301013,NA,-0.08519625792690821,0.20412907371983424
18097320902,2026,11.96643508096319,NA,-0.020293954505166578,-0.20865430513375677
18097320902,2027,11.260983440561876,NA,-0.058952531445524814,-0.1458775110429163
18097320902,2028,10.790876982416926,NA,-0.04174648338897602,-0.2978051033863632
18097320903,2024,15.569659434588228,NA,-0.06777151906688528,NA
18097320903,2025,16.554622667469665,NA,0.06326170697692501,-0.8888198169940641
18097320903,2026,16.117506613584293,NA,-0.02640447098467058,-0.17083377545125397
18097320903,2027,16.635728466907306,NA,0.03215273092466053,-0.6106438007981072
18097320903,2028,16.512164362553996,NA,-0.00742763411888514,-0.4192428447356354
18097321001,2024,3.03818908602587,NA,-0.5963049904085166,NA
18097321001,2025,2.070588728655581,NA,-0.31847930789454815,1.9215610137955779
18097321001,2026,1.0973660728243484,NA,-0.4700221933803046,2.574900941708078
18097321001,2027,0.12480792997831892,NA,-0.8862659115593995,4.074596258935308
18097321001,2028,0,NA,-1,3.092988736506623
18097321002,2024,8.45519347290842,NA,-0.036015029874452265,NA
18097321002,2025,8.036623260886739,NA,-0.049504510259030354,-0.05863389791672658
18097321002,2026,7.612580352083015,NA,-0.05276381572687239,-0.0076848201088262225
18097321002,2027,7.18824575453395,NA,-0.05574123068966419,-0.16225970784209715
18097321002,2028,6.7638956102941865,NA,-0.05903389487930444,-0.23663334938496863
18097321100,2024,10.030566289280411,NA,-0.032684469344107514,NA
18097321100,2025,10.52542104764741,NA,0.049334678032669554,-0.7862889029711996
18097321100,2026,10.309488307888168,NA,-0.020515354091939608,-0.2072839709449317
18097321100,2027,10.699496366679114,NA,0.037830011261813734,-0.6396059973776792
18097321100,2028,10.572944620583865,NA,-0.011827822708493252,-0.4036727141748028
18097321200,2024,9.824230602313106,NA,0.08166275007193535,NA
18097321200,2025,10.506497220739709,NA,0.06944733343962461,-0.9343584553901741
18097321200,2026,11.183881188863538,NA,0.06447286416130016,-0.7333114257257408
18097321200,2027,11.860864058616508,NA,0.06053201552490406,-0.7554184764471201
18097321200,2028,12.53781397907081,NA,0.05707424999635857,-0.6474836886544372
18097321400,2024,3.198547460825911,NA,Inf,NA
18097321400,2025,2.9701817022134565,NA,-0.0713967078523472,0.10253666029754215
18097321400,2026,2.743098580869723,NA,-0.0764542860036157,0.1389453603839934
18097321400,2027,2.5162642345249044,NA,-0.08269274313608466,-0.024768698902168623
18097321400,2028,2.2894781395459196,NA,-0.09012809221993501,-0.12660608523058622
18097321600,2024,9.916324518005716,NA,0.05001081388237938,NA
18097321600,2025,9.239557115605637,NA,-0.0682478070550463,0.07935442392775564
18097321600,2026,9.118228227875273,NA,-0.013131461412305034,-0.2529859559079446
18097321600,2027,8.728411098544937,NA,-0.042751411742319445,-0.22852624173580569
18097321600,2028,8.46837599543997,NA,-0.029791802903086806,-0.3401069120901829
18097321700,2024,2.5136275372291106,NA,-0.7627488394685505,NA
18097321700,2025,2.12150144546698,NA,-0.15600007795681192,0.725387442107933
18097321700,2026,1.722096859641785,NA,-0.188265054769868,0.8309887438085566
18097321700,2027,1.323963393558003,NA,-0.23119109930123094,0.7327839191802538
18097321700,2028,0.9256079385046608,NA,-0.30088101906111364,0.6191461751940059
18097321800,2024,7.933059908269012,NA,0.3943519415239889,NA
18097321800,2025,6.936735948325691,NA,-0.12559138232459377,0.5015183477092717
18097321800,2026,8.284485847734494,NA,0.19429165380500124,-1.5368139452811282
18097321800,2027,7.936324964566205,NA,-0.042025647646377395,-0.23222866986490687
18097321800,2028,8.81513624824601,NA,0.11073277462849451,-0.8373551492089075
18097321900,2024,3.7116710017366703,NA,-0.21374435946544867,NA
18097321900,2025,2.7211014255628747,NA,-0.26687968187652233,1.541684096755897
18097321900,2026,1.7290521324986212,NA,-0.3645763747520152,1.922252883773254
18097321900,2027,0.7371215033710286,NA,-0.5736846278279488,2.4799875644728506
18097321900,2028,0,NA,-1,3.092988736506623
18097322000,2024,18.596904482681627,NA,0.023917284821330487,NA
18097322000,2025,19.148364684810343,NA,0.02965333303949924,-0.641394661749605
18097322000,2026,19.727387340312163,NA,0.030238752239826416,-0.5214222588405683
18097322000,2027,20.312899604004738,NA,0.0296801727259699,-0.5980302407214141
18097322000,2028,20.899939852666545,NA,0.028899874469229925,-0.5477882559488156
18097322100,2024,16.40580547590922,NA,0.15479825557698668,NA
18097322100,2025,17.198507168449307,NA,0.04831836472181239,-0.7788067951136748
18097322100,2026,18.462046137869997,NA,0.07346794445849669,-0.788985721428521
18097322100,2027,19.567964221752952,NA,0.05990224895031848,-0.7522057720800257
18097322100,2028,20.72664861106163,NA,0.05921333339421242,-0.6550528659991882
18097322300,2024,10.663102592876417,NA,0.01921488950243755,NA
18097322300,2025,14.845070212609194,NA,0.39219050771644826,-3.3103966459974123
18097322300,2026,14.004030847083182,NA,-0.05665445521514911,0.01639596696438553
18097322300,2027,12.752687775646075,NA,-0.08935592081316657,0.009222974974733802
18097322300,2028,16.359837169494917,NA,0.2828540506368742,-1.4464087579739473
18097322400,2024,9.324792600085768,NA,-0.071665092258128,NA
18097322400,2025,7.806349479509168,NA,-0.1628393451413207,0.7757381894554863
18097322400,2026,6.786022583193212,NA,-0.13070474220942907,0.4747240128274326
18097322400,2027,5.454999480830304,NA,-0.19614186160526814,0.5539830053920807
18097322400,2028,4.31777077373178,NA,-0.20847457659618818,0.2921646505296067
18097322500,2024,19.887383126058147,NA,0.004836200053464301,NA
18097322500,2025,19.477720708307334,NA,-0.020599111263363667,-0.2714357087755848
18097322500,2026,18.844504853515502,NA,-0.03250975123191713,-0.1330456549895072
18097322500,2027,18.11240053805935,NA,-0.03884975069109209,-0.24843025697581567
18097322500,2028,17.336553089945568,NA,-0.04283515299275242,-0.2939528303477846
18097322600,2024,17.15433602594136,NA,0.04287422058775947,NA
18097322600,2025,17.876729394655914,NA,0.042111415307600764,-0.7331111769541893
18097322600,2026,18.59912276337044,NA,0.04040970542019151,-0.5843745212143977
18097322600,2027,19.321516132084973,NA,0.03884018498642483,-0.644759318731258
18097322600,2028,20.0439095007995,NA,0.037388027097673415,-0.5778237060104935
18097322601,2024,31.94071339931155,NA,0.07869257906856131,NA
18097322601,2025,33.486023825406846,NA,0.04838058583026528,-0.7792648674812075
18097322601,2026,35.29985366188081,NA,0.054166772559534504,-0.6695227354173874
18097322601,2027,37.02181218716422,NA,0.04878089699116517,-0.6954710747349376
18097322601,2028,38.775203590271886,NA,0.047361036630064746,-0.6131133435661399
18097322700,2024,17.201288404598063,NA,0.002953429728416168,NA
18097322700,2025,16.108386448097598,NA,-0.06353605211388258,0.04466644110651434
18097322700,2026,15.42577854366252,NA,-0.04237593297345388,-0.07197974989615472
18097322700,2027,14.595961990122206,NA,-0.053794144081060646,-0.17219261616561055
18097322700,2028,13.818962157327176,NA,-0.053233889847127736,-0.25715675054503573
18097330105,2024,15.452554002948077,NA,0.22159302275454862,NA
18097330105,2025,15.558120323599375,NA,0.006831642240574531,-0.4733811660839622
18097330105,2026,17.06829430338076,NA,0.09706660884288665,-0.935047677044045
18097330105,2027,17.84707272969183,NA,0.04562719698106066,-0.679382723584139
18097330105,2028,19.00669733191473,NA,0.06497561923943151,-0.6754427972741315
18097330106,2024,18.957976175723974,NA,0.06868261576142998,NA
18097330106,2025,19.931998378850384,NA,0.05137796324344279,-0.8013315873160465
18097330106,2026,20.86823094503277,NA,0.04697133465432213,-0.6249871754879622
18097330106,2027,21.7986198790356,NA,0.04458398684840548,-0.6740608696080307
18097330106,2028,22.72810517807892,NA,0.04263963976624208,-0.5964066129108132
18097330109,2024,2.3728366300595702,NA,0.06003897277661241,NA
18097330109,2025,2.522116615133437,NA,0.06291203666647682,-0.886245540981541
18097330109,2026,2.6673289343762403,NA,0.05757557694655624,-0.6906212445096443
18097330109,2027,2.8136527481867906,NA,0.054857806221326966,-0.7264719465024246
18097330109,2028,2.959672844773399,NA,0.051896985753024705,-0.6291638647252956
18097330202,2024,6.839461486136086,NA,-0.052197756294824815,NA
18097330202,2025,6.162464943939289,NA,-0.09898389567206434,0.30563378846447486
18097330202,2026,5.4835167214310605,NA,-0.1101747804952572,0.3476555352288731
18097330202,2027,4.8038395960484355,NA,-0.12394912971200833,0.18569749392527102
18097330202,2028,4.123890244012092,NA,-0.14154289260525266,0.05532592483124567
18097330206,2024,1.929455712474177,NA,0.058277224114624326,NA
18097330206,2025,2.0344798684272605,NA,0.054432011719206086,-0.8238155200301597
18097330206,2026,2.139469075021286,NA,0.05160493756823792,-0.6536664724230895
18097330206,2027,2.244457286243104,NA,0.0490720863636569,-0.6969565542862639
18097330206,2028,2.3494454691163096,NA,0.04677664552437988,-0.6110454672402043
18097330208,2024,3.221763959841216,NA,-0.06642067072782953,NA
18097330208,2025,3.406191225169678,NA,0.057244189092471975,-0.8445187954831989
18097330208,2026,3.370472753418407,NA,-0.010486337786127065,-0.26935772692817
18097330208,2027,3.451918270458467,NA,0.024164419355550804,-0.5698920611862075
18097330208,2028,3.4710078207122006,NA,0.0055301281079283005,-0.46509407259532093
18097330209,2024,6.215755689671937,NA,0.26823158545840764,NA
18097330209,2025,6.490536236402478,NA,0.044207102152858724,-0.7485396426097174
18097330209,2026,6.775565402240394,NA,0.04391457892790385,-0.6060676420784809
18097330209,2027,7.056531109456905,NA,0.04146749245806225,-0.6581623199835613
18097330209,2028,7.339107930892306,NA,0.040044721273417405,-0.5872244565315573
18097330210,2024,5.727330793670179,NA,0.42489047927370227,NA
18097330210,2025,5.529139477355491,NA,-0.034604482167107875,-0.1683280405329313
18097330210,2026,6.082926150531527,NA,0.10015784109698478,-0.9541806000324334
18097330210,2027,6.340038687125254,NA,0.04226790367515165,-0.6622455544967722
18097330210,2028,6.714196595454485,NA,0.059015082839957156,-0.6543513535638344
18097330211,2024,15.375320774906305,NA,0.36172410633493945,NA
18097330211,2025,14.131159851779367,NA,-0.08091934739712903,0.1726424194185125
18097330211,2026,18.152904255925932,NA,0.2846011542102933,-2.095777030013303
18097330211,2027,16.97051748165451,NA,-0.0651348543242295,-0.11433887988537605
18097330211,2028,20.93121240729751,NA,0.2333868092074738,-1.2713682132666153
18097330600,2024,6.158212232957508,NA,-0.11885154751831406,NA
18097330600,2025,5.148612988205608,NA,-0.16394356130643384,0.7838674389272173
18097330600,2026,4.191866740759915,NA,-0.18582601753858718,0.8158925272593014
18097330600,2027,3.2195115385648627,NA,-0.23196233619267692,0.7367183231788199
18097330600,2028,2.2517660932575048,NA,-0.30058766173540175,0.6181081260810434
18097330701,2024,12.877878916654248,NA,0.011467840738539126,NA
18097330701,2025,15.456535331684428,NA,0.20023921887441776,-1.897249508038879
18097330701,2026,15.713917672340669,NA,0.016652007395773216,-0.4373282402110962
18097330701,2027,18.186297977373215,NA,0.1573369771043398,-1.2492613308846032
18097330701,2028,18.545090733070634,NA,0.0197287406235076,-0.5153360670344571
18097330803,2024,26.91617466005979,NA,-0.02094116793003431,NA
18097330803,2025,25.47358638725934,NA,-0.05359559042173523,-0.028515328471521453
18097330803,2026,24.433388273787493,NA,-0.04083438027368236,-0.08152106114773383
18097330803,2027,23.206407009741355,NA,-0.05021740129928942,-0.1904390865543121
18097330803,2028,22.066127531336967,NA,-0.04913640780004125,-0.27165574965486394
18097330804,2024,13.348087222178483,NA,0.020219999892327145,NA
18097330804,2025,12.618145069516173,NA,-0.054685150052771414,-0.02049398053724908
18097330804,2026,12.13100446837287,NA,-0.03860635604199636,-0.09531123041909723
18097330804,2027,11.584584722268117,NA,-0.045043240032541565,-0.21683466099182555
18097330804,2028,11.052637770943196,NA,-0.04591851707056893,-0.28304230224642885
18097330805,2024,23.49155362068232,NA,0.2685438955168453,NA
18097330805,2025,23.097143223406277,NA,-0.01678945563348344,-0.29948242824514454
18097330805,2026,25.26753634104913,NA,0.09396803304416501,-0.9158693018016059
18097330805,2027,26.21235258588967,NA,0.03739249573396708,-0.6373740465188875
18097330805,2028,27.742803816962436,NA,0.058386641414881035,-0.6521276045496718
18097330806,2024,10.475464329596695,NA,-0.08020313203541218,NA
18097330806,2025,8.770252431689297,NA,-0.16278150965486116,0.7753124040770406
18097330806,2026,7.163897593697289,NA,-0.18315947579659309,0.7993881906060916
18097330806,2027,5.545200150792947,NA,-0.2259520633472556,0.7060573916572948
18097330806,2028,3.928043719690418,NA,-0.29163175126713514,0.5864175081808553
18097331000,2024,12.540261197756031,NA,-0.019769583042069994,NA
18097331000,2025,12.224148293476713,NA,-0.025207840514189894,-0.23750620202561618
18097331000,2026,11.914482303831488,NA,-0.025332316183572123,-0.17746978774500913
18097331000,2027,11.604158646528552,NA,-0.02604592036727782,-0.3137479846178754
18097331000,2028,11.293902079728989,NA,-0.026736670554946107,-0.3509175418103536
18097340102,2024,9.422342168556568,NA,-0.14122081378012996,NA
18097340102,2025,7.2038885603321035,NA,-0.23544608851371351,1.3102696959233917
18097340102,2026,5.076452044509075,NA,-0.29531779926991986,1.4935827347646604
18097340102,2027,2.936632867442406,NA,-0.42151864300209363,1.7037248288791997
18097340102,2028,0.7984983222995794,NA,-0.728090517833435,2.130833126162919
18097340109,2024,24.45246884555552,NA,0.4612746774214498,NA
18097340109,2025,25.828715616671552,NA,0.05628252835362191,-0.8374390403589108
18097340109,2026,27.801960315938473,NA,0.07639732182398018,-0.8071168571474305
18097340109,2027,29.401681150738117,NA,0.05753985749999613,-0.7401542189561854
18097340109,2028,31.235104768659156,NA,0.06235778180578677,-0.6661795418934083
18097340110,2024,9.762928892176914,NA,-0.09178406006325368,NA
18097340110,2025,9.036994019180804,NA,-0.07435625937804435,0.12432490560399397
18097340110,2026,8.310905552390551,NA,-0.08034623739366742,0.1630342673633028
18097340110,2027,7.584779333369218,NA,-0.08737028888656662,-9.065692396882133e-4
18097340110,2028,6.858643835125633,NA,-0.09573587659286975,-0.10676285963571076
18097340112,2024,11.432231546282903,NA,-0.0102400213828292,NA
18097340112,2025,10.793725905639448,NA,-0.05585135658410101,-0.011908357424433039
18097340112,2026,10.312536939105833,NA,-0.04458043225668773,-0.05833518632182169
18097340112,2027,9.783775509496014,NA,-0.05127365193764499,-0.18505070746984856
18097340112,2028,9.269399962730098,NA,-0.05257434067928779,-0.2594905747540274
18097340201,2024,5.857156755020062,NA,1.3517371819398738,NA
18097340201,2025,5.599618338730667,NA,-0.04396986918075285,-0.09937997597943873
18097340201,2026,5.342079835501572,NA,-0.04599215297367476,-0.04959745924763728
18097340201,2027,5.0845413354692734,NA,-0.04820940681582275,-0.2006827115837605
18097340201,2028,4.827002835319426,NA,-0.05065127474788789,-0.26629537118927576
18097340202,2024,6.701408311113722,NA,0.11799104507360636,NA
18097340202,2025,4.668526781952886,NA,-0.30335139045168646,1.8101891477007046
18097340202,2026,4.7023172762352345,NA,0.0072379351903841815,-0.379060629204499
18097340202,2027,3.1773784020060365,NA,-0.3242951899345451,1.2077470732168674
18097340202,2028,2.828067405204868,NA,-0.10993685756176563,-0.056512484390476084
18097340301,2024,16.836522979209814,NA,0.2668963896084422,NA
18097340301,2025,15.945686610755152,NA,-0.052910946610217,-0.033555682451974406
18097340301,2026,19.087595861572527,NA,0.19703819142527235,-1.5538134097191991
18097340301,2027,18.564824670179103,NA,-0.027388006073927662,-0.30690144054143526
18097340301,2028,21.372261731778984,NA,0.1512234621913504,-0.9806320290545721
18097340302,2024,3.798243767664516,NA,-0.2752011119642248,NA
18097340302,2025,4.539847314442282,NA,0.19524906565798616,-1.8605119545777073
18097340302,2026,3.1340748406071963,NA,-0.30965192802035546,1.5823026234511683
18097340302,2027,3.8398905820475897,NA,0.22520704748188103,-1.5954951265420136
18097340302,2028,2.469309480042856,NA,-0.3569323325025273,0.8174845533376317
18097340400,2024,9.284560351303243,NA,-0.08820856037201485,NA
18097340400,2025,8.386759916073169,NA,-0.0966982173909886,0.28880660412681547
18097340400,2026,7.488959434881423,NA,-0.10704974151830882,0.3283133683624402
18097340400,2027,6.591158953694869,NA,-0.11988320794005869,0.16495551561115882
18097340400,2028,5.693358472508313,NA,-0.13621284018393565,0.036465457738543434
18097340500,2024,6.940541202651273,NA,-0.16338341178852211,NA
18097340500,2025,5.735435607280685,NA,-0.17363279896821882,0.8551996949039917
18097340500,2026,4.480503502048553,NA,-0.21880327688433898,1.0200025104525448
18097340500,2027,3.2420876636077125,NA,-0.27640104239950225,0.9634188678888056
18097340500,2028,1.9981970875326416,NA,-0.3836696305401258,0.912094866693855
18097340600,2024,17.024591382844307,NA,0.08946506517051578,NA
18097340600,2025,17.717055039824064,NA,0.04067431877851435,-0.7225312592089121
18097340600,2026,18.098287505647516,NA,0.021517823643180334,-0.4674448021141586
18097340600,2027,18.342233538531005,NA,0.013478956658599106,-0.5153810184343569
18097340600,2028,18.525621487247683,NA,0.00999812527364452,-0.4809041447772106
18097340700,2024,7.058521758142041,NA,-0.15992896348173125,NA
18097340700,2025,6.432691741415336,NA,-0.08866304279714188,0.22965157553184565
18097340700,2026,5.652494110563676,NA,-0.1212863389409049,0.41642959506850796
18097340700,2027,4.905487788572874,NA,-0.1321551703335273,0.22755996107614626
18097340700,2028,4.151344846701392,NA,-0.15373454677192877,0.09846626831015365
18097340800,2024,6.050547502498442,NA,-0.09004511089876377,NA
18097340800,2025,5.44517721486511,NA,-0.10005215022001857,0.31349828818291675
18097340800,2026,4.839830954198298,NA,-0.11117108530724051,0.35382208037130497
18097340800,2027,4.234484606522222,NA,-0.12507592794144395,0.1914457659654698
18097340800,2028,3.629138259161234,NA,-0.1429563225778634,0.060327367102178696
18097340901,2024,2.7352006879256963,NA,-0.3107294266427245,NA
18097340901,2025,2.7993231440887616,NA,0.023443419141464972,-0.5956772190331979
18097340901,2026,2.862497546866871,NA,0.022567742102769683,-0.47394318443557076
18097340901,2027,2.9258555286298136,NA,0.02213381172406259,-0.5595330769707776
18097340901,2028,2.9891779625594728,NA,0.02164236521934937,-0.5221074551681486
18097340904,2024,8.65729666073604,NA,0.0635509859058816,NA
18097340904,2025,9.004344692060666,NA,0.040087344228206145,-0.7182099472196752
18097340904,2026,9.371183229356696,NA,0.04074017042233846,-0.5864199066518888
18097340904,2027,9.735721330897915,NA,0.03889990117781994,-0.6450639561582405
18097340904,2028,10.100526833619764,NA,0.037470824227895605,-0.5781166848456886
18097341000,2024,6.819106965869835,NA,-0.1540045420467736,NA
18097341000,2025,5.097623010323698,NA,-0.25245005895380423,1.4354530812827933
18097341000,2026,6.984240838496423,NA,0.3700975580877499,-2.624949857128739
18097341000,2027,6.672294762145525,NA,-0.04466427827509656,-0.21876790442238792
18097341000,2028,4.7530596152431555,NA,-0.28764244016780005,0.5723012735242043
18097341100,2024,18.700054227869405,NA,0.25764449208558315,NA
18097341100,2025,14.737052947422097,NA,-0.21192458760579935,1.1371041918570826
18097341100,2026,16.587807615673945,NA,0.12558512715227743,-1.1115606562396865
18097341100,2027,14.101893780416583,NA,-0.1498639176950909,0.317899735018111
18097341100,2028,14.850841173473574,NA,0.05310970318731667,-0.6334550827948842
18097341200,2024,25.97461868965471,NA,0.0018781494581101565,NA
18097341200,2025,24.810164032210444,NA,-0.04483048130011824,-0.0930441417127853
18097341200,2026,23.871913566639396,NA,-0.03781718106953824,-0.10019576277747544
18097341200,2027,22.891484932506167,NA,-0.04107038304224431,-0.2371018766835581
18097341200,2028,21.91892086484506,NA,-0.0424858444320515,-0.2951888637098488
18097341600,2024,12.60976720619461,NA,-0.10079315233067399,NA
18097341600,2025,11.066394632990846,NA,-0.12239500919934299,0.47798661962844063
18097341600,2026,9.512939188704753,NA,-0.14037593053612718,0.5345830225202843
18097341600,2027,7.958701283765503,NA,-0.16338146119809993,0.38685841399068677
18097341600,2028,6.404402657562564,NA,-0.19529551000657153,0.24553033400170687
18097341700,2024,17.20159107689907,NA,0.11764285225417437,NA
18097341700,2025,16.417782203850273,NA,-0.04556606825175702,-0.08762874387045329
18097341700,2026,16.204023244758883,NA,-0.013019965573745962,-0.2536760500572433
18097341700,2027,15.57356757498187,NA,-0.03890735407213941,-0.24813639788370376
18097341700,2028,15.247710054322711,NA,-0.02092375552937742,-0.3714866251675719
18097341701,2024,26.701897238202505,NA,0.2151449329103874,NA
18097341701,2025,24.09555275049129,NA,-0.09760896255649987,0.29551151833612294
18097341701,2026,27.080959298720465,NA,0.1238986537948712,-1.1011223707221731
18097341701,2027,25.80297474398369,NA,-0.04719125864928864,-0.20587671392204882
18097341701,2028,27.77558263873575,NA,0.07644885577435212,-0.7160410096384652
18097341903,2024,24.85981985867729,NA,0.1609111322999015,NA
18097341903,2025,27.308921957282923,NA,0.09851648614222674,-1.1483658225319933
18097341903,2026,29.411484584033335,NA,0.07699178422492392,-0.8107962323615285
18097341903,2027,31.393554972535057,NA,0.06739103505090438,-0.7904092220256194
18097341903,2028,33.3337300485044,NA,0.06180170030653498,-0.6642118395166825
18097341904,2024,7.054521746892728,NA,0.16110489080004897,NA
18097341904,2025,7.563614382669877,NA,0.07216543573650291,-0.9543691492734185
18097341904,2026,7.758065583504527,NA,0.02570876713125214,-0.49338429562832675
18097341904,2027,7.741759898142896,NA,-0.00210177204434836,-0.43589716335771667
18097341904,2028,7.584282516538303,NA,-0.020341289794116313,-0.3735476885425929
18097342000,2024,6.840464471496689,NA,-0.019237301749046143,NA
18097342000,2025,6.945926715406809,NA,0.015417409789871384,-0.5365896650352305
18097342000,2026,6.974025834433816,NA,0.00404540965925837,-0.35930075996642563
18097342000,2027,7.027100611287935,NA,0.007610349906085112,-0.48544278528032136
18097342000,2028,7.072112328579253,NA,0.006405446539219151,-0.46819139944392213
18097342101,2024,6.946837396416548,NA,0.45567819988546776,NA
18097342101,2025,4.912426914035356,NA,-0.2928541962750735,1.7329087084978005
18097342101,2026,6.421500124769592,NA,0.307195045777199,-2.235620028475975
18097342101,2027,4.947385857318807,NA,-0.22955917446216312,0.7244587836954226
18097342101,2028,5.984756981289579,NA,0.2096806584099682,-1.1874836579810382
18097342200,2024,9.552081304374726,NA,-0.31192634671876984,NA
18097342200,2025,10.657041369478796,NA,0.11567741415664168,-1.2747047309841295
18097342200,2026,10.01763151950005,NA,-0.059998814662574396,0.037095599503560596
18097342200,2027,10.54695278783657,NA,0.052838963711747455,-0.7161729811258166
18097342200,2028,10.29322201250516,NA,-0.024057259043012813,-0.3603986779520013
18097342300,2024,3.1601643922642513,NA,-0.6638480000441036,NA
18097342300,2025,2.382688392403762,NA,-0.24602390994711176,1.3881437137256107
18097342300,2026,1.6490261848656456,NA,-0.3079136197066731,1.571543509815605
18097342300,2027,0.9334185163192128,NA,-0.4339577352464763,1.7671818740590206
18097342300,2028,0.22525065978000747,NA,-0.7586820318625694,2.2390816381953513
18097342400,2024,15.350347942610734,NA,0.06754692509974647,NA
18097342400,2025,15.978146145946264,NA,0.04089797870918854,-0.7241778456570415
18097342400,2026,16.63764722175243,NA,0.04127519361646881,-0.5897313878764803
18097342400,2027,17.29422202329423,NA,0.03946320010219817,-0.6479375810652473
18097342400,2028,17.951066929101128,NA,0.03798059866018666,-0.5799205290004803
18097342500,2024,4.074685032760835,NA,-0.2300543073512339,NA
18097342500,2025,2.8981736215731004,NA,-0.28873677394166086,1.7025962077517542
18097342500,2026,1.7123980495277085,NA,-0.40914580245256826,2.1981116215632475
18097342500,2027,0.5287170112459592,NA,-0.6912417580761768,3.0796959659231797
18097342500,2028,0,NA,-1,3.092988736506623
18097342600,2024,25.007513781385743,NA,-0.021134460557186818,NA
18097342600,2025,25.08007899129101,NA,0.0029017362757302045,-0.44444916255239797
18097342600,2026,24.97816802818917,NA,-0.004063422732329847,-0.30911182140694793
18097342600,2027,24.9259584524462,NA,-0.002090208364522561,-0.43595615455568626
18097342600,2028,24.859590909670697,NA,-0.00266258739466807,-0.43610403104927364
18097350100,2024,18.973880894387488,NA,-0.0561094694311034,NA
18097350100,2025,18.04459132258336,NA,-0.04897730606493966,-0.06251517999872458
18097350100,2026,17.23255150499647,NA,-0.04500184033376253,-0.05572691634318517
18097350100,2027,16.48973003549922,NA,-0.04310571590526635,-0.22671878707321377
18097350100,2028,15.787771591636826,NA,-0.042569432146627784,-0.2948930873805551
18097350300,2024,21.091039628566957,NA,-0.06538633405599215,NA
18097350300,2025,19.62457236885427,NA,-0.0695303449018424,0.08879647924531578
18097350300,2026,18.15415468315215,NA,-0.07492737462324472,0.12949467035188675
18097350300,2027,16.685455881509807,NA,-0.08090152514814475,-0.03390645578623231
18097350300,2028,15.216009170042334,NA,-0.08806751951535574,-0.13389745135888312
18097350400,2024,13.344579334675942,NA,-0.052153593542731636,NA
18097350400,2025,12.491594357013804,NA,-0.06391996002793832,0.04749277466884832
18097350400,2026,11.60563156010553,NA,-0.07092471718078341,0.10472055753846601
18097350400,2027,10.71050846236677,NA,-0.07712834007377545,-0.05315506099246872
18097350400,2028,9.81284089342818,NA,-0.08381185375957634,-0.14895618579522937
18097350500,2024,21.66050516677335,NA,-0.056647654288457305,NA
18097350500,2025,20.762404767266027,NA,-0.041462578669909655,-0.11783867157248872
18097350500,2026,19.825716454087196,NA,-0.04511463501836799,-0.05502878309512699
18097350500,2027,18.89272668731618,NA,-0.047059573808172495,-0.20654849372302087
18097350500,2028,17.959382424947215,NA,-0.04940230586173544,-0.2707148655422537
18097350600,2024,11.198658626085823,NA,-0.04032206984222475,NA
18097350600,2025,10.659770052243378,NA,-0.04812081445068561,-0.06882067906919279
18097350600,2026,10.117313353586692,NA,-0.05088821766305596,-0.019293677147825983
18097350600,2027,9.574670420688232,NA,-0.053635082154106395,-0.17300405800451835
18097350600,2028,9.032017767504025,NA,-0.05667585716701895,-0.24497729971799784
18097350700,2024,12.746910508636256,NA,-0.12198519406930863,NA
18097350700,2025,11.02909108031582,NA,-0.13476359053094333,0.5690442281227639
18097350700,2026,9.316464450566473,NA,-0.155282662667095,0.6268469918458608
18097350700,2027,7.604345194402128,NA,-0.18377349747309368,0.49088677408225134
18097350700,2028,5.892275512268288,NA,-0.22514360386929366,0.3511482430913624
18097350800,2024,25.923155872094615,NA,0.009776983801523365,NA
18097350800,2025,26.385268304003105,NA,0.017826241302894008,-0.5543235045889398
18097350800,2026,26.92653350202199,NA,0.020513916772897378,-0.4612312046689412
18097350800,2027,27.497475068123418,NA,0.021203678745299825,-0.5547880771510966
18097350800,2028,28.079543052995128,NA,0.021168052100408064,-0.5204290913802706
18097350900,2024,14.558024539303103,NA,-0.038518528560951726,NA
18097350900,2025,8.8099292851591,NA,-0.3948403328092732,2.483731575195818
18097350900,2026,7.7450652011845165,NA,-0.12087090026572822,0.413858272202678
18097350900,2027,2.4337002215513053,NA,-0.6857740821627816,3.0518030497321584
18097350900,2028,0.9728327299968528,NA,-0.6002659976844875,1.6785242246091925
18097351000,2024,37.961430830475535,NA,0.02598461703987942,NA
18097351000,2025,38.676213663119576,NA,0.018829185755301125,-0.5617071907887073
18097351000,2026,39.36141783858756,NA,0.017716423366472833,-0.44391635366261945
18097351000,2027,40.04307486602261,NA,0.017317898207589222,-0.5349650750946786
18097351000,2028,40.72430651041566,NA,0.017012470862248552,-0.5057245074478687
18097351200,2024,13.731877425620844,NA,-0.21524250696150748,NA
18097351200,2025,10.042956043829022,NA,-0.26863925940010625,1.5546381225218564
18097351200,2026,6.35503681375279,NA,-0.3672145147286894,1.9385814300801125
18097351200,2027,2.66713055180373,NA,-0.5803123365026219,2.513798296039485
18097351200,2028,0,NA,-1,3.092988736506623
18097351500,2024,15.006847274089122,NA,-0.13946242925875418,NA
18097351500,2025,13.372483648350666,NA,-0.10890786025125698,0.3786941061465783
18097351500,2026,11.546241058289937,NA,-0.13656719559989705,0.5110091768082816
18097351500,2027,9.766152461872956,NA,-0.15417039947723232,0.33986891119644774
18097351500,2028,7.974962121516558,NA,-0.183407984602862,0.203466154521287
18097351700,2024,17.80996571605583,NA,-0.23988767010255074,NA
18097351700,2025,12.760993041060395,NA,-0.2834914314542305,1.6639799485516158
18097351700,2026,8.203649427130294,NA,-0.35713079689536464,1.8761691035763801
18097351700,2027,4.069031225009223,NA,-0.5039974268582801,2.1244838208307435
18097351700,2028,0.2978918892551832,NA,-0.9267904636798386,2.8339357401202916
18097351900,2024,14.301274572447202,NA,0.3366191235017961,NA
18097351900,2025,13.1511439727534,NA,-0.08042154521735001,0.1689775952338561
18097351900,2026,14.575711932074912,NA,0.10832274076482906,-1.0047165622998042
18097351900,2027,14.605219202905417,NA,0.002024413693685334,-0.4569465735280592
18097351900,2028,15.390618583030967,NA,0.05377525453156573,-0.6358101457913586
18097352100,2024,31.522806876790927,NA,-0.0035587317760156223,NA
18097352100,2025,31.425542266358956,NA,-0.003085531399920627,-0.40037084335444434
18097352100,2026,31.32989113098147,NA,-0.0030437385794892524,-0.31542307102040384
18097352100,2027,31.234409954394792,NA,-0.0030476063956781374,-0.4310720642278292
18097352100,2028,31.13894668077507,NA,-0.0030563495119358963,-0.43471069813844126
18097352300,2024,16.739147904627348,NA,-0.09511562776434768,NA
18097352300,2025,15.312167002817208,NA,-0.08524812074906551,0.20451088828925013
18097352300,2026,13.94105521132597,NA,-0.08954394183651304,0.21996268823547216
18097352300,2027,12.57933009416188,NA,-0.09767733478724039,0.05167401015788861
18097352300,2028,11.219182049809955,NA,-0.1081256342087068,-0.0629215242549394
18097352400,2024,11.842769844527137,NA,0.019941919756185422,NA
18097352400,2025,11.894832690109553,NA,0.004396171357368361,-0.4554512072441623
18097352400,2026,11.977742558767847,NA,0.006970242526171289,-0.3774037678922661
18097352400,2027,12.055350996463986,NA,0.006479387690573546,-0.47967327099451834
18097352400,2028,12.133870548667913,NA,0.006513253096235738,-0.4685728744952475
18097352600,2024,22.411469388017473,NA,-0.03813436102929302,NA
18097352600,2025,20.35710587698081,NA,-0.09166572148701013,0.2517573234139994
18097352600,2026,18.63561049082488,NA,-0.08456483925362612,0.18914495005246565
18097352600,2027,16.819074735975025,NA,-0.09747658955118288,0.05064992421464884
18097352600,2028,15.029674867701008,NA,-0.1063911003645519,-0.0690591971900169
18097352700,2024,22.035841874185913,NA,-0.04380186153086141,NA
18097352700,2025,21.070276289873803,NA,-0.043817957572260036,-0.1004983506257323
18097352700,2026,20.107433747677455,NA,-0.04569672124608459,-0.051426009168082626
18097352700,2027,19.14476026505902,NA,-0.047876496558375115,-0.2023810269296589
18097352700,2028,18.18209727847394,NA,-0.05028336595794469,-0.26759722172982353
18097352800,2024,15.618197174013291,NA,-0.1511849361949298,NA
18097352800,2025,13.124201124105667,NA,-0.159685271105254,0.7525178676547554
18097352800,2026,10.576623280920836,NA,-0.19411298402807986,0.8671840118899433
18097352800,2027,8.039020910203725,NA,-0.23992557012923876,0.7773421312318622
18097352800,2028,5.499561377848899,NA,-0.31589164410949033,0.672261487650135
18097353300,2024,21.94479346767423,NA,0.07209459753533487,NA
18097353300,2025,23.296399106211005,NA,0.06159117608136788,-0.8765213533152364
18097353300,2026,24.59036023563854,NA,0.05554339636474337,-0.6780432330972771
18097353300,2027,25.857546471445403,NA,0.05153182888188623,-0.7095047361827759
18097353300,2028,27.112296224758513,NA,0.04852547610032287,-0.6172337293661768
18097353500,2024,3.9421957393963662,NA,-0.391199544336402,NA
18097353500,2025,1.6292310545133173,NA,-0.5867198987022427,3.89635068814966
18097353500,2026,1.9616419605773547,NA,0.20402932115932138,-1.5970844213444377
18097353500,2027,2.895558024790759,NA,0.4760889514917046,-2.875349315640119
18097353500,2028,1.523983820020856,NA,-0.4736821686966597,1.2306055265594533
18097353600,2024,25.091551755367885,NA,-0.004431978738629105,NA
18097353600,2025,24.940718408391177,NA,-0.006011320003133647,-0.37883116099104647
18097353600,2026,24.788939266159,NA,-0.006085596242532909,-0.29659574792570703
18097353600,2027,24.637137265289116,NA,-0.00612377961154309,-0.4153792098856444
18097353600,2028,24.485334711955776,NA,-0.0061615337731308895,-0.423722959004616
18097354200,2024,12.163980065130538,NA,0.21483001127282608,NA
18097354200,2025,12.52173468789796,NA,0.029410983974970994,-0.6396104857277036
18097354200,2026,12.937812599587254,NA,0.033228456125286465,-0.5399267804994501
18097354200,2027,13.32305535247904,NA,0.029776498146531827,-0.5985216372352813
18097354200,2028,13.724600461353203,NA,0.030139115859745047,-0.552173329418684
18097354400,2024,18.21399379910372,NA,-0.07332312250174067,NA
18097354400,2025,18.773291996292382,NA,0.030707059822112415,-0.6491522079271955
18097354400,2026,18.185881224270524,NA,-0.03128970519064367,-0.14059702772089183
18097354400,2027,18.25578447471584,NA,0.0038438198063244222,-0.46622812990065693
18097354400,2028,17.94890361015642,NA,-0.016810061763406825,-0.3860429896776552
18097354500,2024,23.34587936778318,NA,-0.00978232417402658,NA
18097354500,2025,23.278631869338824,NA,-0.002880486846734809,-0.4018803832238379
18097354500,2026,23.202472425751385,NA,-0.0032716460320741936,-0.3140124569415016
18097354500,2027,23.126799088475885,NA,-0.0032614342078266523,-0.42998123855746423
18097354500,2028,23.051099236299013,NA,-0.0032732524672899332,-0.4339431839137399
18097354700,2024,22.63714404705688,NA,-0.09649128126593942,NA
18097354700,2025,21.38093906110923,NA,-0.055493086200994135,-0.014545947250253089
18097354700,2026,19.752691258175776,NA,-0.07615417631001764,0.13708785658496042
18097354700,2027,18.243628192611418,NA,-0.07639784603729616,-0.05688161853909271
18097354700,2028,16.696384033438456,NA,-0.08481011248626458,-0.1454238329445506
18097354800,2024,27.298107688039934,NA,-0.07789000786219624,NA
18097354800,2025,26.069284896972707,NA,-0.04501494408001072,-0.09168612504596595
18097354800,2026,25.013619804430917,NA,-0.040494593415731917,-0.08362414343053984
18097354800,2027,23.985793853668977,NA,-0.04109065216462082,-0.2369984753589974
18097354800,2028,22.9624436947525,NA,-0.04266484424737682,-0.2945554702908571
18097354900,2024,10.02478655049925,NA,-0.19436220586352382,NA
18097354900,2025,8.160541516145898,NA,-0.1859635639085513,0.9459788987811306
18097354900,2026,6.041924974057036,NA,-0.25961715137373054,1.2726165663611662
18097354900,2027,4.040049279026714,NA,-0.3313307768014373,1.2436385631188374
18097354900,2028,1.984596729051951,NA,-0.5087691778031829,1.3547614125294096
18097355000,2024,30.351857041937,NA,-0.005804228143370449,NA
18097355000,2025,29.257502437218484,NA,-0.03605560619261128,-0.15764485223118138
18097355000,2026,28.359836946790992,NA,-0.030681548855843954,-0.14436116039102606
18097355000,2027,27.419990447656403,NA,-0.03314005298753786,-0.27755782818594
18097355000,2028,26.48918988633063,NA,-0.033946057096651105,-0.32540702392415244
18097355100,2024,14.807420077168723,NA,-0.10464978082611909,NA
18097355100,2025,13.189731613787412,NA,-0.10924850209899795,0.3812019145343626
18097355100,2026,11.599482639267537,NA,-0.12056719735355081,0.4119785284783635
18097355100,2027,10.01589534192344,NA,-0.1365222352230785,0.24983819718494302
18097355100,2028,8.433925346673362,NA,-0.15794593905433896,0.11336834042471482
18097355300,2024,9.495917828768498,NA,-0.12920413102144201,NA
18097355300,2025,7.740424030414193,NA,-0.18486825918353278,0.9379152554125978
18097355300,2026,5.938554301232713,NA,-0.23278695354433454,1.1065533052935093
18097355300,2027,4.1304782706331125,NA,-0.30446400569651844,1.1065798554297253
18097355300,2028,2.3215716760619536,NA,-0.4379411961641655,1.104135581608383
18097355400,2024,25.616691274526588,NA,0.037385157287566084,NA
18097355400,2025,26.411581433593746,NA,0.03103016508059353,-0.6515309117850149
18097355400,2026,27.2007780791132,NA,0.029880703944355602,-0.5192061489205566
18097355400,2027,27.98972202857676,NA,0.02900446256239153,-0.5945831587691099
18097355400,2028,28.77865476259381,NA,0.028186515507784282,-0.5452640250118326
18097355500,2024,10.136476411579055,NA,0.1485676375327165,NA
18097355500,2025,7.74740933256967,NA,-0.23569009407256325,1.3120660670715858
18097355500,2026,8.442242755875224,NA,0.08968590576265467,-0.8893654338392429
18097355500,2027,6.5668419369900235,NA,-0.2221448580805201,0.6866352351306246
18097355500,2028,6.833567316654673,NA,0.040616994016899666,-0.5892494518586822
18097355600,2024,14.101287140528186,NA,-0.04838483636561364,NA
18097355600,2025,12.550057894830424,NA,-0.11000621647079356,0.3867802146455654
18097355600,2026,10.609772759008166,NA,-0.1546036800851328,0.6226444860542246
18097355600,2027,8.48804978803187,NA,-0.19997817287602704,0.573553643896055
18097355600,2028,6.281712526767233,NA,-0.2599345334160936,0.4742564472841849
18097355700,2024,21.49197160733226,NA,-0.05872449773988875,NA
18097355700,2025,20.502735740447307,NA,-0.046028158093576854,-0.0842268342433457
18097355700,2026,19.48217847652439,NA,-0.04977663843706415,-0.026173703615652348
18097355700,2027,18.46441132179624,NA,-0.05224093167786836,-0.18011620638480366
18097355700,2028,17.446395624217047,NA,-0.055133937380255515,-0.25043340504287803
18097355900,2024,14.175904315683368,NA,-0.22671603917317362,NA
18097355900,2025,11.018951757610552,NA,-0.2226984951203539,1.2164217971759634
18097355900,2026,8.346698587548175,NA,-0.24251428165267253,1.166759787460251
18097355900,2027,5.909561301081137,NA,-0.2919881748339186,1.0429353910950132
18097355900,2028,3.586473010932675,NA,-0.39310672515123246,0.9454881615987324
18097356200,2024,14.720638012574364,NA,-0.02690847423372067,NA
18097356200,2025,15.318387195325062,NA,0.040606200780163304,-0.7220297738842032
18097356200,2026,15.480031205147435,NA,0.010552286462095939,-0.3995745286548104
18097356200,2027,15.83095203353798,NA,0.022669258462079567,-0.5622646161521093
18097356200,2028,16.099723609245444,NA,0.01697760028190798,-0.5056011173981974
18097356400,2024,13.876837355076637,NA,-0.06922563592637088,NA
18097356400,2025,12.78617949583728,NA,-0.07859556405626933,0.15553470528342223
18097356400,2026,11.68608419619569,NA,-0.08603784265657621,0.1982619811758681
18097356400,2027,10.584468456675676,NA,-0.09426731153268908,0.034278046250150754
18097356400,2028,9.482607763298962,NA,-0.10410165592035614,-0.07716042925813504
18097356900,2024,27.563191794714346,NA,-0.03941901075096321,NA
18097356900,2025,27.52122698310569,NA,-0.001522494634191851,-0.41187793426974084
18097356900,2026,27.736595164227445,NA,0.007825529772126805,-0.3826974966271819
18097356900,2027,28.012764090823055,NA,0.009956843115040748,-0.4974132347833455
18097356900,2028,28.303298570047392,NA,0.010371503443300512,-0.4822253487964743
18097357100,2024,22.83594374193549,NA,-0.05332005373621851,NA
18097357100,2025,22.39868483115116,NA,-0.019147836223705306,-0.28212000884491995
18097357100,2026,22.376653755559616,NA,-9.83587909630601e-4,-0.3281742009488091
18097357100,2027,22.557717387471893,NA,0.00809163129975543,-0.4878980042418285
18097357100,2028,22.83811795376119,NA,0.012430360815009811,-0.48951064519475923
18097357200,2024,24.851481365436776,NA,0.06813578561059996,NA
18097357200,2025,20.925508362895663,NA,-0.15797742375234514,0.7399446798767907
18097357200,2026,19.853797678234105,NA,-0.051215514867102296,-0.01726789853121393
18097357200,2027,17.303867830506228,NA,-0.12843536984983928,0.2085836931366664
18097357200,2028,15.519505982737034,NA,-0.10311924855455812,-0.08063669184049885
18097357300,2024,21.43933559231077,NA,0.028533642855253616,NA
18097357300,2025,22.27550294458146,NA,0.03900155154857421,-0.7102163316159741
18097357300,2026,23.162415247439117,NA,0.039815590474620466,-0.5806972965462118
18097357300,2027,24.0599948770216,NA,0.038751555914779745,-0.6443071845326257
18097357300,2028,24.95981693384341,NA,0.03739909594416324,-0.5778628732828717
18097357400,2024,13.421611399664515,NA,-0.05745977088070242,NA
18097357400,2025,12.938063310274128,NA,-0.03602757336592788,-0.15785123015672442
18097357400,2026,12.422347124397906,NA,-0.03986038509076484,-0.08754952271063217
18097357400,2027,11.90972290640185,NA,-0.04126629314594221,-0.2361024567856025
18097357400,2028,11.39680149129386,NA,-0.04306745162242842,-0.2931308383082389
18097357500,2024,9.908085573208284,NA,0.030149485332096715,NA
18097357500,2025,10.044217512300683,NA,0.01373947954794641,-0.5242367273010029
18097357500,2026,10.201015480933506,NA,0.015610769922176582,-0.4308835881250106
18097357500,2027,10.355037449267698,NA,0.015098689794371012,-0.523643958909161
18097357500,2028,10.50943230866173,NA,0.014910120813223182,-0.4982853115858538
18097357601,2024,20.78165943596672,NA,0.10167833154522365,NA
18097357601,2025,19.99161698830111,NA,-0.03801633118374981,-0.1432099769757646
18097357601,2026,21.74797458856831,NA,0.08785470436408427,-0.8780313662392986
18097357601,2027,21.109946544827217,NA,-0.02933735466457965,-0.2969569928954195
18097357601,2028,22.72336466206432,NA,0.07642928483077838,-0.7159717575733692
18097357602,2024,31.447816235576894,NA,0.3145187186471141,NA
18097357602,2025,28.699525165308614,NA,-0.0873921117345865,0.22029496946565355
18097357602,2026,35.960419356788144,NA,0.25299701474700176,-1.9001658572637292
18097357602,2027,33.46884759660565,NA,-0.06928650457220453,-0.09315956453175463
18097357602,2028,40.47960691044294,NA,0.2094711893978778,-1.1867424488714107
18097357800,2024,24.99421859894383,NA,0.06075942092168307,NA
18097357800,2025,24.555055200254543,NA,-0.017570599254815078,-0.2937316417853161
18097357800,2026,24.59958293681007,NA,0.0018133836878959642,-0.34548582226268487
18097357800,2027,24.519054188579553,NA,-0.003273581850447349,-0.4299192683194866
18097357800,2028,24.470858314051853,NA,-0.0019656498230730124,-0.4385701546622734
18097357900,2024,17.13725307319402,NA,-0.15177415823395102,NA
18097357900,2025,14.929456033455216,NA,-0.12883027579211204,0.5253631109374195
18097357900,2026,13.28384872006382,NA,-0.11022553733396434,0.34796969042857717
18097357900,2027,12.006351679501808,NA,-0.09616919519961786,0.043980355342163845
18097357900,2028,10.969885676349378,NA,-0.08632647375488478,-0.14005816680342983
18097358000,2024,13.281405887043997,NA,-0.0671393484100049,NA
18097358000,2025,11.66871974098668,NA,-0.1214243552055353,0.4708406560791873
18097358000,2026,10.327949073572078,NA,-0.11490297969066043,0.37692032792100394
18097358000,2027,8.87460595065589,NA,-0.14071943156992417,0.27124986235935655
18097358000,2028,7.467867595518694,NA,-0.1585127681114934,0.11537407318953576
18097358100,2024,21.96508969892498,NA,-0.050220337408853566,NA
18097358100,2025,22.02267280226369,NA,0.0026215737849468734,-0.44238660374176336
18097358100,2026,21.655091551290656,NA,-0.016691037199410674,-0.2309542598696623
18097358100,2027,21.435799137967443,NA,-0.01012659830155016,-0.394959146952747
18097358100,2028,21.164786538912452,NA,-0.01264299022913351,-0.4007882321879866
18097360101,2024,16.226970004344658,NA,-0.08640839609685569,NA
18097360101,2025,15.14014838236195,NA,-0.06697625136989338,0.0699932193843075
18097360101,2026,13.8317817532376,NA,-0.08641702816126806,0.2006089180810341
18097360101,2027,12.632987959516534,NA,-0.08666951337924811,-0.0044815200604689034
18097360101,2028,11.380001085963888,NA,-0.09918373052898855,-0.09456257893255317
18097360102,2024,30.746507090726805,NA,0.037694614312029584,NA
18097360102,2025,31.753977622973736,NA,0.03276699136178585,-0.6643174426971254
18097360102,2026,32.756561162574954,NA,0.03157347880965489,-0.5296834370931013
18097360102,2027,33.75892640981233,NA,0.03060044191643052,-0.6027249212052755
18097360102,2028,34.761281906358526,NA,0.029691569109106863,-0.5505896788097147
18097360201,2024,7.060503881612091,NA,-0.05769428964638634,NA
18097360201,2025,6.444394981225974,NA,-0.08726132167290068,0.21933209183946145
18097360201,2026,5.814652974375087,NA,-0.09771933729783366,0.2705636133370068
18097360201,2027,5.183899846710778,NA,-0.10847648697936219,0.10676503087675988
18097360201,2028,4.5530717276788035,NA,-0.12168987397243791,-0.014924266914989838
18097360302,2024,14.52006041155278,NA,-0.0695603079562197,NA
18097360302,2025,12.778199333505196,NA,-0.11996238505052537,0.46007761847315537
18097360302,2026,11.12962191845914,NA,-0.12901484567730825,0.46426453985688887
18097360302,2027,9.46778619911966,NA,-0.1493164576042989,0.31510691066782737
18097360302,2028,7.807834867968651,NA,-0.17532623743714815,0.17486877603005954
18097360401,2024,6.958523057368769,NA,-0.1482305801146112,NA
18097360401,2025,6.058800178740711,NA,-0.12929796613597355,0.5288062515116027
18097360401,2026,5.077008104789677,NA,-0.16204397652788982,0.6686955773823922
18097360401,2027,4.116856025266719,NA,-0.18911769682170598,0.5181497843447571
18097360401,2028,3.1509979149120415,NA,-0.23461061169660458,0.3846473863416709
18097360404,2024,27.37859703621218,NA,0.12912178214962644,NA
18097360404,2025,29.13836065484016,NA,0.06427515684242091,-0.8962808441407409
18097360404,2026,30.967187265651383,NA,0.06276353815764302,-0.7227316956693322
18097360404,2027,32.75461179544159,NA,0.0577199509421642,-0.7410729514064097
18097360404,2028,34.56685616373985,NA,0.05532791472590337,-0.641304256202794
18097360501,2024,3.099037107049152,NA,-0.17269183316166115,NA
18097360501,2025,2.2931818473294747,NA,-0.2600340789358918,1.4912867055140293
18097360501,2026,1.561502033582448,NA,-0.3190675063990692,1.64057955679134
18097360501,2027,0.795210635980661,NA,-0.49073992932544364,2.056851745805938
18097360501,2028,0.04506961969746825,NA,-0.9433236709140742,2.892438731522593
18097360502,2024,13.957796779707664,NA,0.04769635087188395,NA
18097360502,2025,14.646424165635109,NA,0.04933639576473814,-0.7863015489303444
18097360502,2026,15.343413730244148,NA,0.04758769490264969,-0.628802085593381
18097360502,2027,16.041717717990004,NA,0.04551164428092003,-0.6787932406243365
18097360502,2028,16.740228315549928,NA,0.04354337919664175,-0.5996045078732081
18097360601,2024,6.909784398208874,NA,-0.022115294949135444,NA
18097360601,2025,7.170214035214311,NA,0.037689980178389426,-0.700560531234606
18097360601,2026,7.31721913298915,NA,0.02050219101589823,-0.4611586290786251
18097360601,2027,7.495098251234703,NA,0.024309661226844748,-0.5706330011043003
18097360601,2028,7.664573498973115,NA,0.02261147780290851,-0.5255366739724965
18097360602,2024,5.47663586856116,NA,-0.006106293430837462,NA
18097360602,2025,5.669314922331683,NA,0.03518200924706427,-0.6820968263797663
18097360602,2026,6.022938267436653,NA,0.06237496945389864,-0.720326682239952
18097360602,2027,6.491011619291837,NA,0.07771511695310718,-0.8430767092374862
18097360602,2028,7.040472163799315,NA,0.08464944707146027,-0.7450589197965779
18097360700,2024,6.7558704423737765,NA,-0.09217990930602371,NA
18097360700,2025,5.960245596461085,NA,-0.1177679253471795,0.44392198613613765
18097360700,2026,5.157867313627557,NA,-0.1346216812458102,0.4989675787497081
18097360700,2027,4.3550730232799495,NA,-0.15564461850861344,0.34738952297754855
18097360700,2028,3.552253107128207,NA,-0.18434132145667492,0.20676878039178362
18097360800,2024,22.33354898625697,NA,0.04486539469465911,NA
18097360800,2025,22.549855007802805,NA,0.009685250726561012,-0.49438945776646637
18097360800,2026,22.619922489186337,NA,0.0031072253617279166,-0.3534939468776426
18097360800,2027,22.66119435727979,NA,0.0018245804384688924,-0.45592713998294443
18097360800,2028,22.696796124018075,NA,0.0015710454699333631,-0.451084801783545
18097360900,2024,3.0123382453717564,NA,-0.4127126381464198,NA
18097360900,2025,0.5054911238256432,NA,-0.8321931062680977,5.703526679568335
18097360900,2026,0,NA,-1,5.85515416311088
18097361100,2024,5.908142603559554,NA,-0.5731303027990954,NA
18097361100,2025,4.483707168890284,NA,-0.24109699617119473,1.3518717296018914
18097361100,2026,3.0613303229177227,NA,-0.3172323241449774,1.6292208500197451
18097361100,2027,1.638679570851,NA,-0.46471651275802495,1.9240953445823896
18097361100,2028,0.2160652634361604,NA,-0.8681467278413966,2.626424038068257
18097361200,2024,11.19094191700276,NA,0.18041442138248298,NA
18097361200,2025,9.891175630895397,NA,-0.11614449397977722,0.43197026961286566
18097361200,2026,11.034857472123807,NA,0.11562648201858683,-1.0499224567291223
18097361200,2027,10.195129201496377,NA,-0.07609779036555275,-0.05841232881474657
18097361200,2028,10.965386274041084,NA,0.07555147731052325,-0.7128656230476965
18097361300,2024,3.6301617178190497,NA,-0.706191947298818,NA
18097361300,2025,2.855850296771383,NA,-0.21329942885102715,1.1472257856351784
18097361300,2026,1.4647892265932183,NA,-0.48709173297731934,2.6805514265993247
18097361300,2027,0.5356964007388019,NA,-0.6342843113444278,2.789132056630197
18097361300,2028,0,NA,-1,3.092988736506623
18097361400,2024,2.9471414006666583,NA,-0.7557138510067032,NA
18097361400,2025,2.5575393322745157,NA,-0.1321965984747161,0.5501460092084582
18097361400,2026,2.1750005073367333,NA,-0.14957299780706645,0.591507499670335
18097361400,2027,1.7891202795146297,NA,-0.1774161553160326,0.45845529591981676
18097361400,2028,1.4048207664601111,NA,-0.21479803088408078,0.3145402844036796
18097361402,2024,7.522807806992757,NA,-0.01986076318140606,NA
18097361402,2025,8.088975147160706,NA,0.07526010961514573,-0.9771521665738032
18097361402,2026,7.951177515633685,NA,-0.017035239819643833,-0.2288238465962527
18097361402,2027,8.503004483975895,NA,0.0694019177986156,-0.8006675813066559
18097361402,2028,8.379255098568976,NA,-0.014553606979759603,-0.3940274873578175
18097361600,2024,1.2656910091603557,NA,-0.05753219582979863,NA
18097361600,2025,1.0669720809588403,NA,-0.15700429786045733,0.7327805181913418
18097361600,2026,0.509724958409242,NA,-0.522269638066654,2.898282122206162
18097361600,2027,0.2774728157360631,NA,-0.4556420846999434,1.8778028676114307
18097361600,2028,0,NA,-1,3.092988736506623
18097370201,2024,12.060918612529369,NA,-0.0038081035507508965,NA
18097370201,2025,12.028857249837898,NA,-0.0026582853032574016,-0.40351623301213224
18097370201,2026,11.993595590452523,NA,-0.002931422216840285,-0.3161182437347962
18097370201,2027,11.95906323255856,NA,-0.0028792331401813476,-0.4319310070727911
18097370201,2028,11.924364677365958,NA,-0.002901444245075546,-0.4352588326514193
18097370202,2024,10.873671882512715,NA,0.1322050536379451,NA
18097370202,2025,10.308333500785867,NA,-0.05199148804885656,-0.04032474476094012
18097370202,2026,9.876353181354894,NA,-0.04190593168120149,-0.0748887835079729
18097370202,2027,9.369605109943915,NA,-0.051309229439834625,-0.1848692116565305
18097370202,2028,8.9047758894813,NA,-0.04961033202661813,-0.2699787619682064
18097380100,2024,4.91842468142218,NA,0.04131199197233637,NA
18097380100,2025,4.973318462737163,NA,0.011160846179535389,-0.5052528049402978
18097380100,2026,5.028212339395005,NA,0.01103767576300152,-0.402578805056657
18097380100,2027,5.083106224282707,NA,0.010917177156107627,-0.5023123029335331
18097380100,2028,5.1380001098807995,NA,0.010799279648309623,-0.4837390410456064
18097380200,2024,8.222414337203523,NA,-0.13787739494351103,NA
18097380200,2025,7.731778594796604,NA,-0.05967052039532539,0.016208361362842833
18097380200,2026,6.983689114834009,NA,-0.09675516063872425,0.2645959227044166
18097380200,2027,6.316004626437065,NA,-0.09560627304825464,0.04110865251289113
18097380200,2028,5.6232089754287244,NA,-0.1096889080968193,-0.057389857135548984
18097380300,2024,33.9542883915744,NA,0.1344474695019935,NA
18097380300,2025,36.017326021605555,NA,0.060759265699795506,-0.8703968215038117
18097380300,2026,38.08018941954626,NA,0.05727419622165342,-0.6887558737688643
18097380300,2027,40.14302014257921,NA,0.054170705410780284,-0.7229667560655869
18097380300,2028,42.205844737868446,NA,0.05138688090638266,-0.6273588513945744
18097380302,2024,26.69687218567706,NA,0.0646776572252048,NA
18097380302,2025,22.865042604141035,NA,-0.14353103070972528,0.6335902026281222
18097380302,2026,21.551533300618043,NA,-0.057446177829780454,0.021296267740499936
18097380302,2027,19.07513966696769,NA,-0.11490568207410734,0.1395630611173801
18097380302,2028,17.135730934349354,NA,-0.10167205936514312,-0.08575759158525816
18097380402,2024,12.29342201114991,NA,0.03963435784940428,NA
18097380402,2025,12.302379713551506,NA,7.286581712944162e-4,-0.4284509417414347
18097380402,2026,12.244328515999014,NA,-0.004718696618390639,-0.30505605860178114
18097380402,2027,12.17650984860974,NA,-0.0055387820818968425,-0.418363528511114
18097380402,2028,12.107267438000124,NA,-0.0056865564493032705,-0.4254036730910296
18097380403,2024,4.0331466181866755,NA,-0.08274722626383035,NA
18097380403,2025,3.824178303828342,NA,-0.05181272444101892,-0.041640804071147716
18097380403,2026,3.6235671900754194,NA,-0.052458619294004416,-0.009573807854296472
18097380403,2027,3.423407053306624,NA,-0.055238422877051496,-0.16482474212714632
18097380403,2028,3.2232712524667853,NA,-0.058461000320289225,-0.23866054501529316
18097380404,2024,10.330931008426957,NA,0.21540364805023016,NA
18097380404,2025,9.77960991691874,NA,-0.05336606072177841,-0.030205128214608353
18097380404,2026,10.035780023485009,NA,0.02619430721087279,-0.4963895052623949
18097380404,2027,10.01824188776008,NA,-0.001747560795861136,-0.43770414402454183
18097380404,2028,10.093480245545893,NA,0.007510135873015411,-0.47210035852740057
18097380501,2024,16.414428055056753,NA,-2.964156298768117e-4,NA
18097380501,2025,17.37088695609424,NA,0.05826940164039596,-0.85206641960512
18097380501,2026,18.054652144484074,NA,0.03936271015510506,-0.5778942317603946
18097380501,2027,18.815770773381125,NA,0.04215637182074339,-0.6616765835634334
18097380501,2028,19.55494700140576,NA,0.039284929484278974,-0.5845359223664824
18097380502,2024,18.725141466510447,NA,0.03014800929074468,NA
18097380502,2025,19.267810847868873,NA,0.028980789401723772,-0.6364433893585311
18097380502,2026,19.810402273795702,NA,0.02816051238051487,-0.5085591673899365
18097380502,2027,20.35299256065587,NA,0.027389160470399965,-0.5863428229136655
18097380502,2028,20.895582830872257,NA,0.026658992214504185,-0.5398588618860397
18097380600,2024,10.9118182226227,NA,0.025458129492804904,NA
18097380600,2025,11.202040284791932,NA,0.02659703967277749,-0.6188942021277951
18097380600,2026,11.491592814383408,NA,0.025848195706328347,-0.494247277109507
18097380600,2027,11.781168541590944,NA,0.02519891993084622,-0.5751694840443519
18097380600,2028,12.07074346505956,NA,0.02457947379721581,-0.5325004560810469
18097380800,2024,3.703706946915718,NA,-0.24558338496670606,NA
18097380800,2025,2.916730765616421,NA,-0.21248338288607183,1.1412180478034817
18097380800,2026,2.015236563310083,NA,-0.30907693398839187,1.5787437460754041
18097380800,2027,1.1450653308105387,NA,-0.43179607215455806,1.7561543207784063
18097380800,2028,0.26632663941771817,NA,-0.7674135857128799,2.2699783669786013
18097381001,2024,21.391365351478484,NA,0.09376338061257417,NA
18097381001,2025,22.723572152595793,NA,0.06227778261125505,-0.8815761568462104
18097381001,2026,24.055316543448782,NA,0.05860629578439136,-0.6970007923811562
18097381001,2027,25.3869434913284,NA,0.05535686655689731,-0.7290178633297595
18097381001,2028,26.718540611037987,NA,0.05245204568105777,-0.6311279522575827
18097381002,2024,5.293866810338809,NA,-0.09597043700368046,NA
18097381002,2025,4.811201476327033,NA,-0.09117443851612217,0.24814049370461705
18097381002,2026,4.315351773313333,NA,-0.10306151289931886,0.3036285615427456
18097381002,2027,3.8216934401016793,NA,-0.11439584978089101,0.1369621920001525
18097381002,2028,3.3276708800082817,NA,-0.12926797186543926,0.011890941386641108
18097381003,2024,7.24151800968389,NA,0.06041011550501474,NA
18097381003,2025,7.271435494842475,NA,0.004131383104837516,-0.45350183371566805
18097381003,2026,7.610340058629486,NA,0.04660765594735605,-0.6227362166078348
18097381003,2027,7.699721492112144,NA,0.011744735819171126,-0.5065340279950775
18097381003,2028,7.9906058260826125,NA,0.03777855267472474,-0.5792055863772564
18097381101,2024,7.154324571958428,NA,0.00570427186019784,NA
18097381101,2025,7.302175204282707,NA,0.02066591064428125,-0.5752291761618585
18097381101,2026,7.426364938397025,NA,0.017007224647455965,-0.4395268276228259
18097381101,2027,7.555773542924211,NA,0.017425564943367666,-0.5355143284310498
18097381101,2028,7.6840310242715155,NA,0.016974765140680415,-0.505591085210219
18097381201,2024,13.896147269776806,NA,0.09995318174254941,NA
18097381201,2025,14.758233575778709,NA,0.06203779286917044,-0.8798093501776426
18097381201,2026,15.622173223178937,NA,0.05853950223542537,-0.6965873793071974
18097381201,2027,16.485407345805335,NA,0.0552569805938139,-0.7285083029898499
18097381201,2028,17.348910045611813,NA,0.05237982184445045,-0.630872387173796
18097381203,2024,14.220727384952646,NA,0.12118295785022992,NA
18097381203,2025,15.626523157530697,NA,0.09885540553049088,-1.15086095015741
18097381203,2026,17.015284844758895,NA,0.08887208454677453,-0.8843283556225839
18097381203,2027,18.4018357928757,NA,0.0814885534251808,-0.8623265969292262
18097381203,2028,19.788099824065757,NA,0.0753329204104054,-0.7120922563156791
18097381204,2024,15.465418658040043,NA,-0.011870215027370179,NA
18097381204,2025,15.305616352360962,NA,-0.010332879388040617,-0.3470158014113305
18097381204,2026,15.145302311384269,NA,-0.010474197006248964,-0.269432871267816
18097381204,2027,14.984998349880222,NA,-0.010584401566124613,-0.39262369980975387
18097381204,2028,14.824694189844298,NA,-0.010697642822043107,-0.40767187194517984
18097390200,2024,5.177121307541743,NA,-0.15960428089904588,NA
18097390200,2025,4.043902510587047,NA,-0.2188897515891477,1.188381792585155
18097390200,2026,2.8617423191352493,NA,-0.29233152588542144,1.4750994459040014
18097390200,2027,1.6636139986928669,NA,-0.418670930793108,1.6891974502928455
18097390200,2028,0.4602757502114514,NA,-0.7233277968488491,2.1139801695123897
18097390300,2024,3.029417991165362,NA,-0.12146878256204507,NA
18097390300,2025,2.5294169150418444,NA,-0.16504855968428978,0.7920024470562903
18097390300,2026,2.0331119279396397,NA,-0.19621320002677145,0.8801831228136454
18097390300,2027,1.536638583252639,NA,-0.24419380844916294,0.7991162114126716
18097390300,2028,1.0401729072868715,NA,-0.32308552015847924,0.6977171214349542
18097390402,2024,3.668134252099433,NA,-0.08247999996893374,NA
18097390402,2025,3.8000485280876655,NA,0.03596222682218686,-0.6878407952789635
18097390402,2026,3.937567154850804,NA,0.03618865015714512,-0.5582486533924211
18097390402,2027,4.077792544439892,NA,0.03561218998292892,-0.6282919575482442
18097390402,2028,4.219325233534349,NA,0.03470816319173431,-0.5683409690661548
18097390500,2024,20.416224049169234,NA,-0.07785687121381535,NA
18097390500,2025,18.876292154284062,NA,-0.07542687086390165,0.1322067571207601
18097390500,2026,17.39280243503928,NA,-0.07859010165341707,0.15216481236495316
18097390500,2027,15.926643630772825,NA,-0.08429686991170282,-0.01658537303926002
18097390500,2028,14.465806389868838,NA,-0.09172285603737718,-0.12096299054371104
18097390600,2024,10.104970341598458,NA,0.09181639008736098,NA
18097390600,2025,10.592195687084423,NA,0.04821640529514837,-0.7780561688852845
18097390600,2026,10.781936355264117,NA,0.017913251773761463,-0.4451346065951152
18097390600,2027,11.228957894874371,NA,0.04146022800366489,-0.6581252609440557
18097390600,2028,11.453468993263074,NA,0.019993938929202315,-0.5162744750504067
18097390700,2024,15.027432548959457,NA,-0.1275740547965204,NA
18097390700,2025,13.283267363232124,NA,-0.1160654143710067,0.4313880848123411
18097390700,2026,11.61384326334716,NA,-0.1256787245362465,0.44361589762457265
18097390700,2027,9.95674310733354,NA,-0.14268318578427552,0.2812677991552214
18097390700,2028,8.301675027664977,NA,-0.16622584933918194,0.14266692196084563
18097390800,2024,29.9383063297713,NA,0.18062527562974973,NA
18097390800,2025,32.86566560766948,NA,0.09777972226128062,-1.1429417601253735
18097390800,2026,35.674044026777665,NA,0.08545022190126672,-0.8631490235337225
18097390800,2027,38.577787470831595,NA,0.08139653137935032,-0.8618571537411639
18097390800,2028,41.40509435126183,NA,0.07328846638931652,-0.7048579263805596
18097390802,2024,9.53093611130281,NA,-0.2764181687697015,NA
18097390802,2025,10.872084509335656,NA,0.1407152857149434,-1.459033769599264
18097390802,2026,9.04163001124725,NA,-0.1683627915618784,0.7078053535122502
18097390802,2027,9.23021807858562,NA,0.020857750992219204,-0.5530233540808819
18097390802,2028,8.133483545799432,NA,-0.11882000224140365,-0.025079349279090425
18097390900,2024,15.668856642261233,NA,-0.05143915327070436,NA
18097390900,2025,14.86113638194944,NA,-0.051549406491680605,-0.04357935321413775
18097390900,2026,14.048215582432524,NA,-0.054701119660290676,0.004305960239060702
18097390900,2027,13.235939027572083,NA,-0.05782062142299438,-0.15165186049125667
18097390900,2028,12.423582663453216,NA,-0.061375045807224526,-0.2283491531811017
18097391001,2024,32.13305052064017,NA,0.14982120537712418,NA
18097391001,2025,36.32022138835859,NA,0.13030729419943676,-1.3824100412004454
18097391001,2026,40.50739224123919,NA,0.11528483838544767,-1.0478078820918852
18097391001,2027,44.69456309412067,NA,0.10336806743680382,-0.9739432070379805
18097391001,2028,48.88173394700215,NA,0.09368412090893186,-0.7770282430106312
