GEOID,year,zhvi_forecast,NAME,zhvi_zscore
18011810605,2024,255151.7405387399,NA,0.24487933076451135
18011810605,2025,278356.1408896926,NA,0.24831873858843054
18011810605,2026,278415.33113448333,NA,0.24661026541617923
18011810605,2027,303871.84560275445,NA,0.24372859412993184
18011810605,2028,331735.2722038388,NA,0.23461464811937593
18057110805,2024,341196.64918433235,NA,1.5375073746847172
18057110805,2025,366555.7035085307,NA,1.5473911127769875
18057110805,2026,366563.4106603409,NA,1.5452374322772602
18057110805,2027,393824.65797441377,NA,1.5499301317200866
18057110805,2028,423122.5223383045,NA,1.5512375818742516
18057110807,2024,341196.64918433235,NA,1.5375073746847172
18057110807,2025,366555.7035085307,NA,1.5473911127769875
18057110807,2026,366563.4106603409,NA,1.5452374322772602
18057110807,2027,393824.65797441377,NA,1.5499301317200866
18057110807,2028,423122.5223383045,NA,1.5512375818742516
18057110810,2024,341196.64918433235,NA,1.5375073746847172
18057110810,2025,366555.7035085307,NA,1.5473911127769875
18057110810,2026,366563.4106603409,NA,1.5452374322772602
18057110810,2027,393824.65797441377,NA,1.5499301317200866
18057110810,2028,423122.5223383045,NA,1.5512375818742516
18057110813,2024,341196.64918433235,NA,1.5375073746847172
18057110813,2025,366555.7035085307,NA,1.5473911127769875
18057110813,2026,366563.4106603409,NA,1.5452374322772602
18057110813,2027,393824.65797441377,NA,1.5499301317200866
18057110813,2028,423122.5223383045,NA,1.5512375818742516
18057110822,2024,341196.64918433235,NA,1.5375073746847172
18057110822,2025,366555.7035085307,NA,1.5473911127769875
18057110822,2026,366563.4106603409,NA,1.5452374322772602
18057110822,2027,393824.65797441377,NA,1.5499301317200866
18057110822,2028,423122.5223383045,NA,1.5512375818742516
18057111006,2024,322737.0514028475,NA,1.2601941187648762
18057111006,2025,348725.99647422566,NA,1.2847811954439736
18057111006,2026,348851.83385144523,NA,1.2843045232938997
18057111006,2027,377251.1855309155,NA,1.3092673373267227
18057111006,2028,408157.91692075046,NA,1.3356413946779655
18057111101,2024,322737.0514028475,NA,1.2601941187648762
18057111101,2025,348725.99647422566,NA,1.2847811954439736
18057111101,2026,348851.83385144523,NA,1.2843045232938997
18057111101,2027,377251.1855309155,NA,1.3092673373267227
18057111101,2028,408157.91692075046,NA,1.3356413946779655
18057111103,2024,278296.453596845,NA,0.5925757330074267
18057111103,2025,300366.69713705365,NA,0.5725074841158716
18057111103,2026,300512.6650659974,NA,0.5721556240107193
18057111103,2027,324689.51694004546,NA,0.5460212472764076
18057111103,2028,351019.69302697666,NA,0.5124467382913036
18057111104,2024,322737.0514028475,NA,1.2601941187648762
18057111104,2025,348725.99647422566,NA,1.2847811954439736
18057111104,2026,348851.83385144523,NA,1.2843045232938997
18057111104,2027,377251.1855309155,NA,1.3092673373267227
18057111104,2028,408157.91692075046,NA,1.3356413946779655
18059410801,2024,225327.2137918228,NA,-0.20316600133647245
18059410801,2025,247645.10201122705,NA,-0.20401754296501273
18059410801,2026,247645.1172390108,NA,-0.20670687898133727
18059410801,2027,272173.5507439406,NA,-0.21656119995118908
18059410801,2028,299131.46319133596,NA,-0.23511086184468558
18059410802,2024,300283.2652560791,NA,0.9228773138270326
18059410802,2025,325761.09273996553,NA,0.9465360711908851
18059410802,2026,325778.963420152,NA,0.9443872327447201
18059410802,2027,353459.6597509771,NA,0.9637914512924765
18059410802,2028,383514.3627823247,NA,0.9805998708314737
18059410901,2024,224900.77747719284,NA,-0.20957223208171155
18059410901,2025,247295.0065411484,NA,-0.20917402379103645
18059410901,2026,247295.17846691931,NA,-0.21186229471609208
18059410901,2027,271919.6805486455,NA,-0.22024763988230148
18059410901,2028,298996.3825477516,NA,-0.23705697875911144
18059410902,2024,224995.94010721345,NA,-0.20814263111828316
18059410902,2025,247301.33908023903,NA,-0.20908075318575406
18059410902,2026,247301.3626374819,NA,-0.21177118743456885
18059410902,2027,271818.1036801805,NA,-0.22172263391833422
18059410902,2028,298765.3918418684,NA,-0.2403848790997229
18063210106,2024,414379.97826295474,NA,2.6369195886497336
18063210106,2025,441001.52497485414,NA,2.6438875938153
18063210106,2026,441289.85306372575,NA,2.6461325250563252
18063210106,2027,470331.92819699267,NA,2.6608894376799674
18063210106,2028,501716.43737806455,NA,2.683545982035912
18063210107,2024,416137.227864706,NA,2.6633182466429357
18063210107,2025,442798.62562033866,NA,2.670356702423858
18063210107,2026,443088.9510598898,NA,2.6726374420803953
18063210107,2027,472173.8158483912,NA,2.687635421700842
18063210107,2028,503602.30020114937,NA,2.710715748487313
18063210108,2024,287176.0135016118,NA,0.7259708208893515
18063210108,2025,311744.2389245688,NA,0.7400848482600788
18063210108,2026,311824.05603338586,NA,0.7387988416990718
18063210108,2027,338684.8879635837,NA,0.7492475241220875
18063210108,2028,367966.6224599352,NA,0.7566024155365229
18063210109,2024,287176.0135016118,NA,0.7259708208893515
18063210109,2025,311744.2389245688,NA,0.7400848482600788
18063210109,2026,311824.05603338586,NA,0.7387988416990718
18063210109,2027,338684.8879635837,NA,0.7492475241220875
18063210109,2028,367966.6224599352,NA,0.7566024155365229
18063210607,2024,264066.7633851426,NA,0.3788071682721845
18063210607,2025,287366.99670016504,NA,0.3810376943702025
18063210607,2026,287523.0002731558,NA,0.38078751163505836
18063210607,2027,313264.8006110343,NA,0.38012335434752176
18063210607,2028,341538.0930719335,NA,0.375844620040336
18063210608,2024,264066.7633851426,NA,0.3788071682721845
18063210608,2025,287366.99670016504,NA,0.3810376943702025
18063210608,2026,287523.0002731558,NA,0.38078751163505836
18063210608,2027,313264.8006110343,NA,0.38012335434752176
18063210608,2028,341538.0930719335,NA,0.375844620040336
18063210611,2024,287176.0135016118,NA,0.7259708208893515
18063210611,2025,311744.2389245688,NA,0.7400848482600788
18063210611,2026,311824.05603338586,NA,0.7387988416990718
18063210611,2027,338684.8879635837,NA,0.7492475241220875
18063210611,2028,367966.6224599352,NA,0.7566024155365229
18063210614,2024,264066.7633500627,NA,0.3788071677451893
18063210614,2025,287366.99664135725,NA,0.3810376935040353
18063210614,2026,287523.0002169756,NA,0.3807875108073923
18063210614,2027,313264.8005339944,NA,0.3801233532288276
18063210614,2028,341538.0929750294,NA,0.3758446186442312
18063210616,2024,287176.0135016118,NA,0.7259708208893515
18063210616,2025,311744.2389245688,NA,0.7400848482600788
18063210616,2026,311824.05603338586,NA,0.7387988416990718
18063210616,2027,338684.8879635837,NA,0.7492475241220875
18063210616,2028,367966.6224599352,NA,0.7566024155365229
18063210617,2024,287176.0135016118,NA,0.7259708208893515
18063210617,2025,311744.2389245688,NA,0.7400848482600788
18063210617,2026,311824.05603338586,NA,0.7387988416990718
18063210617,2027,338684.8879635837,NA,0.7492475241220875
18063210617,2028,367966.6224599352,NA,0.7566024155365229
18097310104,2024,255151.7405387399,NA,0.24487933076451135
18097310104,2025,278356.1408896926,NA,0.24831873858843054
18097310104,2026,278415.33113448333,NA,0.24661026541617923
18097310104,2027,303871.84560275445,NA,0.24372859412993184
18097310104,2028,331735.2722038388,NA,0.23461464811937593
18097310105,2024,311660.0661203283,NA,1.0937877381473855
18097310105,2025,335714.39961896645,NA,1.0931361859126485
18097310105,2026,335874.3882508578,NA,1.093116428169933
18097310105,2027,362175.34698701586,NA,1.0903516306655394
18097310105,2028,390764.07520715514,NA,1.0850470188484547
18097310106,2024,260670.20078437592,NA,0.327781580125355
18097310106,2025,283570.98300227604,NA,0.32512702564863577
18097310106,2026,283650.84502744034,NA,0.3237416176866295
18097310106,2027,308755.90343080857,NA,0.3146498213432066
18097310106,2028,336191.78541600774,NA,0.29881996659749865
18097310108,2024,261223.39934508357,NA,0.33609212382495174
18097310108,2025,284623.9187999779,NA,0.34063549038445246
18097310108,2026,284694.0353213935,NA,0.339110248100591
18097310108,2027,310359.1548938031,NA,0.337930577896483
18097310108,2028,338432.61975926935,NA,0.3311038342348628
18097310110,2024,224709.86374248657,NA,-0.2124402744950903
18097310110,2025,246663.43763148037,NA,-0.218476266325864
18097310110,2026,246709.7220193894,NA,-0.22048743609031018
18097310110,2027,270919.6639445653,NA,-0.23476884484994961
18097310110,2028,297567.7409946572,NA,-0.25763952424714825
18097310111,2024,224709.86374248657,NA,-0.2124402744950903
18097310111,2025,246663.43763148037,NA,-0.218476266325864
18097310111,2026,246709.7220193894,NA,-0.22048743609031018
18097310111,2027,270919.6639445653,NA,-0.23476884484994961
18097310111,2028,297567.7409946572,NA,-0.25763952424714825
18097310112,2024,416137.227864706,NA,2.6633182466429357
18097310112,2025,442798.62562033866,NA,2.670356702423858
18097310112,2026,443088.9510598898,NA,2.6726374420803953
18097310112,2027,472173.8158483912,NA,2.687635421700842
18097310112,2028,503602.30020114937,NA,2.710715748487313
18097310113,2024,416056.1420630709,NA,2.6621001178447634
18097310113,2025,442715.69313851057,NA,2.669135207748977
18097310113,2026,443005.92679079814,NA,2.6714143006128652
18097310113,2027,472088.80867707945,NA,2.6864010356383488
18097310113,2028,503515.254349565,NA,2.709461672406508
18097310201,2024,255151.7405387399,NA,0.24487933076451135
18097310201,2025,278356.1408896926,NA,0.24831873858843054
18097310201,2026,278415.33113448333,NA,0.24661026541617923
18097310201,2027,303871.84560275445,NA,0.24372859412993184
18097310201,2028,331735.2722038388,NA,0.23461464811937593
18097310203,2024,304932.8155269603,NA,0.9927261772445395
18097310203,2025,328856.58896260645,NA,0.9921289687953337
18097310203,2026,329005.89254368964,NA,0.9919274383612463
18097310203,2027,355170.16616643476,NA,0.9886296531343182
18097310203,2028,383627.0335805306,NA,0.9822231274308797
18097310204,2024,256370.59414692185,NA,0.2631898197890126
18097310204,2025,279506.2243108676,NA,0.2652580697608237
18097310204,2026,279569.8940553228,NA,0.263619674843106
18097310204,2027,304946.0914226463,NA,0.2593276788577667
18097310204,2028,332711.3134436555,NA,0.2486765471123138
18097310305,2024,224709.86374248657,NA,-0.2124402744950903
18097310305,2025,246663.43763148037,NA,-0.218476266325864
18097310305,2026,246709.7220193894,NA,-0.22048743609031018
18097310305,2027,270919.6639445653,NA,-0.23476884484994961
18097310305,2028,297567.7409946572,NA,-0.25763952424714825
18097310306,2024,224709.86374248657,NA,-0.2124402744950903
18097310306,2025,246663.43763148037,NA,-0.218476266325864
18097310306,2026,246709.7220193894,NA,-0.22048743609031018
18097310306,2027,270919.6639445653,NA,-0.23476884484994961
18097310306,2028,297567.7409946572,NA,-0.25763952424714825
18097310308,2024,260412.19607957857,NA,0.32390564926397114
18097310308,2025,283980.3181465187,NA,0.3311560348849761
18097310308,2026,284025.03128108557,NA,0.329254255478212
18097310308,2027,309832.36256749765,NA,0.3302810455642656
18097310308,2028,338043.37045135244,NA,0.32549589040246235
18097310309,2024,224709.86374257,NA,-0.2124402744938368
18097310309,2025,246663.4376315899,NA,-0.21847626632425052
18097310309,2026,246709.7220194933,NA,-0.2204874360887795
18097310309,2027,270919.6639446866,NA,-0.23476884484818814
18097310309,2028,297567.7409947909,NA,-0.257639524245222
18097310310,2024,224709.86374248657,NA,-0.2124402744950903
18097310310,2025,246663.43763148037,NA,-0.218476266325864
18097310310,2026,246709.7220193894,NA,-0.22048743609031018
18097310310,2027,270919.6639445653,NA,-0.23476884484994961
18097310310,2028,297567.7409946572,NA,-0.25763952424714825
18097310311,2024,268025.01791112905,NA,0.43827089350360465
18097310311,2025,291951.92476314143,NA,0.44856811297323473
18097310311,2026,291996.3805548427,NA,0.4466908551083008
18097310311,2027,318164.61232665787,NA,0.45127334319285284
18097310311,2028,346736.1493950812,NA,0.4507334054664854
18097310312,2024,224709.86374248657,NA,-0.2124402744950903
18097310312,2025,246663.43763148037,NA,-0.218476266325864
18097310312,2026,246709.7220193894,NA,-0.22048743609031018
18097310312,2027,270919.6639445653,NA,-0.23476884484994961
18097310312,2028,297567.7409946572,NA,-0.25763952424714825
18097320105,2024,305659.5079597998,NA,1.0036430697461278
18097320105,2025,326911.4115244342,NA,0.9634788689785725
18097320105,2026,327132.71703641233,NA,0.9643311865185101
18097320105,2027,350407.8967404912,NA,0.9194769109067067
18097320105,2028,375668.0515174768,NA,0.867557478796724
18097320106,2024,305659.5079597998,NA,1.0036430697461278
18097320106,2025,326911.4115244342,NA,0.9634788689785725
18097320106,2026,327132.71703641233,NA,0.9643311865185101
18097320106,2027,350407.8967404912,NA,0.9194769109067067
18097320106,2028,375668.0515174768,NA,0.867557478796724
18097320107,2024,305659.5079597998,NA,1.0036430697461278
18097320107,2025,326911.4115244342,NA,0.9634788689785725
18097320107,2026,327132.71703641233,NA,0.9643311865185101
18097320107,2027,350407.8967404912,NA,0.9194769109067067
18097320107,2028,375668.0515174768,NA,0.867557478796724
18097320108,2024,305659.5079597998,NA,1.0036430697461278
18097320108,2025,326911.4115244342,NA,0.9634788689785725
18097320108,2026,327132.71703641233,NA,0.9643311865185101
18097320108,2027,350407.8967404912,NA,0.9194769109067067
18097320108,2028,375668.0515174768,NA,0.867557478796724
18097320109,2024,305659.5079597998,NA,1.0036430697461278
18097320109,2025,326911.4115244342,NA,0.9634788689785725
18097320109,2026,327132.71703641233,NA,0.9643311865185101
18097320109,2027,350407.8967404912,NA,0.9194769109067067
18097320109,2028,375668.0515174768,NA,0.867557478796724
18097320202,2024,345765.28677459515,NA,1.6061407100515535
18097320202,2025,369662.87544450304,NA,1.5931559794500738
18097320202,2026,369718.944202198,NA,1.591725814161915
18097320202,2027,395397.6225311106,NA,1.5727710932015706
18097320202,2028,422930.5100226681,NA,1.5484712461112402
18097320206,2024,322737.0514028475,NA,1.2601941187648762
18097320206,2025,348725.99647422566,NA,1.2847811954439736
18097320206,2026,348851.83385144523,NA,1.2843045232938997
18097320206,2027,377251.1855309155,NA,1.3092673373267227
18097320206,2028,408157.91692075046,NA,1.3356413946779655
18097320301,2024,345765.28677459515,NA,1.6061407100515535
18097320301,2025,369662.87544450304,NA,1.5931559794500738
18097320301,2026,369718.944202198,NA,1.591725814161915
18097320301,2027,395397.6225311106,NA,1.5727710932015706
18097320301,2028,422930.5100226681,NA,1.5484712461112402
18097320305,2024,345765.28677459515,NA,1.6061407100515535
18097320305,2025,369662.87544450304,NA,1.5931559794500738
18097320305,2026,369718.944202198,NA,1.591725814161915
18097320305,2027,395397.6225311106,NA,1.5727710932015706
18097320305,2028,422930.5100226681,NA,1.5484712461112402
18097320306,2024,345765.28677459515,NA,1.6061407100515535
18097320306,2025,369662.87544450304,NA,1.5931559794500738
18097320306,2026,369718.944202198,NA,1.591725814161915
18097320306,2027,395397.6225311106,NA,1.5727710932015706
18097320306,2028,422930.5100226681,NA,1.5484712461112402
18097320400,2024,345765.28677459515,NA,1.6061407100515535
18097320400,2025,369662.87544450304,NA,1.5931559794500738
18097320400,2026,369718.944202198,NA,1.591725814161915
18097320400,2027,395397.6225311106,NA,1.5727710932015706
18097320400,2028,422930.5100226681,NA,1.5484712461112402
18097320500,2024,345765.28677459515,NA,1.6061407100515535
18097320500,2025,369662.87544450304,NA,1.5931559794500738
18097320500,2026,369718.944202198,NA,1.591725814161915
18097320500,2027,395397.6225311106,NA,1.5727710932015706
18097320500,2028,422930.5100226681,NA,1.5484712461112402
18097320600,2024,345765.28677459515,NA,1.6061407100515535
18097320600,2025,369662.87544450304,NA,1.5931559794500738
18097320600,2026,369718.944202198,NA,1.591725814161915
18097320600,2027,395397.6225311106,NA,1.5727710932015706
18097320600,2028,422930.5100226681,NA,1.5484712461112402
18097320700,2024,345734.7262446327,NA,1.605681607953726
18097320700,2025,369630.323097554,NA,1.5926765229382625
18097320700,2026,369686.5061424968,NA,1.591247925751925
18097320700,2027,395363.3338714255,NA,1.5722731888134613
18097320700,2028,422894.42293476703,NA,1.5479513367423394
18097320800,2024,309092.67606377334,NA,1.055218571894283
18097320800,2025,330552.1709576837,NA,1.0171028310524004
18097320800,2026,330762.1690683965,NA,1.0178014950596188
18097320800,2027,354226.65533958894,NA,0.9749289665157943
18097320800,2028,379663.7092741048,NA,0.9251232183290041
18097320901,2024,305659.5079597998,NA,1.0036430697461278
18097320901,2025,326911.4115244342,NA,0.9634788689785725
18097320901,2026,327132.71703641233,NA,0.9643311865185101
18097320901,2027,350407.8967404912,NA,0.9194769109067067
18097320901,2028,375668.0515174768,NA,0.867557478796724
18097320902,2024,305659.5079597998,NA,1.0036430697461278
18097320902,2025,326911.4115244342,NA,0.9634788689785725
18097320902,2026,327132.71703641233,NA,0.9643311865185101
18097320902,2027,350407.8967404912,NA,0.9194769109067067
18097320902,2028,375668.0515174768,NA,0.867557478796724
18097320903,2024,305529.37345680594,NA,1.001688096340969
18097320903,2025,326783.7899426533,NA,0.9615991581691403
18097320903,2026,327004.84477484255,NA,0.9624473293357366
18097320903,2027,350282.88831366075,NA,0.9176616680584562
18097320903,2028,375546.5538727458,NA,0.8658070531606019
18097321001,2024,274312.01182647474,NA,0.532718604296169
18097321001,2025,298466.9712986559,NA,0.5445268311294179
18097321001,2026,298513.74717304506,NA,0.5427068930335329
18097321001,2027,324906.44166194036,NA,0.5491712033234706
18097321001,2028,353693.7517208442,NA,0.5509721014833491
18097321002,2024,273987.0626198226,NA,0.5278369853371876
18097321002,2025,298198.3401802027,NA,0.540570221204513
18097321002,2026,298242.63016453845,NA,0.5387127060411604
18097321002,2027,324698.12760413386,NA,0.5461462824184492
18097321002,2028,353558.09630902944,NA,0.5490177038401279
18097321100,2024,266737.08045981376,NA,0.4189225776695738
18097321100,2025,290619.4454453191,NA,0.42894231189708654
18097321100,2026,290685.09034133726,NA,0.42737248647160564
18097321100,2027,316862.7496772689,NA,0.43236904270987186
18097321100,2028,345485.56932629156,NA,0.43271620507318637
18097321200,2024,322395.5665317627,NA,1.2550640892502096
18097321200,2025,345793.99605200416,NA,1.2415963922939
18097321200,2026,345879.8487804518,NA,1.2405202392407744
18097321200,2027,371177.8718399799,NA,1.2210769687077778
18097321200,2028,398438.2581154539,NA,1.1956095448028843
18097321300,2024,345765.28677459515,NA,1.6061407100515535
18097321300,2025,369662.87544450304,NA,1.5931559794500738
18097321300,2026,369718.944202198,NA,1.591725814161915
18097321300,2027,395397.6225311106,NA,1.5727710932015706
18097321300,2028,422930.5100226681,NA,1.5484712461112402
18097321400,2024,345765.28677459515,NA,1.6061407100515535
18097321400,2025,369662.87544450304,NA,1.5931559794500738
18097321400,2026,369718.944202198,NA,1.591725814161915
18097321400,2027,395397.6225311106,NA,1.5727710932015706
18097321400,2028,422930.5100226681,NA,1.5484712461112402
18097321600,2024,288411.1414377519,NA,0.7445257944864531
18097321600,2025,314165.3948143404,NA,0.7757455322432714
18097321600,2026,314182.3661402086,NA,0.7735422596961107
18097321600,2027,342274.06462668884,NA,0.8013658287356262
18097321600,2028,372896.7846439401,NA,0.8276316301046479
18097321700,2024,330979.6811380547,NA,1.384020786944216
18097321700,2025,356431.16708178946,NA,1.3982689949011322
18097321700,2026,356434.27270056016,NA,1.3960115636910195
18097321700,2027,383849.9073768063,NA,1.4050871387757313
18097321700,2028,413377.92904972134,NA,1.410846499037372
18097321800,2024,287741.1701923698,NA,0.734461008155305
18097321800,2025,310489.13144768495,NA,0.7215986403759926
18097321800,2026,310639.3549958317,NA,0.7213454273960969
18097321800,2027,335548.3313939571,NA,0.7037016995284411
18097321800,2028,362663.0855896368,NA,0.6801939639945945
18097321900,2024,195287.4145333217,NA,-0.65444531078648
18097321900,2025,214740.00823232732,NA,-0.6886695869097574
18097321900,2026,215358.36881838995,NA,-0.6823661202734627
18097321900,2027,238444.64335513985,NA,-0.7063374451947234
18097321900,2028,265181.7348536342,NA,-0.7242271319851764
18097322000,2024,194919.61755453664,NA,-0.6599706195668623
18097322000,2025,214309.13414477347,NA,-0.6950158386061955
18097322000,2026,214929.9535655357,NA,-0.6886776779278867
18097322000,2027,237952.1502398725,NA,-0.7134889199230159
18097322000,2028,264623.66756928345,NA,-0.7322672490044912
18097322100,2024,279920.70273697964,NA,0.6169763631190713
18097322100,2025,309862.1889287055,NA,0.7123645389538569
18097322100,2026,309862.565275585,NA,0.7099014998700882
18097322100,2027,343007.59370366443,NA,0.812017377952941
18097322100,2028,379698.50599144807,NA,0.9256245372329663
18097322200,2024,279920.70273697964,NA,0.6169763631190713
18097322200,2025,309862.1889287055,NA,0.7123645389538569
18097322200,2026,309862.565275585,NA,0.7099014998700882
18097322200,2027,343007.59370366443,NA,0.812017377952941
18097322200,2028,379698.50599144807,NA,0.9256245372329663
18097322300,2024,279920.70273697964,NA,0.6169763631190713
18097322300,2025,309862.1889287055,NA,0.7123645389538569
18097322300,2026,309862.565275585,NA,0.7099014998700882
18097322300,2027,343007.59370366443,NA,0.812017377952941
18097322300,2028,379698.50599144807,NA,0.9256245372329663
18097322400,2024,279920.70273697964,NA,0.6169763631190713
18097322400,2025,309862.1889287055,NA,0.7123645389538569
18097322400,2026,309862.565275585,NA,0.7099014998700882
18097322400,2027,343007.59370366443,NA,0.812017377952941
18097322400,2028,379698.50599144807,NA,0.9256245372329663
18097322500,2024,279920.70273697964,NA,0.6169763631190713
18097322500,2025,309862.1889287055,NA,0.7123645389538569
18097322500,2026,309862.565275585,NA,0.7099014998700882
18097322500,2027,343007.59370366443,NA,0.812017377952941
18097322500,2028,379698.50599144807,NA,0.9256245372329663
18097322601,2024,269459.06870360964,NA,0.4598142282568731
18097322601,2025,298798.3577909406,NA,0.5494077514483399
18097322601,2026,298800.62672207603,NA,0.5469332990765504
18097322601,2027,331339.68329785246,NA,0.642588072623767
18097322601,2028,367424.956470565,NA,0.7487985931981717
18097322602,2024,278971.3020838107,NA,0.6027137887434376
18097322602,2025,308843.54289016634,NA,0.6973611207003946
18097322602,2026,308843.6622148303,NA,0.69489067714756
18097322602,2027,341914.8993277834,NA,0.7961504024103105
18097322602,2028,378527.5788552238,NA,0.9087549025843646
18097322700,2024,165926.5141536148,NA,-1.095525716622911
18097322700,2025,184926.74465215288,NA,-1.1277827293272504
18097322700,2026,185018.08991681912,NA,-1.1293493176800953
18097322700,2027,206423.1748052656,NA,-1.1713200327643642
18097322700,2028,230437.50463776977,NA,-1.22478984998531
18097330103,2024,341196.64918433235,NA,1.5375073746847172
18097330103,2025,366555.7035085307,NA,1.5473911127769875
18097330103,2026,366563.4106603409,NA,1.5452374322772602
18097330103,2027,393824.65797441377,NA,1.5499301317200866
18097330103,2028,423122.5223383045,NA,1.5512375818742516
18097330105,2024,341196.64918433235,NA,1.5375073746847172
18097330105,2025,366555.7035085307,NA,1.5473911127769875
18097330105,2026,366563.4106603409,NA,1.5452374322772602
18097330105,2027,393824.65797441377,NA,1.5499301317200866
18097330105,2028,423122.5223383045,NA,1.5512375818742516
18097330106,2024,341196.64918433235,NA,1.5375073746847172
18097330106,2025,366555.7035085307,NA,1.5473911127769875
18097330106,2026,366563.4106603409,NA,1.5452374322772602
18097330106,2027,393824.65797441377,NA,1.5499301317200866
18097330106,2028,423122.5223383045,NA,1.5512375818742516
18097330107,2024,341196.64918433235,NA,1.5375073746847172
18097330107,2025,366555.7035085307,NA,1.5473911127769875
18097330107,2026,366563.4106603409,NA,1.5452374322772602
18097330107,2027,393824.65797441377,NA,1.5499301317200866
18097330107,2028,423122.5223383045,NA,1.5512375818742516
18097330108,2024,341196.64918433235,NA,1.5375073746847172
18097330108,2025,366555.7035085307,NA,1.5473911127769875
18097330108,2026,366563.4106603409,NA,1.5452374322772602
18097330108,2027,393824.65797441377,NA,1.5499301317200866
18097330108,2028,423122.5223383045,NA,1.5512375818742516
18097330109,2024,341196.64918433235,NA,1.5375073746847172
18097330109,2025,366555.7035085307,NA,1.5473911127769875
18097330109,2026,366563.4106603409,NA,1.5452374322772602
18097330109,2027,393824.65797441377,NA,1.5499301317200866
18097330109,2028,423122.5223383045,NA,1.5512375818742516
18097330204,2024,223943.04768680825,NA,-0.22395993270265183
18097330204,2025,247560.64405080292,NA,-0.20526150608579882
18097330204,2026,247585.07794668764,NA,-0.20759139803733226
18097330204,2027,273748.4038976505,NA,-0.1936928142207315
18097330204,2028,302704.678078649,NA,-0.18363128826140748
18097330210,2024,223943.04768680825,NA,-0.22395993270265183
18097330210,2025,247560.64405080292,NA,-0.20526150608579882
18097330210,2026,247585.07794668764,NA,-0.20759139803733226
18097330210,2027,273748.4038976505,NA,-0.1936928142207315
18097330210,2028,302704.678078649,NA,-0.18363128826140748
18097330211,2024,223943.04768680825,NA,-0.22395993270265183
18097330211,2025,247560.64405080292,NA,-0.20526150608579882
18097330211,2026,247585.07794668764,NA,-0.20759139803733226
18097330211,2027,273748.4038976505,NA,-0.1936928142207315
18097330211,2028,302704.678078649,NA,-0.18363128826140748
18097330212,2024,223943.04768680825,NA,-0.22395993270265183
18097330212,2025,247560.64405080292,NA,-0.20526150608579882
18097330212,2026,247585.07794668764,NA,-0.20759139803733226
18097330212,2027,273748.4038976505,NA,-0.1936928142207315
18097330212,2028,302704.678078649,NA,-0.18363128826140748
18097330401,2024,339972.7015386743,NA,1.5191203593926887
18097330401,2025,364506.11048326554,NA,1.5172030982518132
18097330401,2026,364532.3706096096,NA,1.515315466863494
18097330401,2027,390896.16809304577,NA,1.5074056359871966
18097330401,2028,419198.876912808,NA,1.494709329371523
18097330500,2024,166771.7670543181,NA,-1.0828277241344275
18097330500,2025,185775.70065165136,NA,-1.1152786391355995
18097330500,2026,185867.45588533583,NA,-1.1168361724447586
18097330500,2027,207266.98111411915,NA,-1.1590671518483247
18097330500,2028,231263.6941920996,NA,-1.2128868754099857
18097330600,2024,166771.7670543181,NA,-1.0828277241344275
18097330600,2025,185775.70065165136,NA,-1.1152786391355995
18097330600,2026,185867.45588533583,NA,-1.1168361724447586
18097330600,2027,207266.98111411915,NA,-1.1590671518483247
18097330600,2028,231263.6941920996,NA,-1.2128868754099857
18097330701,2024,166771.7670543181,NA,-1.0828277241344275
18097330701,2025,185775.70065165136,NA,-1.1152786391355995
18097330701,2026,185867.45588533583,NA,-1.1168361724447586
18097330701,2027,207266.98111411915,NA,-1.1590671518483247
18097330701,2028,231263.6941920996,NA,-1.2128868754099857
18097330702,2024,215333.06225738165,NA,-0.3533052803706021
18097330702,2025,238394.98415492105,NA,-0.3402605379223237
18097330702,2026,238406.79570664343,NA,-0.34280894022489167
18097330702,2027,263965.47630949935,NA,-0.33575035217717847
18097330702,2028,292278.0857513974,NA,-0.3338479821522187
18097330803,2024,223943.04768680825,NA,-0.22395993270265183
18097330803,2025,247560.64405080292,NA,-0.20526150608579882
18097330803,2026,247585.07794668764,NA,-0.20759139803733226
18097330803,2027,273748.4038976505,NA,-0.1936928142207315
18097330803,2028,302704.678078649,NA,-0.18363128826140748
18097330804,2024,223512.4728760135,NA,-0.23042833489169234
18097330804,2025,247102.69348920704,NA,-0.21200656134059975
18097330804,2026,247126.44645814615,NA,-0.21434811144279226
18097330804,2027,273259.90762678016,NA,-0.20078625091597935
18097330804,2028,302184.36722436897,NA,-0.19112744557458508
18097330805,2024,166771.7670543181,NA,-1.0828277241344275
18097330805,2025,185775.70065165136,NA,-1.1152786391355995
18097330805,2026,185867.45588533583,NA,-1.1168361724447586
18097330805,2027,207266.98111411915,NA,-1.1590671518483247
18097330805,2028,231263.6941920996,NA,-1.2128868754099857
18097330806,2024,166771.7670543181,NA,-1.0828277241344275
18097330806,2025,185775.70065165136,NA,-1.1152786391355995
18097330806,2026,185867.45588533583,NA,-1.1168361724447586
18097330806,2027,207266.98111411915,NA,-1.1590671518483247
18097330806,2028,231263.6941920996,NA,-1.2128868754099857
18097330900,2024,166771.7670543181,NA,-1.0828277241344275
18097330900,2025,185775.70065165136,NA,-1.1152786391355995
18097330900,2026,185867.45588533583,NA,-1.1168361724447586
18097330900,2027,207266.98111411915,NA,-1.1590671518483247
18097330900,2028,231263.6941920996,NA,-1.2128868754099857
18097331000,2024,165964.59193166337,NA,-1.094953685057877
18097331000,2025,184964.97062235535,NA,-1.1272197072397012
18097331000,2026,185056.33500248217,NA,-1.128785878209739
18097331000,2027,206461.14594964555,NA,-1.1707686551490848
18097331000,2028,230474.6519890972,NA,-1.2242546653220885
18097340101,2024,283045.0517975623,NA,0.6639125651358508
18097340101,2025,307383.0520483953,NA,0.6758498654405533
18097340101,2026,307476.8806618343,NA,0.6747547914262555
18097340101,2027,334133.3042245762,NA,0.6831541411403783
18097340101,2028,363228.4586757288,NA,0.6883393362448945
18097340102,2024,237938.12579819275,NA,-0.013715878424652491
18097340102,2025,260583.1840266061,NA,-0.013455317687323089
18097340102,2026,260588.62889927233,NA,-0.01601871008404389
18097340102,2027,285401.51000634744,NA,-0.024478481554943272
18097340102,2028,312583.79819217336,NA,-0.04130206741663027
18097340108,2024,208124.52361489393,NA,-0.461597093932071
18097340108,2025,232886.3662218223,NA,-0.4213957858120884
18097340108,2026,232943.66678204387,NA,-0.4232935937273926
18097340108,2027,260794.88636515455,NA,-0.3817903741751551
18097340108,2028,292058.26318917924,NA,-0.33701498221346754
18097340111,2024,244931.0703566761,NA,0.09133712689732827
18097340111,2025,267842.67606351315,NA,0.09346817802821623
18097340111,2026,267853.98270218505,NA,0.09101692672245337
18097340111,2027,292935.1954108629,NA,0.08491789193964454
18097340111,2028,320379.1618792212,NA,0.07100631906206935
18097340112,2024,241248.1263180793,NA,0.03600931234774758
18097340112,2025,264020.30525532004,NA,0.037169301101950235
18097340112,2026,264027.57619114354,NA,0.0346450185263708
18097340112,2027,288966.20437959046,NA,0.02728431661228782
18097340112,2028,316269.46279185597,NA,0.011797577565908643
18097340113,2024,285551.91400094505,NA,0.7015724387686199
18097340113,2025,310053.5962599378,NA,0.7151837363380387
18097340113,2026,310130.55135158164,NA,0.7138495609112555
18097340113,2027,336918.41475768166,NA,0.7235966305388202
18097340113,2028,366123.17681891896,NA,0.7300437565931669
18097340114,2024,286881.1330594054,NA,0.7215409163755403
18097340114,2025,311437.25853548583,NA,0.7355634001821699
18097340114,2026,311516.5561679903,NA,0.7342686502172298
18097340114,2027,338364.11580905266,NA,0.7445896032587198
18097340114,2028,367631.84414667095,NA,0.7517792393897526
18097340115,2024,237270.02081110503,NA,-0.023752628491406944
18097340115,2025,259891.38053312572,NA,-0.02364474244253765
18097340115,2026,259895.12745092632,NA,-0.02623560676431078
18097340115,2027,284681.8916629478,NA,-0.03492803351273028
18097340115,2028,311837.24872328603,NA,-0.05205766133671565
18097340201,2024,208124.52361489393,NA,-0.461597093932071
18097340201,2025,232886.3662218223,NA,-0.4213957858120884
18097340201,2026,232943.66678204387,NA,-0.4232935937273926
18097340201,2027,260794.88636515455,NA,-0.3817903741751551
18097340201,2028,292058.26318917924,NA,-0.33701498221346754
18097340202,2024,208124.52361489393,NA,-0.461597093932071
18097340202,2025,232886.3662218223,NA,-0.4213957858120884
18097340202,2026,232943.66678204387,NA,-0.4232935937273926
18097340202,2027,260794.88636515455,NA,-0.3817903741751551
18097340202,2028,292058.26318917924,NA,-0.33701498221346754
18097340301,2024,208124.52361489393,NA,-0.461597093932071
18097340301,2025,232886.3662218223,NA,-0.4213957858120884
18097340301,2026,232943.66678204387,NA,-0.4232935937273926
18097340301,2027,260794.88636515455,NA,-0.3817903741751551
18097340301,2028,292058.26318917924,NA,-0.33701498221346754
18097340302,2024,208124.52361489393,NA,-0.461597093932071
18097340302,2025,232886.3662218223,NA,-0.4213957858120884
18097340302,2026,232943.66678204387,NA,-0.4232935937273926
18097340302,2027,260794.88636515455,NA,-0.3817903741751551
18097340302,2028,292058.26318917924,NA,-0.33701498221346754
18097340400,2024,136759.42565800023,NA,-1.5336945419769379
18097340400,2025,157765.835699794,NA,-1.5278299113109393
18097340400,2026,157832.48121353993,NA,-1.5298568522699698
18097340400,2027,182238.4222230733,NA,-1.5225059509830798
18097340400,2028,210518.54844057097,NA,-1.5117637386525213
18097340500,2024,134233.64175784416,NA,-1.5716386708465677
18097340500,2025,155173.2207263689,NA,-1.5660159792332853
18097340500,2026,155239.5064070644,NA,-1.568057429580196
18097340500,2027,179617.9086694608,NA,-1.560558333590774
18097340500,2028,207924.6133009189,NA,-1.5491347558186301
18097340600,2024,134233.64175784416,NA,-1.5716386708465677
18097340600,2025,155173.2207263689,NA,-1.5660159792332853
18097340600,2026,155239.5064070644,NA,-1.568057429580196
18097340600,2027,179617.9086694608,NA,-1.560558333590774
18097340600,2028,207924.6133009189,NA,-1.5491347558186301
18097340700,2024,134700.58745669565,NA,-1.5646238792124754
18097340700,2025,155651.77059665747,NA,-1.5589675211944396
18097340700,2026,155718.13452926237,NA,-1.561006119039418
18097340700,2027,180100.55500381248,NA,-1.553549843612299
18097340700,2028,208400.8351741917,NA,-1.5422737917455878
18097340800,2024,208124.52361489393,NA,-0.461597093932071
18097340800,2025,232886.3662218223,NA,-0.4213957858120884
18097340800,2026,232943.66678204387,NA,-0.4232935937273926
18097340800,2027,260794.88636515455,NA,-0.3817903741751551
18097340800,2028,292058.26318917924,NA,-0.33701498221346754
18097340901,2024,237270.02081110503,NA,-0.023752628491406944
18097340901,2025,259891.38053312572,NA,-0.02364474244253765
18097340901,2026,259895.12745092632,NA,-0.02623560676431078
18097340901,2027,284681.8916629478,NA,-0.03492803351273028
18097340901,2028,311837.24872328603,NA,-0.05205766133671565
18097340903,2024,208124.52361489393,NA,-0.461597093932071
18097340903,2025,232886.3662218223,NA,-0.4213957858120884
18097340903,2026,232943.66678204387,NA,-0.4232935937273926
18097340903,2027,260794.88636515455,NA,-0.3817903741751551
18097340903,2028,292058.26318917924,NA,-0.33701498221346754
18097340904,2024,208124.52361489393,NA,-0.461597093932071
18097340904,2025,232886.3662218223,NA,-0.4213957858120884
18097340904,2026,232943.66678204387,NA,-0.4232935937273926
18097340904,2027,260794.88636515455,NA,-0.3817903741751551
18097340904,2028,292058.26318917924,NA,-0.33701498221346754
18097341000,2024,204691.961211762,NA,-0.5131634968097819
18097341000,2025,229234.56303901572,NA,-0.47518240889614266
18097341000,2026,229292.46321377112,NA,-0.4770843532198694
18097341000,2027,256922.68036053743,NA,-0.438018537628222
18097341000,2028,287965.5697305485,NA,-0.39597872234716475
18097341100,2024,134233.64175784416,NA,-1.5716386708465677
18097341100,2025,155173.2207263689,NA,-1.5660159792332853
18097341100,2026,155239.5064070644,NA,-1.568057429580196
18097341100,2027,179617.9086694608,NA,-1.560558333590774
18097341100,2028,207924.6133009189,NA,-1.5491347558186301
18097341200,2024,134233.64175784416,NA,-1.5716386708465677
18097341200,2025,155173.2207263689,NA,-1.5660159792332853
18097341200,2026,155239.5064070644,NA,-1.568057429580196
18097341200,2027,179617.9086694608,NA,-1.560558333590774
18097341200,2028,207924.6133009189,NA,-1.5491347558186301
18097341600,2024,134233.64175784416,NA,-1.5716386708465677
18097341600,2025,155173.2207263689,NA,-1.5660159792332853
18097341600,2026,155239.5064070644,NA,-1.568057429580196
18097341600,2027,179617.9086694608,NA,-1.560558333590774
18097341600,2028,207924.6133009189,NA,-1.5491347558186301
18097341701,2024,134233.64175784416,NA,-1.5716386708465677
18097341701,2025,155173.2207263689,NA,-1.5660159792332853
18097341701,2026,155239.5064070644,NA,-1.568057429580196
18097341701,2027,179617.9086694608,NA,-1.560558333590774
18097341701,2028,207924.6133009189,NA,-1.5491347558186301
18097341702,2024,165581.01737024466,NA,-1.1007160159479756
18097341702,2025,187479.4999711653,NA,-1.0901837456755603
18097341702,2026,187510.43359809424,NA,-1.0926312719657927
18097341702,2027,212382.15588001916,NA,-1.0847898839330636
18097341702,2028,240596.2296126256,NA,-1.0784323410338583
18097341902,2024,219888.45628820403,NA,-0.2848708992080701
18097341902,2025,241818.02792288503,NA,-0.28984326302247593
18097341902,2026,241818.80319313484,NA,-0.2925420978917997
18097341902,2027,265937.21407155285,NA,-0.3071188193922148
18097341902,2028,292462.0856365482,NA,-0.3311970820732549
18097341903,2024,205828.85707246183,NA,-0.49608423557643677
18097341903,2025,230377.8860325338,NA,-0.4583426506076284
18097341903,2026,230427.8932615744,NA,-0.4603568157161714
18097341903,2027,258029.45692818516,NA,-0.42194707508787244
18097341903,2028,289008.29557090066,NA,-0.3809560933370295
18097341904,2024,208124.52361489393,NA,-0.461597093932071
18097341904,2025,232886.3662218223,NA,-0.4213957858120884
18097341904,2026,232943.66678204387,NA,-0.4232935937273926
18097341904,2027,260794.88636515455,NA,-0.3817903741751551
18097341904,2028,292058.26318917924,NA,-0.33701498221346754
18097342000,2024,264066.7633851426,NA,0.3788071682721845
18097342000,2025,287366.99670016504,NA,0.3810376943702025
18097342000,2026,287523.0002731558,NA,0.38078751163505836
18097342000,2027,313264.8006110343,NA,0.38012335434752176
18097342000,2028,341538.0930719335,NA,0.375844620040336
18097342101,2024,165796.67241321088,NA,-1.097476291939445
18097342101,2025,186036.91512996217,NA,-1.1114312673070326
18097342101,2026,186058.64591234992,NA,-1.1140194966368577
18097342101,2027,208819.53695865057,NA,-1.136522544538632
18097342101,2028,234390.42623733755,NA,-1.1678398134575874
18097342200,2024,162993.96393214256,NA,-1.1395805795560894
18097342200,2025,183151.8296064638,NA,-1.153925071011537
18097342200,2026,183182.81130350303,NA,-1.1563872597297833
18097342200,2027,205904.26670965937,NA,-1.178855078467531
18097342200,2028,231480.22480088467,NA,-1.2097673027675562
18097342300,2024,162993.96393214256,NA,-1.1395805795560894
18097342300,2025,183151.8296064638,NA,-1.153925071011537
18097342300,2026,183182.81130350303,NA,-1.1563872597297833
18097342300,2027,205904.26670965937,NA,-1.178855078467531
18097342300,2028,231480.22480088467,NA,-1.2097673027675562
18097342400,2024,163651.51483378338,NA,-1.1297023804953308
18097342400,2025,183854.35936426252,NA,-1.1435776614178441
18097342400,2026,183884.29187573437,NA,-1.1460528119116924
18097342400,2027,206649.43643429808,NA,-1.1680344958261881
18097342400,2028,232267.94165024773,NA,-1.1984186073242584
18097342500,2024,162993.96393214256,NA,-1.1395805795560894
18097342500,2025,183151.8296064638,NA,-1.153925071011537
18097342500,2026,183182.81130350303,NA,-1.1563872597297833
18097342500,2027,205904.26670965937,NA,-1.178855078467531
18097342500,2028,231480.22480088467,NA,-1.2097673027675562
18097342600,2024,190554.06718221575,NA,-0.725553033764676
18097342600,2025,213025.7638312615,NA,-0.7139183237278286
18097342600,2026,213047.26127086295,NA,-0.7164141342846568
18097342600,2027,238221.31753220808,NA,-0.7095803513986096
18097342600,2028,266398.9097052668,NA,-0.7066912030487962
18097350100,2024,190229.1027386646,NA,-0.730434881623232
18097350100,2025,208827.69290342124,NA,-0.7757508068525986
18097350100,2026,209475.26446084643,NA,-0.7690379931637131
18097350100,2027,231684.6372883838,NA,-0.804499248986169
18097350100,2028,257517.6673209237,NA,-0.834643924968503
18097350300,2024,205887.32435405065,NA,-0.49520589833344225
18097350300,2025,227194.55372270112,NA,-0.5052292670349329
18097350300,2026,227720.93763203215,NA,-0.5002365968630759
18097350300,2027,252646.62072725565,NA,-0.5001110450280195
18097350300,2028,281236.02892552724,NA,-0.4929317190123819
18097350400,2024,279920.70273776975,NA,0.6169763631309408
18097350400,2025,309862.18892966985,NA,0.7123645389680603
18097350400,2026,309862.565276546,NA,0.7099014998842461
18097350400,2027,343007.5937048209,NA,0.81201737796973406
18097350400,2028,379698.50599282666,NA,0.9256245372528278
18097350500,2024,121063.96806377506,NA,-1.7694829107230887
18097350500,2025,142945.2921811538,NA,-1.7461185068987433
18097350500,2026,142945.94262116373,NA,-1.749170347703693
18097350500,2027,168783.7986805491,NA,-1.717880053199353
18097350500,2028,199292.8312789829,NA,-1.6734934836776256
18097350600,2024,121063.96806377506,NA,-1.7694829107230887
18097350600,2025,142945.2921811538,NA,-1.7461185068987433
18097350600,2026,142945.94262116373,NA,-1.749170347703693
18097350600,2027,168783.7986805491,NA,-1.717880053199353
18097350600,2028,199292.8312789829,NA,-1.6734934836776256
18097350700,2024,121063.96806377506,NA,-1.7694829107230887
18097350700,2025,142945.2921811538,NA,-1.7461185068987433
18097350700,2026,142945.94262116373,NA,-1.749170347703693
18097350700,2027,168783.7986805491,NA,-1.717880053199353
18097350700,2028,199292.8312789829,NA,-1.6734934836776256
18097350800,2024,156631.55513835698,NA,-1.2351612264901952
18097350800,2025,179594.4150644378,NA,-1.2063214641212638
18097350800,2026,179613.86136343336,NA,-1.2089662310955986
18097350800,2027,205989.50463874024,NA,-1.1776173415798121
18097350800,2028,236262.6714997333,NA,-1.1408662362194375
18097350900,2024,279920.70273697964,NA,0.6169763631190713
18097350900,2025,309862.1889287055,NA,0.7123645389538569
18097350900,2026,309862.565275585,NA,0.7099014998700882
18097350900,2027,343007.59370366443,NA,0.812017377952941
18097350900,2028,379698.50599144807,NA,0.9256245372329663
18097351000,2024,213372.14042982596,NA,-0.38276364793856615
18097351000,2025,235988.92557086263,NA,-0.3756988569391342
18097351000,2026,236430.1104585481,NA,-0.3719301323974011
18097351000,2027,262609.3019566659,NA,-0.35544331094307396
18097351000,2028,292432.41252529173,NA,-0.3316245848019026
18097351200,2024,190229.1027386646,NA,-0.730434881623232
18097351200,2025,208827.69290342124,NA,-0.7757508068525986
18097351200,2026,209475.26446084643,NA,-0.7690379931637131
18097351200,2027,231684.6372883838,NA,-0.804499248986169
18097351200,2028,257517.6673209237,NA,-0.834643924968503
18097351500,2024,208458.1752340619,NA,-0.4565847411197469
18097351500,2025,230218.04564877125,NA,-0.46069690521683754
18097351500,2026,230716.68415349716,NA,-0.45610225112656044
18097351500,2027,256079.39792480465,NA,-0.45026381140160726
18097351500,2028,285101.20190194494,NA,-0.437245883447866
18097351600,2024,276213.50621548656,NA,0.5612842104579172
18097351600,2025,304978.65918604354,NA,0.6404360804802393
18097351600,2026,304983.89150837134,NA,0.6380272363984983
18097351600,2027,336756.9074103047,NA,0.7212513881843704
18097351600,2028,371846.542311742,NA,0.8125007104354643
18097351700,2024,280264.84727627295,NA,0.6221463480682659
18097351700,2025,309364.7958280828,NA,0.7050385430311402
18097351700,2026,309365.9628899692,NA,0.7025853864328176
18097351700,2027,341490.0754853163,NA,0.7899815507468098
18097351700,2028,376951.34648458945,NA,0.886046005171975
18097351900,2024,121063.96806377506,NA,-1.7694829107230887
18097351900,2025,142945.2921811538,NA,-1.7461185068987433
18097351900,2026,142945.94262116373,NA,-1.749170347703693
18097351900,2027,168783.7986805491,NA,-1.717880053199353
18097351900,2028,199292.8312789829,NA,-1.6734934836776256
18097352100,2024,121063.96806377506,NA,-1.7694829107230887
18097352100,2025,142945.2921811538,NA,-1.7461185068987433
18097352100,2026,142945.94262116373,NA,-1.749170347703693
18097352100,2027,168783.7986805491,NA,-1.717880053199353
18097352100,2028,199292.8312789829,NA,-1.6734934836776256
18097352300,2024,121063.96806377506,NA,-1.7694829107230887
18097352300,2025,142945.2921811538,NA,-1.7461185068987433
18097352300,2026,142945.94262116373,NA,-1.749170347703693
18097352300,2027,168783.7986805491,NA,-1.717880053199353
18097352300,2028,199292.8312789829,NA,-1.6734934836776256
18097352400,2024,122388.65480343912,NA,-1.7495825208446842
18097352400,2025,144366.8926574392,NA,-1.7251800594615765
18097352400,2026,144371.299445731,NA,-1.7281715113727105
18097352400,2027,170307.655616793,NA,-1.6957521816997365
18097352400,2028,200909.7836591398,NA,-1.6501979300487368
18097352500,2024,163406.6255635169,NA,-1.1333812819362685
18097352500,2025,181910.38464865528,NA,-1.1722100465928136
18097352500,2026,182740.0365596495,NA,-1.1629103662371627
18097352500,2027,205750.2328642244,NA,-1.1810917983703701
18097352500,2028,233486.6734670292,NA,-1.1808602470747678
18097352600,2024,148326.0302038058,NA,-1.359932751254076
18097352600,2025,167971.89835859503,NA,-1.3775070111103658
18097352600,2026,168603.6401980227,NA,-1.371172513926263
18097352600,2027,192658.33571312632,NA,-1.3711987637655316
18097352600,2028,221427.69808550077,NA,-1.3545948054682468
18097352700,2024,157427.2651306523,NA,-1.2232075029397997
18097352700,2025,177519.8985620151,NA,-1.2368765711770897
18097352700,2026,178174.6275353663,NA,-1.2301695081113513
18097352700,2027,202692.61942686423,NA,-1.225491292593349
18097352700,2028,231900.8486579407,NA,-1.2037073434639385
18097352800,2024,241929.88476514313,NA,0.046251174437275534
18097352800,2025,266913.73620094854,NA,0.0797860227327833
18097352800,2026,266917.56846111245,NA,0.07722135704659032
18097352800,2027,294490.41425160464,NA,0.10750116852106743
18097352800,2028,324916.3233464911,NA,0.13637354297094936
18097353300,2024,359626.92511586257,NA,1.8143801368420849
18097353300,2025,381934.1271199407,NA,1.7738966041759305
18097353300,2026,383219.58112099115,NA,1.7906217398244755
18097353300,2027,410317.47516017104,NA,1.7894217340306426
18097353300,2028,441703.2148957663,NA,1.8189310063968973
18097353500,2024,359626.92511586257,NA,1.8143801368420849
18097353500,2025,381934.1271199407,NA,1.7738966041759305
18097353500,2026,383219.58112099115,NA,1.7906217398244755
18097353500,2027,410317.47516017104,NA,1.7894217340306426
18097353500,2028,441703.2148957663,NA,1.8189310063968973
18097353600,2024,316301.4358226198,NA,1.163513707223545
18097353600,2025,340599.9418650701,NA,1.1650942861162972
18097353600,2026,341354.7728353556,NA,1.1738552978600865
18097353600,2027,369464.8161158978,NA,1.1962017484475311
18097353600,2028,401140.6274120216,NA,1.2345427809611114
18097354201,2024,347884.03838291613,NA,1.637970109258627
18097354201,2025,358063.591577266,NA,1.4223126239402781
18097354201,2026,358949.7903808304,NA,1.4330710165559006
18097354201,2027,371640.16017111053,NA,1.22778984085721
18097354201,2028,386244.8103394544,NA,1.0199376325853542
18097354202,2024,351823.9193020058,NA,1.6971578130505849
18097354202,2025,365888.35054257384,NA,1.53756181457906
18097354202,2026,366953.5316390537,NA,1.5509848258001135
18097354202,2027,384314.37991117354,NA,1.411831727661426
18097354202,2028,404363.8663832605,NA,1.280980225399601
18097354400,2024,309318.5073985964,NA,1.058611171423798
18097354400,2025,333831.9477178279,NA,1.0654099570301316
18097354400,2026,334622.41182308656,NA,1.0746718901820518
18097354400,2027,363129.97605871496,NA,1.1042137649157688
18097354400,2028,395397.2913840449,NA,1.1517981101282715
18097354500,2024,162748.65817166172,NA,-1.1432657378103535
18097354500,2025,181222.5797679013,NA,-1.1823405766418222
18097354500,2026,182065.82246380337,NA,-1.1728431151507637
18097354500,2027,205091.67813807,NA,-1.1906546477489535
18097354500,2028,232897.49791031197,NA,-1.189348543295962
18097354700,2024,162748.65817166172,NA,-1.1432657378103535
18097354700,2025,181222.5797679013,NA,-1.1823405766418222
18097354700,2026,182065.82246380337,NA,-1.1728431151507637
18097354700,2027,205091.67813807,NA,-1.1906546477489535
18097354700,2028,232897.49791031197,NA,-1.189348543295962
18097354800,2024,162748.65817166172,NA,-1.1432657378103535
18097354800,2025,181222.5797679013,NA,-1.1823405766418222
18097354800,2026,182065.82246380337,NA,-1.1728431151507637
18097354800,2027,205091.67813807,NA,-1.1906546477489535
18097354800,2028,232897.49791031197,NA,-1.189348543295962
18097354900,2024,162748.65817166172,NA,-1.1432657378103535
18097354900,2025,181222.5797679013,NA,-1.1823405766418222
18097354900,2026,182065.82246380337,NA,-1.1728431151507637
18097354900,2027,205091.67813807,NA,-1.1906546477489535
18097354900,2028,232897.49791031197,NA,-1.189348543295962
18097355000,2024,162748.65817166172,NA,-1.1432657378103535
18097355000,2025,181222.5797679013,NA,-1.1823405766418222
18097355000,2026,182065.82246380337,NA,-1.1728431151507637
18097355000,2027,205091.67813807,NA,-1.1906546477489535
18097355000,2028,232897.49791031197,NA,-1.189348543295962
18097355100,2024,162748.65817166172,NA,-1.1432657378103535
18097355100,2025,181222.5797679013,NA,-1.1823405766418222
18097355100,2026,182065.82246380337,NA,-1.1728431151507637
18097355100,2027,205091.67813807,NA,-1.1906546477489535
18097355100,2028,232897.49791031197,NA,-1.189348543295962
18097355300,2024,163726.57429126068,NA,-1.1285747837412192
18097355300,2025,182249.02284873463,NA,-1.1672223174306051
18097355300,2026,183072.0221817615,NA,-1.158019442348623
18097355300,2027,206079.62161563576,NA,-1.176308756215104
18097355300,2028,233788.42402705387,NA,-1.176512904234084
18097355400,2024,163216.68913799973,NA,-1.1362346425133214
18097355400,2025,181710.59766073947,NA,-1.1751526661366927
18097355400,2026,182544.1814366574,NA,-1.1657957698086818
18097355400,2027,205557.3989360381,NA,-1.1838919328726223
18097355400,2028,233312.03278519172,NA,-1.1833763084130344
18097355500,2024,170157.55866429475,NA,-1.0319639455005043
18097355500,2025,190224.5433936219,NA,-1.0497525919353519
18097355500,2026,190952.102126012,NA,-1.0419274531903229
18097355500,2027,215465.32030950784,NA,-1.0400193646767895
18097355500,2028,244638.23942197103,NA,-1.0201988040184002
18097355600,2024,164687.77982203348,NA,-1.1141348680668852
18097355600,2025,183551.6293248929,NA,-1.1480365070096483
18097355600,2026,184372.49088828955,NA,-1.1388604997938439
18097355600,2027,207777.89214069763,NA,-1.151648231295499
18097355600,2028,235948.8630175234,NA,-1.145387298445037
18097355700,2024,205558.25266042637,NA,-0.5001494482347048
18097355700,2025,230207.5334968492,NA,-0.4608517364399153
18097355700,2026,230607.87762748185,NA,-0.45770522547807546
18097355700,2027,259272.427309345,NA,-0.4038979471035037
18097355700,2028,292165.22436252603,NA,-0.33547398460556815
18097355900,2024,180801.90291963905,NA,-0.8720570072495589
18097355900,2025,203066.7071570247,NA,-0.8606031259460644
18097355900,2026,203585.8725149863,NA,-0.8558024969206363
18097355900,2027,230026.06354874573,NA,-0.8285833383192607
18097355900,2028,260866.6860243719,NA,-0.7863943625399803
18097356200,2024,299763.21293974656,NA,0.9150647166730752
18097356200,2025,313421.2882063256,NA,0.7647857461715352
18097356200,2026,314254.7719171714,NA,0.7746089659647822
18097356200,2027,330672.9303753027,NA,0.6329061775316059
18097356200,2028,349391.1860919286,NA,0.4889847173276761
18097356400,2024,164373.9174080041,NA,-1.118849933312383
18097356400,2025,185770.7386122804,NA,-1.1153517239454904
18097356400,2026,185817.2945585882,NA,-1.117575165988244
18097356400,2027,210116.05819733068,NA,-1.1176958064875178
18097356400,2028,237658.5079331556,NA,-1.1207563165390626
18097356900,2024,177378.8155540972,NA,-0.923481069348496
18097356900,2025,192983.2070530241,NA,-1.0091208286567221
18097356900,2026,194014.5753555011,NA,-0.9968100671395843
18097356900,2027,214059.12301694273,NA,-1.0604387047427188
18097356900,2028,238731.98280802608,NA,-1.1052906838935403
18097357000,2024,177430.6855243867,NA,-0.9227018416255675
18097357000,2025,195964.3360514496,NA,-0.965212421281924
18097357000,2026,196800.04547332137,NA,-0.9557735841335075
18097357000,2027,219690.35977017597,NA,-0.978667719359666
18097357000,2028,247095.8519755877,NA,-0.984791796524307
18097357100,2024,179884.13293173743,NA,-0.8858444031908609
18097357100,2025,202089.04196676705,NA,-0.875002946105697
18097357100,2026,202608.76642352212,NA,-0.8701975526281017
18097357100,2027,228991.80437906832,NA,-0.8436017783444332
18097357100,2028,259781.38010605876,NA,-0.8020304459114406
18097357200,2024,179884.13293173743,NA,-0.8858444031908609
18097357200,2025,202089.04196676705,NA,-0.875002946105697
18097357200,2026,202608.76642352212,NA,-0.8701975526281017
18097357200,2027,228991.80437906832,NA,-0.8436017783444332
18097357200,2028,259781.38010605876,NA,-0.8020304459114406
18097357300,2024,179884.13293173743,NA,-0.8858444031908609
18097357300,2025,202089.04196676705,NA,-0.875002946105697
18097357300,2026,202608.76642352212,NA,-0.8701975526281017
18097357300,2027,228991.80437906832,NA,-0.8436017783444332
18097357300,2028,259781.38010605876,NA,-0.8020304459114406
18097357400,2024,179884.13288479086,NA,-0.8858444038961258
18097357400,2025,202089.0418720215,NA,-0.8750029475011837
18097357400,2026,202608.7663330379,NA,-0.8701975539611457
18097357400,2027,228991.80424239405,NA,-0.8436017803290753
18097357400,2028,259781.37992281216,NA,-0.8020304485514879
18097357500,2024,179884.13293173743,NA,-0.8858444031908609
18097357500,2025,202089.04196676705,NA,-0.875002946105697
18097357500,2026,202608.76642352212,NA,-0.8701975526281017
18097357500,2027,228991.80437906832,NA,-0.8436017783444332
18097357500,2028,259781.38010605876,NA,-0.8020304459114406
18097357601,2024,179884.13293173743,NA,-0.8858444031908609
18097357601,2025,202089.04196676705,NA,-0.875002946105697
18097357601,2026,202608.76642352212,NA,-0.8701975526281017
18097357601,2027,228991.80437906832,NA,-0.8436017783444332
18097357601,2028,259781.38010605876,NA,-0.8020304459114406
18097357602,2024,179884.13293173743,NA,-0.8858444031908609
18097357602,2025,202089.04196676705,NA,-0.875002946105697
18097357602,2026,202608.76642352212,NA,-0.8701975526281017
18097357602,2027,228991.80437906832,NA,-0.8436017783444332
18097357602,2028,259781.38010605876,NA,-0.8020304459114406
18097357800,2024,176646.34373826493,NA,-0.9344847838672221
18097357800,2025,192549.6977511333,NA,-1.015505893857939
18097357800,2026,193511.52133663595,NA,-1.0042212282086722
18097357800,2027,213693.05314271033,NA,-1.0657543921568284
18097357800,2028,238318.31255670145,NA,-1.1112504620803745
18097357900,2024,176894.23406303313,NA,-0.9307607984431493
18097357900,2025,192481.76120549627,NA,-1.0165065166163112
18097357900,2026,193475.9549046597,NA,-1.0047452048516248
18097357900,2027,213388.48509745504,NA,-1.070177013735013
18097357900,2028,237800.7385134164,NA,-1.1187071899532741
18097358000,2024,177378.8155540972,NA,-0.923481069348496
18097358000,2025,192983.2070530241,NA,-1.0091208286567221
18097358000,2026,194014.5753555011,NA,-0.9968100671395843
18097358000,2027,214059.12301694273,NA,-1.0604387047427188
18097358000,2028,238731.98280802608,NA,-1.1052906838935403
18097358100,2024,214179.47411752355,NA,-0.37063530493784536
18097358100,2025,237801.9008662573,NA,-0.34899593402882817
18097358100,2026,237808.256898012,NA,-0.3516268153446941
18097358100,2027,264051.1564745435,NA,-0.33450619359701933
18097358100,2028,293198.19926432,NA,-0.32059183809504266
18097360101,2024,121063.96806377506,NA,-1.7694829107230887
18097360101,2025,142945.2921811538,NA,-1.7461185068987433
18097360101,2026,142945.94262116373,NA,-1.749170347703693
18097360101,2027,168783.7986805491,NA,-1.717880053199353
18097360101,2028,199292.8312789829,NA,-1.6734934836776256
18097360102,2024,121063.968063937,NA,-1.769482910720656
18097360102,2025,142945.29218139197,NA,-1.7461185068952354
18097360102,2026,142945.94262140064,NA,-1.7491703477002027
18097360102,2027,168783.7986808819,NA,-1.7178800531945204
18097360102,2028,199292.83127943744,NA,-1.6734934836710769
18097360201,2024,166667.9608190212,NA,-1.0843871755068641
18097360201,2025,185752.11612514075,NA,-1.115626010550361
18097360201,2026,185839.57188525196,NA,-1.1172469689161557
18097360201,2027,207327.9752692725,NA,-1.1581814579256473
18097360201,2028,231427.74617456988,NA,-1.210523366253834
18097360202,2024,166771.7670543181,NA,-1.0828277241344275
18097360202,2025,185775.70065165136,NA,-1.1152786391355995
18097360202,2026,185867.45588533583,NA,-1.1168361724447586
18097360202,2027,207266.98111411915,NA,-1.1590671518483247
18097360202,2028,231263.6941920996,NA,-1.2128868754099857
18097360301,2024,195837.4233273928,NA,-0.6461826860384267
18097360301,2025,218485.4221909307,NA,-0.6335041908572986
18097360301,2026,218522.64794313625,NA,-0.6357488955190477
18097360301,2027,243873.79332633497,NA,-0.6275009546703105
18097360301,2028,272208.83888420474,NA,-0.6229871197196013
18097360302,2024,191706.8836958984,NA,-0.7082346011166932
18097360302,2025,214203.183265415,NA,-0.6965763663039394
18097360302,2026,214232.43667577236,NA,-0.6989537314421936
18097360302,2027,239435.05314475487,NA,-0.6919557404327379
18097360302,2028,267636.61829909426,NA,-0.688859442955994
18097360401,2024,224916.32704469527,NA,-0.20933863537807323
18097360401,2025,247222.05059965217,NA,-0.2102485761506696
18097360401,2026,247222.07779637296,NA,-0.212939238390848
18097360401,2027,271739.9988754472,NA,-0.22285679096519004
18097360401,2028,298689.4849839049,NA,-0.24147847486802687
18097360402,2024,223943.04768680825,NA,-0.22395993270265183
18097360402,2025,247560.64405080292,NA,-0.20526150608579882
18097360402,2026,247585.07794668764,NA,-0.20759139803733226
18097360402,2027,273748.4038976505,NA,-0.1936928142207315
18097360402,2028,302704.678078649,NA,-0.18363128826140748
18097360405,2024,224995.94010721345,NA,-0.20814263111828316
18097360405,2025,247301.33908023903,NA,-0.20908075318575406
18097360405,2026,247301.3626374819,NA,-0.21177118743456885
18097360405,2027,271818.1036801805,NA,-0.22172263391833422
18097360405,2028,298765.3918418684,NA,-0.2403848790997229
18097360406,2024,223943.04768680825,NA,-0.22395993270265183
18097360406,2025,247560.64405080292,NA,-0.20526150608579882
18097360406,2026,247585.07794668764,NA,-0.20759139803733226
18097360406,2027,273748.4038976505,NA,-0.1936928142207315
18097360406,2028,302704.678078649,NA,-0.18363128826140748
18097360407,2024,223956.07749770637,NA,-0.2237641895815421
18097360407,2025,247550.3781006841,NA,-0.20541271105550832
18097360407,2026,247573.81453157624,NA,-0.20775733445856776
18097360407,2027,273706.5668519655,NA,-0.194300328449149
18097360407,2028,302624.80802315666,NA,-0.18478198211231933
18097360501,2024,224995.94010721345,NA,-0.20814263111828316
18097360501,2025,247301.33908023903,NA,-0.20908075318575406
18097360501,2026,247301.3626374819,NA,-0.21177118743456885
18097360501,2027,271818.1036801805,NA,-0.22172263391833422
18097360501,2028,298765.3918418684,NA,-0.2403848790997229
18097360502,2024,224650.68912814444,NA,-0.21332923779566
18097360502,2025,246957.51994495775,NA,-0.21414479122743388
18097360502,2026,246957.56125360276,NA,-0.21683618510112532
18097360502,2027,271479.4575958123,NA,-0.22664010147091104
18097360502,2028,298436.32977147447,NA,-0.245125700908805
18097360601,2024,195837.4233273928,NA,-0.6461826860384267
18097360601,2025,218485.4221909307,NA,-0.6335041908572986
18097360601,2026,218522.64794313625,NA,-0.6357488955190477
18097360601,2027,243873.79332633497,NA,-0.6275009546703105
18097360601,2028,272208.83888420474,NA,-0.6229871197196013
18097360602,2024,195837.4233273928,NA,-0.6461826860384267
18097360602,2025,218485.4221909307,NA,-0.6335041908572986
18097360602,2026,218522.64794313625,NA,-0.6357488955190477
18097360602,2027,243873.79332633497,NA,-0.6275009546703105
18097360602,2028,272208.83888420474,NA,-0.6229871197196013
18097360700,2024,195837.4233273928,NA,-0.6461826860384267
18097360700,2025,218485.4221909307,NA,-0.6335041908572986
18097360700,2026,218522.64794313625,NA,-0.6357488955190477
18097360700,2027,243873.79332633497,NA,-0.6275009546703105
18097360700,2028,272208.83888420474,NA,-0.6229871197196013
18097360800,2024,195837.4233273928,NA,-0.6461826860384267
18097360800,2025,218485.4221909307,NA,-0.6335041908572986
18097360800,2026,218522.64794313625,NA,-0.6357488955190477
18097360800,2027,243873.79332633497,NA,-0.6275009546703105
18097360800,2028,272208.83888420474,NA,-0.6229871197196013
18097360900,2024,158867.09096445556,NA,-1.2015774113930613
18097360900,2025,180310.7269978134,NA,-1.195771059829904
18097360900,2026,180311.20701818017,NA,-1.1986927002731707
18097360900,2027,204650.42147858685,NA,-1.1970621197544689
18097360900,2028,232275.66480239024,NA,-1.1983073392948915
18097361000,2024,195837.4233273928,NA,-0.6461826860384267
18097361000,2025,218485.4221909307,NA,-0.6335041908572986
18097361000,2026,218522.64794313625,NA,-0.6357488955190477
18097361000,2027,243873.79332633497,NA,-0.6275009546703105
18097361000,2028,272208.83888420474,NA,-0.6229871197196013
18097361100,2024,195791.6197212693,NA,-0.6468707805081623
18097361100,2025,218447.5587501896,NA,-0.63406187332644
18097361100,2026,218483.94324316425,NA,-0.6363191061820503
18097361100,2027,243843.6257876051,NA,-0.6279390164099642
18097361100,2028,272188.78188847157,NA,-0.6232760823541664
18097361200,2024,195805.1899346632,NA,-0.646666919074975
18097361200,2025,218518.07579360952,NA,-0.6330232429716373
18097361200,2026,218559.24392579225,NA,-0.6352097511890669
18097361200,2027,243999.5040568123,NA,-0.6256755136961849
18097361200,2028,272448.2951794608,NA,-0.6195372550010306
18097361300,2024,195837.4233273928,NA,-0.6461826860384267
18097361300,2025,218485.4221909307,NA,-0.6335041908572986
18097361300,2026,218522.64794313625,NA,-0.6357488955190477
18097361300,2027,243873.79332633497,NA,-0.6275009546703105
18097361300,2028,272208.83888420474,NA,-0.6229871197196013
18097361401,2024,300064.7652730308,NA,0.9195948510976264
18097361401,2025,325534.60238054197,NA,0.943200143435566
18097361401,2026,325552.4147549802,NA,0.9410496415823175
18097361401,2027,353225.2046238869,NA,0.960386936865114
18097361401,2028,383272.2218233995,NA,0.9771113279630399
18097361402,2024,220676.96750770588,NA,-0.27302532076168035
18097361402,2025,246554.66904468945,NA,-0.2200782954299112
18097361402,2026,246639.24519445235,NA,-0.22152572438870136
18097361402,2027,275741.0640917733,NA,-0.1647574675558176
18097361402,2028,308372.95611645293,NA,-0.10196798349525193
18097361601,2024,267640.77328516473,NA,0.4324984964255522
18097361601,2025,291675.5566787773,NA,0.44449754694269367
18097361601,2026,291683.24802518345,NA,0.44207768132129666
18097361601,2027,317894.1437442131,NA,0.4473458786817989
18097361601,2028,346469.818358148,NA,0.44689635433866326
18097361602,2024,300283.2652560791,NA,0.9228773138270326
18097361602,2025,325761.09273996553,NA,0.9465360711908851
18097361602,2026,325778.963420152,NA,0.9443872327447201
18097361602,2027,353459.6597509771,NA,0.9637914512924765
18097361602,2028,383514.3627823247,NA,0.9805998708314737
18097370201,2024,214011.1089842148,NA,-0.3731646061639023
18097370201,2025,237622.11173880525,NA,-0.3516440093901738
18097370201,2026,237628.36483091145,NA,-0.3542770458057112
18097370201,2027,263859.12271340424,NA,-0.33729470890249913
18097370201,2028,292993.4006995918,NA,-0.32354238630307525
18097370203,2024,163073.90740196794,NA,-1.1383796116818574
18097370203,2025,183237.24076545416,NA,-1.1526670684342306
18097370203,2026,183268.0950057741,NA,-1.1551308315324198
18097370203,2027,205994.86052601572,NA,-1.1775395689342445
18097370203,2028,231575.988594984,NA,-1.208387626638238
18097370204,2024,214179.47411752355,NA,-0.37063530493784536
18097370204,2025,237801.9008662573,NA,-0.34899593402882817
18097370204,2026,237808.256898012,NA,-0.3516268153446941
18097370204,2027,264051.1564745435,NA,-0.33450619359701933
18097370204,2028,293198.19926432,NA,-0.32059183809504266
18097370303,2024,171444.61949873442,NA,-1.0126287988309832
18097370303,2025,192077.36235478515,NA,-1.0224628202476878
18097370303,2026,192091.5735409019,NA,-1.0251403769069014
18097370303,2027,215240.05551652316,NA,-1.0432904265947403
18097370303,2028,241195.00249906487,NA,-1.0698057753670225
18097370304,2024,214179.47411752355,NA,-0.37063530493784536
18097370304,2025,237801.9008662573,NA,-0.34899593402882817
18097370304,2026,237808.256898012,NA,-0.3516268153446941
18097370304,2027,264051.1564745435,NA,-0.33450619359701933
18097370304,2028,293198.19926432,NA,-0.32059183809504266
18097370305,2024,214179.47411752355,NA,-0.37063530493784536
18097370305,2025,237801.9008662573,NA,-0.34899593402882817
18097370305,2026,237808.256898012,NA,-0.3516268153446941
18097370305,2027,264051.1564745435,NA,-0.33450619359701933
18097370305,2028,293198.19926432,NA,-0.32059183809504266
18097370306,2024,214179.47411752355,NA,-0.37063530493784536
18097370306,2025,237801.9008662573,NA,-0.34899593402882817
18097370306,2026,237808.256898012,NA,-0.3516268153446941
18097370306,2027,264051.1564745435,NA,-0.33450619359701933
18097370306,2028,293198.19926432,NA,-0.32059183809504266
18097380101,2024,265986.6141172732,NA,0.40764853652459704
18097380101,2025,288259.9249029746,NA,0.3941894416800698
18097380101,2026,288345.25003412156,NA,0.39290117177693284
18097380101,2027,312687.2926588604,NA,0.3717373822449107
18097380101,2028,339198.5870522122,NA,0.3421391821954463
18097380102,2024,265986.6141172732,NA,0.40764853652459704
18097380102,2025,288259.9249029746,NA,0.3941894416800698
18097380102,2026,288345.25003412156,NA,0.39290117177693284
18097380102,2027,312687.2926588604,NA,0.3717373822449107
18097380102,2028,339198.5870522122,NA,0.3421391821954463
18097380103,2024,265682.3246892523,NA,0.40307728350893846
18097380103,2025,287972.4498050009,NA,0.3899552828366898
18097380103,2026,288057.69549928437,NA,0.38866482161590477
18097380103,2027,312421.34939385025,NA,0.3678756297047819
18097380103,2028,338959.8709084004,NA,0.3386999808939769
18097380200,2024,225558.3066573949,NA,-0.19969435933591287
18097380200,2025,248752.26786362095,NA,-0.18771033542583793
18097380200,2026,248918.42255290077,NA,-0.18794811666660055
18097380200,2027,274914.3611099199,NA,-0.17676199167859516
18097380200,2028,303871.0851566192,NA,-0.16682677442944552
18097380301,2024,263618.58292418043,NA,0.37207428143790383
18097380301,2025,287249.88474808517,NA,0.3793127776345978
18097380301,2026,287333.4012015837,NA,0.37799427431803917
18097380301,2027,313283.7852843853,NA,0.38039903010315296
18097380301,2028,341690.8318874545,NA,0.37804513955584407
18097380302,2024,234690.9153064542,NA,-0.06249779256929808
18097380302,2025,256785.5565220194,NA,-0.0693897558203925
18097380302,2026,256833.3489790663,NA,-0.07134275741189194
18097380302,2027,281122.7134152005,NA,-0.0866107322209886
18097380302,2028,307773.16422068665,NA,-0.11060923010552025
18097380402,2024,267934.61970803526,NA,0.43691286716272815
18097380402,2025,291415.69253538246,NA,0.4406700639064644
18097380402,2026,291515.31062770233,NA,0.43960357107551473
18097380402,2027,317294.3985747451,NA,0.4386370007505051
18097380402,2028,345489.34055559104,NA,0.4327705374551854
18097380403,2024,179884.13293173743,NA,-0.8858444031908609
18097380403,2025,202089.04196676705,NA,-0.875002946105697
18097380403,2026,202608.76642352212,NA,-0.8701975526281017
18097380403,2027,228991.80437906832,NA,-0.8436017783444332
18097380403,2028,259781.38010605876,NA,-0.8020304459114406
18097380404,2024,262395.4015059543,NA,0.35369877696135615
18097380404,2025,285623.2154652039,NA,0.3553539158830452
18097380404,2026,285715.8709318609,NA,0.35416427413220436
18097380404,2027,311223.29775959434,NA,0.3504787652208593
18097380404,2028,339134.4548756128,NA,0.34121522514040686
18097380501,2024,234775.5155518502,NA,-0.06122686728803803
18097380501,2025,256856.48965280465,NA,-0.06834499700434223
18097380501,2026,256904.90284839904,NA,-0.07028860173306894
18097380501,2027,281178.79818648426,NA,-0.08579632728405798
18097380501,2028,307811.0945595961,NA,-0.11006276488176327
18097380502,2024,234775.5155518502,NA,-0.06122686728803803
18097380502,2025,256856.48965280465,NA,-0.06834499700434223
18097380502,2026,256904.90284839904,NA,-0.07028860173306894
18097380502,2027,281178.79818648426,NA,-0.08579632728405798
18097380502,2028,307811.0945595961,NA,-0.11006276488176327
18097380600,2024,244382.45246720905,NA,0.0830953973111845
18097380600,2025,266461.9659451997,NA,0.07313199587258609
18097380600,2026,266525.2398855627,NA,0.07144144046434216
18097380600,2027,290751.4054633724,NA,0.05320715703343146
18097380600,2028,317264.78080910153,NA,0.02613719853006666
18097380700,2024,250841.5665996838,NA,0.18012882087965595
18097380700,2025,272956.06487643847,NA,0.16878218127404782
18097380700,2026,273027.1963060285,NA,0.16723045017143276
18097380700,2027,297261.78699961025,NA,0.14774417203855275
18097380700,2028,323743.2078703114,NA,0.11947238074527422
18097380800,2024,234775.5155518502,NA,-0.06122686728803803
18097380800,2025,256856.48965280465,NA,-0.06834499700434223
18097380800,2026,256904.90284839904,NA,-0.07028860173306894
18097380800,2027,281178.79818648426,NA,-0.08579632728405798
18097380800,2028,307811.0945595961,NA,-0.11006276488176327
18097380901,2024,248338.9113524757,NA,0.14253214714582932
18097380901,2025,270954.03656856425,NA,0.13929473723373717
18097380901,2026,271026.5065839178,NA,0.13775561601091604
18097380901,2027,295875.69689924846,NA,0.12761680778394177
18097380901,2028,323101.62020536646,NA,0.11022897936884786
18097380902,2024,267934.6277409901,NA,0.43691298783951005
18097380902,2025,291415.7110972235,NA,0.440670337299826
18097380902,2026,291515.32924073254,NA,0.4396038452889384
18097380902,2027,317294.42963473423,NA,0.43863745177148467
18097380902,2028,345489.3861968,NA,0.43277119501148925
18097381002,2024,247105.7253602679,NA,0.12400634681680543
18097381002,2025,269197.03328558913,NA,0.11341621404722799
18097381002,2026,269263.791394387,NA,0.11178670273593211
18097381002,2027,293490.1633759764,NA,0.09297656170473657
18097381002,2028,319986.0898547861,NA,0.06534330106746701
18097381003,2024,234775.5155517272,NA,-0.06122686728988571
18097381003,2025,256856.48965254135,NA,-0.06834499700822035
18097381003,2026,256904.9028481375,NA,-0.07028860173692185
18097381003,2027,281178.7981860597,NA,-0.08579632729022309
18097381003,2028,307811.09455898206,NA,-0.11006276489060968
18097381004,2024,234775.5155518502,NA,-0.06122686728803803
18097381004,2025,256856.48965280465,NA,-0.06834499700434223
18097381004,2026,256904.90284839904,NA,-0.07028860173306894
18097381004,2027,281178.79818648426,NA,-0.08579632728405798
18097381004,2028,307811.0945595961,NA,-0.11006276488176327
18097381101,2024,253465.4849292924,NA,0.2195471952053061
18097381101,2025,275600.5827366015,NA,0.20773271564384346
18097381101,2026,275674.5412180913,NA,0.2062320261711428
18097381101,2027,299919.8065175906,NA,0.18634117739938158
18097381101,2028,326396.88195335126,NA,0.1577040613276353
18097381102,2024,260195.6786824349,NA,0.3206529703553643
18097381102,2025,282397.67793147155,NA,0.3078456677969596
18097381102,2026,282478.1266758847,NA,0.3064647363456134
18097381102,2027,306766.87928403064,NA,0.28576727359038256
18097381102,2028,333252.086995967,NA,0.2564675120433499
18097381203,2024,234775.5155518502,NA,-0.06122686728803803
18097381203,2025,256856.48965280465,NA,-0.06834499700434223
18097381203,2026,256904.90284839904,NA,-0.07028860173306894
18097381203,2027,281178.79818648426,NA,-0.08579632728405798
18097381203,2028,307811.0945595961,NA,-0.11006276488176327
18097381204,2024,234775.5155518502,NA,-0.06122686728803803
18097381204,2025,256856.48965280465,NA,-0.06834499700434223
18097381204,2026,256904.90284839904,NA,-0.07028860173306894
18097381204,2027,281178.79818648426,NA,-0.08579632728405798
18097381204,2028,307811.0945595961,NA,-0.11006276488176327
18097381205,2024,247817.20132512483,NA,0.1346946466735378
18097381205,2025,270410.5732697023,NA,0.1312901832770703
18097381205,2026,270482.21074316156,NA,0.12973686654504438
18097381205,2027,295307.9952215215,NA,0.11937323223818005
18097381205,2028,322509.6355557944,NA,0.101700212337226
18097381206,2024,234997.1779229189,NA,-0.05789689690820518
18097381206,2025,257077.2159000547,NA,-0.06509396761658874
18097381206,2026,257126.02597688723,NA,-0.06703094140262639
18097381206,2027,281397.8063949984,NA,-0.08261611700309343
18097381206,2028,308026.16047805303,NA,-0.10696429414221456
18097381207,2024,265986.6141172732,NA,0.40764853652459704
18097381207,2025,288259.9249029746,NA,0.3941894416800698
18097381207,2026,288345.25003412156,NA,0.39290117177693284
18097381207,2027,312687.2926588604,NA,0.3717373822449107
18097381207,2028,339198.5870522122,NA,0.3421391821954463
18097390102,2024,216037.1899061168,NA,-0.34272737216451
18097390102,2025,241942.17723770312,NA,-0.288014694485786
18097390102,2026,241968.6813651387,NA,-0.29033404223215703
18097390102,2027,271040.73133154254,NA,-0.23301082969897985
18097390102,2028,303637.14103660505,NA,-0.17019722482788202
18097390103,2024,255569.83961624716,NA,0.25116031358185725
18097390103,2025,279998.36344064755,NA,0.2725066810778346
18097390103,2026,280023.373655737,NA,0.2703004888992134
18097390103,2027,306845.7907383136,NA,0.2869131439661966
18097390103,2028,336269.4472376459,NA,0.299938846258453
18097390104,2024,299422.8289229385,NA,0.9099512249772379
18097390104,2025,324901.2597917485,NA,0.9338717767626574
18097390104,2026,324918.21375571424,NA,0.9317063790707888
18097390104,2027,352603.7066838162,NA,0.9513621877380348
18097390104,2028,382669.1072363832,NA,0.9684222110919297
18097390200,2024,300283.2652560791,NA,0.9228773138270326
18097390200,2025,325761.09273996553,NA,0.9465360711908851
18097390200,2026,325778.963420152,NA,0.9443872327447201
18097390200,2027,353459.6597509771,NA,0.9637914512924765
18097390200,2028,383514.3627823247,NA,0.9805998708314737
18097390300,2024,300283.2652560791,NA,0.9228773138270326
18097390300,2025,325761.09273996553,NA,0.9465360711908851
18097390300,2026,325778.963420152,NA,0.9443872327447201
18097390300,2027,353459.6597509771,NA,0.9637914512924765
18097390300,2028,383514.3627823247,NA,0.9805998708314737
18097390405,2024,267934.6277409901,NA,0.43691298783951005
18097390405,2025,291415.7110972235,NA,0.440670337299826
18097390405,2026,291515.32924073254,NA,0.4396038452889384
18097390405,2027,317294.42963473423,NA,0.43863745177148467
18097390405,2028,345489.3861968,NA,0.43277119501148925
18097390406,2024,300283.2652560791,NA,0.9228773138270326
18097390406,2025,325761.09273996553,NA,0.9465360711908851
18097390406,2026,325778.963420152,NA,0.9443872327447201
18097390406,2027,353459.6597509771,NA,0.9637914512924765
18097390406,2028,383514.3627823247,NA,0.9805998708314737
18097390408,2024,268171.60990256903,NA,0.44047310304897025
18097390408,2025,291668.2010235903,NA,0.44438920708063745
18097390408,2026,291767.00199251564,NA,0.4433115729488286
18097390408,2027,317560.4410117819,NA,0.4425001933640492
18097390408,2028,345769.05601762485,NA,0.4368004189944338
18097390409,2024,267934.6277409901,NA,0.43691298783951005
18097390409,2025,291415.7110972235,NA,0.440670337299826
18097390409,2026,291515.32924073254,NA,0.4396038452889384
18097390409,2027,317294.42963473423,NA,0.43863745177148467
18097390409,2028,345489.3861968,NA,0.43277119501148925
18097390410,2024,267934.6277409901,NA,0.43691298783951005
18097390410,2025,291415.7110972235,NA,0.440670337299826
18097390410,2026,291515.32924073254,NA,0.4396038452889384
18097390410,2027,317294.42963473423,NA,0.43863745177148467
18097390410,2028,345489.3861968,NA,0.43277119501148925
18097390411,2024,267934.61970803526,NA,0.43691286716272815
18097390411,2025,291415.69253538246,NA,0.4406700639064644
18097390411,2026,291515.31062770233,NA,0.43960357107551473
18097390411,2027,317294.3985747451,NA,0.4386370007505051
18097390411,2028,345489.34055559104,NA,0.4327705374551854
18097390500,2024,190229.1027386646,NA,-0.730434881623232
18097390500,2025,208827.69290342124,NA,-0.7757508068525986
18097390500,2026,209475.26446084643,NA,-0.7690379931637131
18097390500,2027,231684.6372883838,NA,-0.804499248986169
18097390500,2028,257517.6673209237,NA,-0.834643924968503
18097390601,2024,166771.7670543181,NA,-1.0828277241344275
18097390601,2025,185775.70065165136,NA,-1.1152786391355995
18097390601,2026,185867.45588533583,NA,-1.1168361724447586
18097390601,2027,207266.98111411915,NA,-1.1590671518483247
18097390601,2028,231263.6941920996,NA,-1.2128868754099857
18097390602,2024,167519.90873069322,NA,-1.0715886057841346
18097390602,2025,186545.2921866305,NA,-1.1039434910598511
18097390602,2026,186635.57961113012,NA,-1.1055199152648798
18097390602,2027,208047.82165816004,NA,-1.1477285945275721
18097390602,2028,232047.5969822018,NA,-1.201593129403137
18097390700,2024,134233.64175784416,NA,-1.5716386708465677
18097390700,2025,155173.2207263689,NA,-1.5660159792332853
18097390700,2026,155239.5064070644,NA,-1.568057429580196
18097390700,2027,179617.9086694608,NA,-1.560558333590774
18097390700,2028,207924.6133009189,NA,-1.5491347558186301
18097390801,2024,162993.96393214256,NA,-1.1395805795560894
18097390801,2025,183151.8296064638,NA,-1.153925071011537
18097390801,2026,183182.81130350303,NA,-1.1563872597297833
18097390801,2027,205904.26670965937,NA,-1.178855078467531
18097390801,2028,231480.22480088467,NA,-1.2097673027675562
18097390802,2024,181879.56602693224,NA,-0.8558675827233151
18097390802,2025,203325.51337448056,NA,-0.8567912248732882
18097390802,2026,203331.34742594577,NA,-0.8595522461727318
18097390802,2027,227319.5438449454,NA,-0.8678846131256042
18097390802,2028,254144.805524972,NA,-0.883236996610352
18097390900,2024,359626.92511586257,NA,1.8143801368420849
18097390900,2025,381934.1271199407,NA,1.7738966041759305
18097390900,2026,383219.58112099115,NA,1.7906217398244755
18097390900,2027,410317.47516017104,NA,1.7894217340306426
18097390900,2028,441703.2148957663,NA,1.8189310063968973
18097391001,2024,294185.2080602758,NA,0.8312679453146926
18097391001,2025,313242.5728630807,NA,0.7621534863466607
18097391001,2026,314175.0652283816,NA,0.7734347002065288
18097391001,2027,336917.09651827876,NA,0.7235774884320914
18097391001,2028,362974.35620333505,NA,0.6846784629591222
18097391002,2024,348828.39063192735,NA,1.6521568429030185
18097391002,2025,359924.00468549127,NA,1.4497142481854932
18097391002,2026,360858.4721327236,NA,1.4611903583411452
18097391002,2027,374658.3735145808,NA,1.2716172077407168
18097391002,2028,390557.65960327495,NA,1.0820731738366653
