GEOID,NAME,year,estimate,income_zscore
18097310103,NA,2024,180631.3105919137,3.3210071056432815
18097310103,NA,2025,194567.1820598829,3.364374632255813
18097310103,NA,2026,209634.0531868873,3.288216633382084
18097310103,NA,2027,225896.9803563379,3.260279843320405
18097310103,NA,2028,243436.93392803377,3.1399847477271323
18097310104,NA,2024,72943.26844504624,0.05346121591948916
18097310104,NA,2025,75922.765852222,0.014954517783381454
18097310104,NA,2026,79023.10551346494,-0.03577464558859421
18097310104,NA,2027,82250.01235509907,-0.07511855067718518
18097310104,NA,2028,85608.68831634402,-0.11908526328241746
18097310105,NA,2024,61609.92307109901,-0.29042307573618065
18097310105,NA,2025,63103.88582170069,-0.3469319998601237
18097310105,NA,2026,64566.25838265953,-0.4036950583886301
18097310105,NA,2027,66045.47383695377,-0.4513784362908363
18097310105,NA,2028,67554.29249745322,-0.4918990125083361
18097310106,NA,2024,64992.226445471904,-0.18779486123434838
18097310106,NA,2025,69454.16409645896,-0.16765892097586652
18097310106,NA,2026,74137.23130442682,-0.16011799926824294
18097310106,NA,2027,79120.24207017527,-0.14778998208412017
18097310106,NA,2028,84435.2388911447,-0.14331637487009027
18097310108,NA,2024,141570.97579573726,2.1358111092260117
18097310108,NA,2025,148209.36638302702,2.0556590158436805
18097310108,NA,2026,157141.94074939622,1.952315416332162
18097310108,NA,2027,165996.31605203907,1.8694215307507718
18097310108,NA,2028,175539.5035915257,1.7379386299571074
18097310110,NA,2024,63001.63766180738,-0.2481946982870319
18097310110,NA,2025,64833.42441422859,-0.29810583900287785
18097310110,NA,2026,66718.59116624978,-0.348919133938673
18097310110,NA,2027,68658.60777828885,-0.3907029979400982
18097310110,NA,2028,70655.04542968259,-0.4278701002321283
18097310111,NA,2024,53471.59844402005,-0.5373618133555582
18097310111,NA,2025,54217.7738580926,-0.5977935498741498
18097310111,NA,2026,55011.60176563617,-0.6468568747162808
18097310111,NA,2027,55823.137432587435,-0.6887350954702526
18097310111,NA,2028,56647.638994062385,-0.7171156536463694
18097310112,NA,2024,158885.21423671243,2.6611718412406926
18097310112,NA,2025,158425.9720105781,2.3440813915807546
18097310112,NA,2026,169989.42632444948,2.2792782840617294
18097310112,NA,2027,169648.75324105524,1.9542289812938043
18097310112,NA,2028,181871.65007394497,1.868694114352125
18097310201,NA,2024,71898.32880820932,0.021754926648305944
18097310201,NA,2025,73940.10834558212,-0.041017378283148956
18097310201,NA,2026,75917.83263962164,-0.11480247698667917
18097310201,NA,2027,77981.56206676856,-0.1742294642916887
18097310201,NA,2028,80092.40013757529,-0.23299370410576342
18097310203,NA,2024,62579.390295778045,-0.261006823178616
18097310203,NA,2025,66901.6564585453,-0.23971811008939922
18097310203,NA,2026,71522.15216278625,-0.22667061538099006
18097310203,NA,2027,76461.7600821864,-0.20951837549603763
18097310203,NA,2028,81742.51720345898,-0.19891965719968607
18097310204,NA,2024,96423.8792831291,0.765926331847065
18097310204,NA,2025,102676.83383845486,0.7702417560821281
18097310204,NA,2026,108989.53058321368,0.7268577169208013
18097310204,NA,2027,115739.28573997912,0.7024827465747823
18097310204,NA,2028,122900.11258620906,0.6509629751347314
18097310305,NA,2024,46508.455960016705,-0.7486423524904048
18097310305,NA,2025,48733.57169823385,-0.752616655867721
18097310305,NA,2026,49982.67958377033,-0.7748407365051173
18097310305,NA,2027,51799.72252131449,-0.7821564312643363
18097310305,NA,2028,53412.51134975319,-0.7839193328388545
18097310306,NA,2024,60865.56023886495,-0.3130090533845849
18097310306,NA,2025,65616.73426352903,-0.2759924193496583
18097310306,NA,2026,71047.23125773195,-0.23875714392030165
18097310306,NA,2027,76869.12083544086,-0.20005969759222805
18097310306,NA,2028,83178.96905088762,-0.16925768433754068
18097310308,NA,2024,73256.99416650328,0.06298050117355214
18097310308,NA,2025,73271.48413806435,-0.05989313696835719
18097310308,NA,2026,78077.78741131301,-0.0598325762856664
18097310308,NA,2027,79461.30449906683,-0.13987071240926002
18097310308,NA,2028,83613.03635284601,-0.16029442354040208
18097310309,NA,2024,45961.16465011802,-0.7652486481801534
18097310309,NA,2025,46269.03475528745,-0.8221923668317911
18097310309,NA,2026,48761.61492305171,-0.8059162960626253
18097310309,NA,2027,50130.90098172462,-0.8209054891836698
18097310309,NA,2028,52234.156069082455,-0.8082517477539722
18097310310,NA,2024,80359.89986140888,0.27850183340124207
18097310310,NA,2025,83861.49083061384,0.23907062856056446
18097310310,NA,2026,87553.51476593524,0.18132052496449366
18097310310,NA,2027,91403.13177087496,0.13741151678086075
18097310310,NA,2028,95422.65845302044,0.0835680427682483
18097310311,NA,2024,101553.7334083984,0.9215799534352993
18097310311,NA,2025,107190.3188537795,0.8976607950888887
18097310311,NA,2026,113139.21821520197,0.8324654454067064
18097310311,NA,2027,119418.26871723974,0.7879065747602384
18097310311,NA,2028,126045.79672271216,0.715919693076139
18097310312,NA,2024,54592.52710992029,-0.5033498118192999
18097310312,NA,2025,58124.17362364313,-0.4875129790042626
18097310312,NA,2026,59531.208403208366,-0.5318348699358578
18097310312,NA,2027,62071.89883176652,-0.5436425186807703
18097310312,NA,2028,64189.847492924346,-0.561373026969147
18097320105,NA,2024,88500.97404403267,0.5255239999579461
18097320105,NA,2025,93895.54735733164,0.5223395074053818
18097320105,NA,2026,99623.4289993564,0.48849454340996257
18097320105,NA,2027,105702.13633512676,0.46942602097115027
18097320105,NA,2028,112152.19041646992,0.429024052299318
18097320106,NA,2024,69997.81792670005,-0.035911703698465504
18097320106,NA,2025,66181.60252107639,-0.2600457683033533
18097320106,NA,2026,64729.43886926753,-0.39954218664207936
18097320106,NA,2027,67140.7067372689,-0.42594777034922776
18097320106,NA,2028,71084.50509293495,-0.4190019847435509
18097320107,NA,2024,126772.78626503376,1.6867940929220298
18097320107,NA,2025,132144.99614372215,1.6021498956868252
18097320107,NA,2026,138530.21990095073,1.4786552914431186
18097320107,NA,2027,144984.00785505364,1.3815280514132675
18097320107,NA,2028,151811.4741597728,1.247967339699984
18097320108,NA,2024,41464.355426083945,-0.9016939786359268
18097320108,NA,2025,50222.33709220702,-0.7105877014871251
18097320108,NA,2026,48812.93235606001,-0.804610289921354
18097320108,NA,2027,54912.96671763246,-0.7098687259475648
18097320108,NA,2028,56056.608782089344,-0.7293201157309387
18097320109,NA,2024,70928.73265930363,-0.007665237818310991
18097320109,NA,2025,76663.10635634829,0.03585488086274511
18097320109,NA,2026,76366.27541509739,-0.10338980522101739
18097320109,NA,2027,80090.25329734047,-0.12526688999060276
18097320109,NA,2028,81311.16978922303,-0.20782675375020854
18097320202,NA,2024,98336.21700355168,0.823951820411603
18097320202,NA,2025,98267.0496162968,0.6457502675966749
18097320202,NA,2026,99697.98950728025,0.49039207560392667
18097320202,NA,2027,100577.31531031834,0.3504306808430963
18097320202,NA,2028,101680.20892212485,0.21278315884076965
18097320203,NA,2024,54435.25006167061,-0.508122022013773
18097320203,NA,2025,56057.0842908339,-0.5458684483219631
18097320203,NA,2026,57720.76189398599,-0.5779099387941374
18097320203,NA,2027,59434.3377848151,-0.6048851401052371
18097320203,NA,2028,61198.742921033954,-0.6231377584483615
18097320204,NA,2024,45713.0622782472,-0.7727767438653884
18097320204,NA,2025,48168.76744634291,-0.7685614999867392
18097320204,NA,2026,48650.00606006431,-0.8087566926284135
18097320204,NA,2027,50865.486445486495,-0.8038488453144849
18097320204,NA,2028,51701.488828191665,-0.8192510452745536
18097320205,NA,2024,80022.35022501592,0.26825966625821496
18097320205,NA,2025,93364.67396158818,0.5073525565923809
18097320205,NA,2026,108900.0857110127,0.7245813841903466
18097320205,NA,2027,127021.98050281344,0.964460305276878
18097320205,NA,2028,148159.44330228132,1.1725548290888261
18097320206,NA,2024,44458.078242279014,-0.8108563471959435
18097320206,NA,2025,47540.68093837022,-0.7862928492628009
18097320206,NA,2026,50867.25212818594,-0.7523287535846176
18097320206,NA,2027,54420.068822355104,-0.7213135261489773
18097320206,NA,2028,58222.439469377845,-0.684596854602936
18097320301,NA,2024,89497.5669340253,0.5557633184236136
18097320301,NA,2025,90492.9275518593,0.42628101950820413
18097320301,NA,2026,94370.37761460712,0.35480669180237046
18097320301,NA,2027,97079.75845467858,0.269219460853298
18097320301,NA,2028,100471.00865304988,0.18781381118710094
18097320303,NA,2024,62861.91271610631,-0.252434330310379
18097320303,NA,2025,66091.17663323088,-0.26259855837388374
18097320303,NA,2026,68839.26138132795,-0.29494900795721146
18097320303,NA,2027,71457.23344435367,-0.3257205504726895
18097320303,NA,2028,74082.41362032449,-0.35709675517264466
18097320304,NA,2024,126520.43400758533,1.679137044236312
18097320304,NA,2025,133685.8595070091,1.645649614490395
18097320304,NA,2026,141257.0955865994,1.5480530805212374
18097320304,NA,2027,149257.12507304884,1.4807473283989239
18097320304,NA,2028,157710.23248501023,1.3697735872792218
18097320305,NA,2024,139730.37763465074,2.079962392544088
18097320305,NA,2025,147350.2717294909,2.03140613479993
18097320305,NA,2026,158037.56263449317,1.9751086001222473
18097320305,NA,2027,167587.75682587916,1.9063738526484588
18097320305,NA,2028,179072.09080723993,1.8108846923769846
18097320306,NA,2024,78023.85050001724,0.20761978989081353
18097320306,NA,2025,81868.03923311259,0.1827940072806264
18097320306,NA,2026,86475.40122568439,0.15388300866613167
18097320306,NA,2027,91224.81742104012,0.13327116210201567
18097320306,NA,2028,96258.92983491058,0.10083660563683158
18097320400,NA,2024,81347.57592353967,0.30847059123967147
18097320400,NA,2025,88269.9335884411,0.3635242465102098
18097320400,NA,2026,95887.13081248091,0.3934073948206926
18097320400,NA,2027,104145.67468575142,0.43328589383946875
18097320400,NA,2028,113117.9193142829,0.44896584457755945
18097320500,NA,2024,88045.46448533388,0.5117026103534605
18097320500,NA,2025,97686.1933946226,0.6293522644315971
18097320500,NA,2026,103986.6065095554,0.5995354955724561
18097320500,NA,2027,113528.65654435151,0.6511532324791076
18097320500,NA,2028,122046.224052566,0.6333306273762205
18097320600,NA,2024,70416.75531365981,-0.02320001250674468
18097320600,NA,2025,73556.04402444641,-0.05185979972683154
18097320600,NA,2026,76167.19234271438,-0.10845638201400155
18097320600,NA,2027,79163.89841726338,-0.14677630729521532
18097320600,NA,2028,82149.18708800731,-0.190522138618804
18097320700,NA,2024,136485.24027346272,1.9814961651455294
18097320700,NA,2025,147839.9628585784,2.0452304795948306
18097320700,NA,2026,160100.58987543132,2.027611737717602
18097320700,NA,2027,173372.81122844206,2.040699424792318
18097320700,NA,2028,187744.5916484166,1.9899672596474434
18097320800,NA,2024,206453.2746910722,4.104515199714942
18097320800,NA,2025,220085.20654963903,4.084767443308899
18097320800,NA,2026,234593.80369744197,3.923431326332744
18097320800,NA,2027,250056.7240459544,3.8212549298328145
18097320800,NA,2028,266538.66894773336,3.6170233887713397
18097320901,NA,2024,93438.75055404594,0.675349468208767
18097320901,NA,2025,100532.23367742752,0.709698098433097
18097320901,NA,2026,108175.50908386188,0.7061412271246659
18097320901,NA,2027,116399.07263174026,0.7178026114475429
18097320901,NA,2028,125247.85509220226,0.699442619353042
18097320902,NA,2024,51216.42447863511,-0.6057898790376866
18097320902,NA,2025,53023.97937565917,-0.6314952560295428
18097320902,NA,2026,54859.177026234145,-0.6507360174183042
18097320902,NA,2027,56749.530095742535,-0.6672248008647165
18097320902,NA,2028,58703.08690230554,-0.6746717386742105
18097320903,NA,2024,45513.313035622195,-0.7788376750858169
18097320903,NA,2025,46956.92888703269,-0.8027726038531243
18097320903,NA,2026,48348.39595142091,-0.8164325374839828
18097320903,NA,2027,49795.47622051091,-0.8286938555197388
18097320903,NA,2028,51283.75387742559,-0.8278770516355559
18097321001,NA,2024,84658.74517103677,0.408940404314026
18097321001,NA,2025,92440.70539576282,0.4812682367530131
18097321001,NA,2026,100941.66100389352,0.5220429692103601
18097321001,NA,2027,110224.57190513652,0.574434323945133
18097321001,NA,2028,120361.17896597894,0.5985353352685818
18097321002,NA,2024,110648.2893827884,1.1975333313642287
18097321002,NA,2025,119636.0371837116,1.249012680375852
18097321002,NA,2026,129349.66953543232,1.2450143149804396
18097321002,NA,2027,139852.1027061494,1.2623682220762809
18097321002,NA,2028,151207.2682950051,1.2354908073359023
18097321100,NA,2024,99207.61895840832,0.850392507967291
18097321100,NA,2025,105554.68318833606,0.8514855837060286
18097321100,NA,2026,112207.94941581406,0.808765063297215
18097321100,NA,2027,119255.98830541452,0.7841385187232014
18097321100,NA,2028,126740.67350905704,0.7302685321381603
18097321200,NA,2024,143689.82806609548,2.2001028066969206
18097321200,NA,2025,148462.25026802448,2.062798116006253
18097321200,NA,2026,153122.7453094256,1.8500286568459234
18097321200,NA,2027,157876.40276821263,1.6808819040317393
18097321200,NA,2028,162767.18952437435,1.474197082389875
18097321300,NA,2024,116672.64697476516,1.3803286027374728
18097321300,NA,2025,123718.34002761998,1.3642591259803594
18097321300,NA,2026,131117.54954355754,1.290006085072853
18097321300,NA,2027,138976.24038650855,1.242031212427265
18097321300,NA,2028,147301.95400077297,1.1548481273734497
18097321400,NA,2024,77229.38449029966,0.18351354659002514
18097321400,NA,2025,79675.42684894709,0.12089492886204088
18097321400,NA,2026,82208.52567836414,0.04529289918152058
18097321400,NA,2027,84821.14889452262,-0.015418267380792446
18097321400,NA,2028,87516.90879747132,-0.07968151701169565
18097321600,NA,2024,62972.01550772803,-0.24909351440326077
18097321600,NA,2025,63325.33075929036,-0.34068044456642393
18097321600,NA,2026,67997.2475466288,-0.31637789039906317
18097321600,NA,2027,69279.01531195869,-0.37629749867882206
18097321600,NA,2028,73615.27222142412,-0.3667429786236925
18097321700,NA,2024,139421.98423869358,2.070604904439666
18097321700,NA,2025,167363.1361761224,2.5963841832268693
18097321700,NA,2026,193780.94641412492,2.8847620256641124
18097321700,NA,2027,220156.03975212877,3.1269785677156907
18097321700,NA,2028,247644.03051524336,3.2268590728370334
18097321800,NA,2024,143253.54743164868,2.1868648745604213
18097321800,NA,2025,149080.34915176034,2.0802475072215487
18097321800,NA,2026,155389.5919722116,1.9077189092488447
18097321800,NA,2027,162006.76485363048,1.7767864905191646
18097321800,NA,2028,168912.5435284626,1.6010954006480487
18097321900,NA,2024,150597.8165143267,2.409709823504719
18097321900,NA,2025,158499.75592670153,2.346164366411663
18097321900,NA,2026,166443.8765049473,2.1890455976819525
18097321900,NA,2027,174857.8391672378,2.075180903037359
18097321900,NA,2028,183683.32387557367,1.9061042226235334
18097322000,NA,2024,62734.7688061661,-0.25629221974774036
18097322000,NA,2025,66231.18903874262,-0.2586459040283483
18097322000,NA,2026,69979.29804844533,-0.26593557526487605
18097322000,NA,2027,73913.64463846385,-0.2686841224447609
18097322000,NA,2028,78080.95915189323,-0.27452889934249197
18097322100,NA,2024,125065.03098861597,1.6349761879544316
18097322100,NA,2025,140407.08816781122,1.8353948986768547
18097322100,NA,2026,158945.70714262652,1.9982204791710712
18097322100,NA,2027,179499.88596026986,2.1829665084962038
18097322100,NA,2028,202853.2563117259,2.301953214504589
18097322200,NA,2024,111597.1299528225,1.2263237155406794
18097322200,NA,2025,122157.47155185103,1.32019464797209
18097322200,NA,2026,134601.1466369692,1.3786621017713998
18097322200,NA,2027,148730.6022152846,1.468521776278849
18097322200,NA,2028,164541.12250382884,1.5108278625932172
18097322300,NA,2024,113847.78713486728,1.294614729823751
18097322300,NA,2025,119913.89646806126,1.2568568546382524
18097322300,NA,2026,126268.6692090152,1.1666042092584958
18097322300,NA,2027,132966.3474409032,1.1024850211098354
18097322300,NA,2028,140018.20071780996,1.0044424645588153
18097322400,NA,2024,59360.172357120646,-0.35868658533121517
18097322400,NA,2025,61861.112957453406,-0.3820164021630919
18097322400,NA,2026,64492.407418548704,-0.40557453300404867
18097322400,NA,2027,67239.49858588609,-0.42365388153415046
18097322400,NA,2028,70104.20403552426,-0.4392446844300732
18097322500,NA,2024,41850.59892271169,-0.8899743083301255
18097322500,NA,2025,43428.03376369964,-0.9023959378941258
18097322500,NA,2026,45090.565417296835,-0.8993428943621021
18097322500,NA,2027,46814.90194538218,-0.8979010430349612
18097322500,NA,2028,48605.31203780503,-0.8831854626358114
18097322600,NA,2024,31936.62013383389,-1.190791186384481
18097322600,NA,2025,33417.995943350084,-1.1849867507936178
18097322600,NA,2026,34968.0265311121,-1.1569570651347594
18097322600,NA,2027,36589.96215778614,-1.13531815124692
18097322600,NA,2028,38287.1270202357,-1.0962505399828892
18097322602,NA,2024,67088.0666897969,-0.12420141075149849
18097322602,NA,2025,73199.67040455405,-0.0619204920787211
18097322602,NA,2026,73582.12477643377,-0.1742452167091746
18097322602,NA,2027,79765.36437876003,-0.13281062023662843
18097322602,NA,2028,80663.24808096263,-0.22120599522051448
18097322700,NA,2024,63177.70399640991,-0.24285237042518235
18097322700,NA,2025,57999.165585651506,-0.4910420488948088
18097322700,NA,2026,66718.16944336158,-0.34892986660103786
18097322700,NA,2027,80826.92732145711,-0.10816175097425267
18097322700,NA,2028,80076.93373978487,-0.23331307706097637
18097330103,NA,2024,74513.47654136336,0.10110556815067387
18097330103,NA,2025,78003.53083084471,0.07369606075402062
18097330103,NA,2026,81508.92315892079,0.027488322193149187
18097330103,NA,2027,85243.79788653918,-0.005604605534587766
18097330103,NA,2028,89114.80454410518,-0.04668581279923991
18097330105,NA,2024,68413.30809907043,-0.08399000906348439
18097330105,NA,2025,70432.94439227578,-0.14002722523116243
18097330105,NA,2026,72325.84629520269,-0.20621695253955774
18097330105,NA,2027,74159.38308845235,-0.2629782196830123
18097330105,NA,2028,75974.233049437,-0.31803168197380066
18097330106,NA,2024,48679.43070464159,-0.6827691184518606
18097330106,NA,2025,50946.89219903784,-0.6901329719142203
18097330106,NA,2026,53353.62712822531,-0.6890516013734072
18097330106,NA,2027,55877.67181220207,-0.6874688391425677
18097330106,NA,2028,58521.511868820446,-0.6784211673274014
18097330107,NA,2024,129813.82749516593,1.7790674927712624
18097330107,NA,2025,136616.6221290921,1.7283872231442017
18097330107,NA,2026,142929.24291087518,1.5906084958371456
18097330107,NA,2027,149234.92271033354,1.4802318025512573
18097330107,NA,2028,155713.4000359328,1.3285400506167768
18097330108,NA,2024,149306.63374513265,2.3705318528939414
18097330108,NA,2025,152292.0219402504,2.17091541880741
18097330108,NA,2026,155461.23759234807,1.9095422588282804
18097330108,NA,2027,158677.39843953136,1.6994805539920537
18097330108,NA,2028,161963.00344471284,1.4575910640860001
18097330109,NA,2024,86541.59712631852,0.4660712151708955
18097330109,NA,2025,86367.4357482692,0.3098153174489477
18097330109,NA,2026,86193.83319927822,0.1467172260048553
18097330109,NA,2027,86020.58190668293,0.012431864077831147
18097330109,NA,2028,85847.67887813003,-0.11415023425885841
18097330202,NA,2024,37842.51206330643,-1.0115904829954996
18097330202,NA,2025,37323.37799121467,-1.0747349108509594
18097330202,NA,2026,36811.36551009378,-1.1100448973611796
18097330202,NA,2027,36306.37695712585,-1.1419028333742562
18097330202,NA,2028,35808.31597755063,-1.1474366803398588
18097330203,NA,2024,206304.62191693884,4.100004673277354
18097330203,NA,2025,216547.01787523823,3.9848817454089307
18097330203,NA,2026,234792.1279106515,3.9284785904929085
18097330203,NA,2027,247837.93874103227,3.76973603566027
18097330203,NA,2028,267473.6802706441,3.6363308793326303
18097330204,NA,2024,125320.3980949139,1.6427247152924662
18097330204,NA,2025,133383.57205303485,1.6371158148303935
18097330204,NA,2026,139183.55776020614,1.4952824531402866
18097330204,NA,2027,146871.5712686066,1.4253561674238948
18097330204,NA,2028,154004.96066391215,1.2932616788563793
18097330206,NA,2024,147023.813363779,2.301264920323129
18097330206,NA,2025,154922.1380969489,2.245165554129633
18097330206,NA,2026,163400.75153827274,2.111599403237852
18097330206,NA,2027,172416.14414080794,2.0184861757966432
18097330206,NA,2028,181962.8890222737,1.8705781505028265
18097330208,NA,2024,99756.2639161584,0.8670398769868614
18097330208,NA,2025,105161.7869062747,0.84039382943641
18097330208,NA,2026,110281.49033882305,0.7597375255197284
18097330208,NA,2027,115412.15926392502,0.6948870615558297
18097330208,NA,2028,120683.4008692356,0.6051890475855641
18097330209,NA,2024,117329.53353260618,1.4002603140890535
18097330209,NA,2025,126229.6364453244,1.4351548916954477
18097330209,NA,2026,135804.86206135477,1.409296130880694
18097330209,NA,2027,146106.42222274074,1.4075898550940182
18097330209,NA,2028,157189.41347685704,1.359018949514243
18097330210,NA,2024,84440.04487246953,0.4023044469002014
18097330210,NA,2025,84943.2157459906,0.26960852748323594
18097330210,NA,2026,90003.98137543621,0.24368382440059105
18097330210,NA,2027,91451.18674696442,0.1385273251567884
18097330210,NA,2028,96119.83328331288,0.09796433522547415
18097330212,NA,2024,89821.44794852757,0.5655907426816676
18097330212,NA,2025,97862.1648718256,0.6343200701164894
18097330212,NA,2026,106622.78224148705,0.6666250106465286
18097330212,NA,2027,116167.64950790149,0.7124291021676318
18097330212,NA,2028,126566.97291661218,0.7266817065383597
18097330213,NA,2024,97864.46332740528,0.8096375404347049
18097330213,NA,2025,100671.87378084706,0.7136402424136599
18097330213,NA,2026,103477.97661175414,0.5865910879662695
18097330213,NA,2027,106373.6514753659,0.4850182088987044
18097330213,NA,2028,109348.78112333828,0.3711351293095151
18097330401,NA,2024,106667.8497935732,1.0767560495069197
18097330401,NA,2025,108510.34973240018,0.9349262486003143
18097330401,NA,2026,110433.70646592988,0.7636113591304217
18097330401,NA,2027,112381.66608316403,0.6245207863132944
18097330401,NA,2028,114365.8218983203,0.4747343746181441
18097330500,NA,2024,76436.88831551546,0.15946707339844918
18097330500,NA,2025,82916.26507057325,0.21238620231789898
18097330500,NA,2026,89320.96417055884,0.22630133638682953
18097330500,NA,2027,96353.14575043804,0.25234793978672565
18097330500,NA,2028,103910.58154376388,0.2588391768645938
18097330600,NA,2024,51764.90462466471,-0.589147510850605
18097330600,NA,2025,54321.29186159721,-0.594871159640955
18097330600,NA,2026,56969.135798339215,-0.5970384929580932
18097330600,NA,2027,59750.80919160879,-0.5975368595487222
18097330600,NA,2028,62667.65312997046,-0.5928055375441956
18097330700,NA,2024,49735.74954047093,-0.6507175535664609
18097330700,NA,2025,52989.51771561122,-0.6324681343244698
18097330700,NA,2026,56461.30063109626,-0.6099626750204649
18097330700,NA,2027,60162.59327973132,-0.5879754744021466
18097330700,NA,2028,64107.33398944121,-0.5630768872868169
18097330702,NA,2024,58970.221762037414,-0.3705187390110249
18097330702,NA,2025,65724.71475475893,-0.2729440497688849
18097330702,NA,2026,73252.77146616897,-0.18262711386650693
18097330702,NA,2027,81643.08625294312,-0.08921101900125532
18097330702,NA,2028,90994.4210895877,-0.007872722709833595
18097330803,NA,2024,36273.96189172552,-1.059184529314818
18097330803,NA,2025,37962.26599895566,-1.0566986272025367
18097330803,NA,2026,39585.756743850834,-1.0394378584434327
18097330803,NA,2027,41331.74735690729,-1.0252166784633536
18097330803,NA,2028,43135.04996563186,-0.9961434886386177
18097330804,NA,2024,67418.61452165092,-0.11417169725871673
18097330804,NA,2025,77559.21762119804,0.06115276837596534
18097330804,NA,2026,88395.74321104247,0.20275486914701546
18097330804,NA,2027,100431.4155285311,0.34704297343354223
18097330804,NA,2028,113986.11816861392,0.4668936929089958
18097330805,NA,2024,30642.27837757357,-1.230065009190157
18097330805,NA,2025,31790.536414652328,-1.2309311437549286
18097330805,NA,2026,33109.54248051847,-1.2042546683320479
18097330805,NA,2027,34453.80189668532,-1.1849185403350886
18097330805,NA,2028,35859.42170151387,-1.146381374100383
18097330806,NA,2024,44995.88888659301,-0.7945377204919568
18097330806,NA,2025,48072.82145945078,-0.7712701265590755
18097330806,NA,2026,50992.47729736369,-0.7491418280039591
18097330806,NA,2027,53992.77979421714,-0.7312349269140243
18097330806,NA,2028,57144.15519795743,-0.7068628559685957
18097330900,NA,2024,35736.384175553765,-1.0754960883502076
18097330900,NA,2025,36501.672210880424,-1.0979322761952552
18097330900,NA,2026,37073.26881994028,-1.103379573103369
18097330900,NA,2027,37749.30570876833,-1.1083988735772088
18097330900,NA,2028,38394.05819129366,-1.09404246771112
18097331000,NA,2024,48659.34804168406,-0.6833784806567385
18097331000,NA,2025,50557.22690462925,-0.7011335129992686
18097331000,NA,2026,52522.510615631065,-0.7102031517517062
18097331000,NA,2027,54563.624363235314,-0.7179802506391373
18097331000,NA,2028,56684.01095315234,-0.7163645918788618
18097340101,NA,2024,62825.53198216977,-0.25353821998345283
18097340101,NA,2025,66125.44005757046,-0.26163127642044687
18097340101,NA,2026,64958.69787829099,-0.39370764550908893
18097340101,NA,2027,66474.7701450086,-0.4414104276627472
18097340101,NA,2028,66398.858585979,-0.5157581132415079
18097340102,NA,2024,36919.70175444757,-1.039591038782317
18097340102,NA,2025,39678.51816648431,-1.0082475520051506
18097340102,NA,2026,39676.71076398101,-1.0371231185607088
18097340102,NA,2027,41332.94121687828,-1.025188957734644
18097340102,NA,2028,42068.98332599311,-1.0181572023532877
18097340108,NA,2024,49960.54429054147,-0.6438966740427836
18097340108,NA,2025,54410.32374906613,-0.5923577232378807
18097340108,NA,2026,59260.306262962506,-0.5387292104767692
18097340108,NA,2027,64542.38999280257,-0.48627916207421923
18097340108,NA,2028,70295.29643957743,-0.4352987270954548
18097340109,NA,2024,58164.62285090036,-0.39496278459281564
18097340109,NA,2025,58690.88505979783,-0.4715142936549596
18097340109,NA,2026,59440.30743805496,-0.5341482595927145
18097340109,NA,2027,60036.178790899095,-0.5909107447311758
18097340109,NA,2028,60759.42482160436,-0.6322094454432694
18097340110,NA,2024,49037.38130113727,-0.6719079311093655
18097340110,NA,2025,49657.30540493408,-0.7265389662761382
18097340110,NA,2026,52331.03901495941,-0.7150760199311372
18097340110,NA,2027,53135.77452344055,-0.7511340869420385
18097340110,NA,2028,55856.11427971536,-0.7334602214358895
18097340111,NA,2024,134145.5782021289,1.9105045022633766
18097340111,NA,2025,146049.20607287338,1.9946760836115403
18097340111,NA,2026,158683.27387905255,1.9915416678235502
18097340111,NA,2027,172361.13676798288,2.0172089368438715
18097340111,NA,2028,187210.5661363722,1.9789399145440836
18097340112,NA,2024,53547.11262275985,-0.5350705093311003
18097340112,NA,2025,55235.69277142411,-0.5690569418466215
18097340112,NA,2026,56993.02768185443,-0.5964304550113713
18097340112,NA,2027,58802.69577701978,-0.6195514972702819
18097340112,NA,2028,60670.65015267889,-0.634042595524302
18097340113,NA,2024,57430.04001445387,-0.4172520107690963
18097340113,NA,2025,58022.98479282888,-0.4903696149600247
18097340113,NA,2026,58355.9160004422,-0.5617455456228866
18097340113,NA,2027,58560.48141860342,-0.6251755726914777
18097340113,NA,2028,58702.02359959419,-0.6746936953142642
18097340114,NA,2024,85390.21026125415,0.43113502965373235
18097340114,NA,2025,82104.59690253455,0.18947220623444688
18097340114,NA,2026,88859.82032416119,0.21456542794208358
18097340114,NA,2027,86174.31200042409,0.01600138674098234
18097340114,NA,2028,92527.55968899616,0.023785780574468268
18097340115,NA,2024,62581.59165106712,-0.26094002811685013
18097340115,NA,2025,69476.93084744611,-0.16701619866212453
18097340115,NA,2026,77129.29661716473,-0.08397125060120703
18097340115,NA,2027,85624.63430542989,0.003238192873332181
18097340115,NA,2028,95055.67800967446,0.07599009021038697
18097340201,NA,2024,72757.61327170832,0.047827936806484936
18097340201,NA,2025,77187.00463727774,0.0506449189966201
18097340201,NA,2026,82918.5783814526,0.06336342875594042
18097340201,NA,2027,88511.71099352655,0.07027442122409289
18097340201,NA,2028,94786.86937119738,0.07043933363341534
18097340202,NA,2024,62153.05544132368,-0.27394297350270164
18097340202,NA,2025,68190.71744212107,-0.2033269597497721
18097340202,NA,2026,74023.67400055306,-0.1630079827992071
18097340202,NA,2027,80059.2375545835,-0.12598705735660926
18097340202,NA,2028,86475.81648110582,-0.1011795241257527
18097340300,NA,2024,46199.99889039091,-0.7580017726258124
18097340300,NA,2025,49082.787544338775,-0.7427580327936346
18097340300,NA,2026,52131.052226971406,-0.7201655958895296
18097340300,NA,2027,55375.32520556424,-0.6991330328831242
18097340300,NA,2028,58818.38457025776,-0.6722909026552452
18097340302,NA,2024,71173.75150718729,-2.3070457445058381e-4
18097340302,NA,2025,86018.94614471128,0.29997719674212564
18097340302,NA,2026,103147.47566658736,0.5781799840045032
18097340302,NA,2027,124536.7170332744,0.9067539443261204
18097340302,NA,2028,149465.76874237304,1.1995297602864803
18097340400,NA,2024,47456.20780615652,-0.7198850031357868
18097340400,NA,2025,49469.967560346704,-0.7318276529663286
18097340400,NA,2026,51956.32457300281,-0.7246123379761028
18097340400,NA,2027,54449.14161849441,-0.7206384728645165
18097340400,NA,2028,57097.63311434772,-0.7078235124528293
18097340500,NA,2024,42753.5076521532,-0.8625776201847632
18097340500,NA,2025,44295.760793852176,-0.877899358437935
18097340500,NA,2026,45829.02517771013,-0.8805494176497052
18097340500,NA,2027,47427.14588190929,-0.8836850977140014
18097340500,NA,2028,49078.8445851667,-0.8734072653406305
18097340600,NA,2024,51352.17275326624,-0.6016709099491493
18097340600,NA,2025,54328.72030229244,-0.5946614492350291
18097340600,NA,2026,57479.67776270287,-0.5840454240973068
18097340600,NA,2027,60813.346362770535,-0.5728653692724702
18097340600,NA,2028,64340.35965781501,-0.558265030165494
18097340700,NA,2024,48577.460357309385,-0.6858631740466744
18097340700,NA,2025,51521.19414307373,-0.6739200008817898
18097340700,NA,2026,54446.96108480062,-0.66122673216148
18097340700,NA,2027,57687.23060737119,-0.6454519446460599
18097340700,NA,2028,61007.858507425146,-0.6270794208900273
18097340800,NA,2024,75844.58111432563,0.14149487405191347
18097340800,NA,2025,80562.70875452379,0.1459435569959129
18097340800,NA,2026,85730.40332875871,0.1349231392497921
18097340800,NA,2027,91193.86114881384,0.1325523756068716
18097340800,NA,2028,97013.660872824,0.11642140341817077
18097340901,NA,2024,101082.5495698333,0.9072829638688261
18097340901,NA,2025,99698.97608412016,0.6861746168166032
18097340901,NA,2026,113331.98434414512,0.8373712587623381
18097340901,NA,2027,113247.19582747942,0.6446178796200029
18097340901,NA,2028,127217.99342136236,0.7401249365214374
18097340902,NA,2024,48891.5547135362,-0.6763327034186111
18097340902,NA,2025,51313.84548845831,-0.6797736076226423
18097340902,NA,2026,53717.86635510959,-0.6797818729533236
18097340902,NA,2027,56356.7177428261,-0.6763456734406597
18097340902,NA,2028,59016.92998709926,-0.6681910445383176
18097340903,NA,2024,46127.82432571289,-0.7601917437447471
18097340903,NA,2025,45936.71613355175,-0.8315739686941755
18097340903,NA,2026,44979.81308680803,-0.9021614925518262
18097340903,NA,2027,44670.53685603769,-0.947691943425441
18097340903,NA,2028,43840.77808376504,-0.9815705752996905
18097340904,NA,2024,55525.463374528925,-0.47504200720122797
18097340904,NA,2025,57011.736519954975,-0.5189179058459691
18097340904,NA,2026,60145.39094821937,-0.5162041937966936
18097340904,NA,2027,61789.27289827824,-0.5502049271866758
18097340904,NA,2028,65150.44006285591,-0.5415372971520332
18097341000,NA,2024,83472.2126353961,0.37293780428004447
18097341000,NA,2025,86015.13948801084,0.2998697319921703
18097341000,NA,2026,88633.72569894383,0.20881141898776698
18097341000,NA,2027,91332.07671159656,0.13576165995547665
18097341000,NA,2028,94112.57470481336,0.05651550449067375
18097341100,NA,2024,42817.85763911354,-0.8606250678752945
18097341100,NA,2025,45512.676759299546,-0.8435449156198425
18097341100,NA,2026,48418.67346716296,-0.8146440055607753
18097341100,NA,2027,51506.73109885397,-0.7889595203481342
18097341100,NA,2028,54792.03205191759,-0.7554329580929021
18097341200,NA,2024,47796.287951157414,-0.7095660535307896
18097341200,NA,2025,52394.61687048951,-0.6492626276555318
18097341200,NA,2026,57667.208762556686,-0.5792728424787326
18097341200,NA,2027,63520.92566045841,-0.5099969651092068
18097341200,NA,2028,69979.84493492432,-0.4418126342529368
18097341600,NA,2024,23026.381201835055,-1.4611518877054548
18097341600,NA,2025,22672.70340227907,-1.488334351324269
18097341600,NA,2026,22927.34320786543,-1.4633871697489058
18097341600,NA,2027,22982.831332707538,-1.4512677527762112
18097341600,NA,2028,23104.761625527495,-1.4097583760632633
18097341700,NA,2024,35162.7005079311,-1.0929031994163143
18097341700,NA,2025,37652.1049583595,-1.0654547040690636
18097341700,NA,2026,38344.9813039756,-1.0710150486772767
18097341700,NA,2027,40720.94146559192,-1.0393992332174504
18097341700,NA,2028,41758.1019478936,-1.0245767388083669
18097341701,NA,2024,47780.71660834596,-0.7100385301046664
18097341701,NA,2025,61401.28788563326,-0.39499760594766303
18097341701,NA,2026,68573.5238030269,-0.30171191266391406
18097341701,NA,2027,87671.7110287303,0.050770114432770325
18097341701,NA,2028,98396.41569902682,0.14497456111938378
18097341902,NA,2024,68029.31186212777,-0.09564149144423177
18097341902,NA,2025,69580.44175017052,-0.16409400888923634
18097341902,NA,2026,71190.0345193705,-0.2351228636034482
18097341902,NA,2027,72832.0881184101,-0.2937972308535217
18097341902,NA,2028,74513.00339371669,-0.34820530350585893
18097341903,NA,2024,44220.40671115065,-0.8180679430162454
18097341903,NA,2025,47802.60937469101,-0.7788984146892459
18097341903,NA,2026,49632.85623134057,-0.783743587249025
18097341903,NA,2027,53297.25727322357,-0.747384552150048
18097341903,NA,2028,55646.488463449146,-0.7377888839555724
18097341904,NA,2024,100090.06994040652,0.8771684528319813
18097341904,NA,2025,130365.72887339864,1.5519198572683865
18097341904,NA,2026,165247.2154493271,2.1585910991608097
18097341904,NA,2027,205084.49386641313,2.7770261068893447
18097341904,NA,2028,250382.0559502545,3.2833978536493142
18097342000,NA,2024,71319.23918560824,0.0041837843154252435
18097342000,NA,2025,72692.82403034254,-0.07622914220314089
18097342000,NA,2026,74139.71378999873,-0.16005482110027022
18097342000,NA,2027,75609.45624635683,-0.2293083709604698
18097342000,NA,2028,77109.08926723071,-0.294597499759554
18097342101,NA,2024,65489.65177091741,-0.17270163412016917
18097342101,NA,2025,67628.83389532463,-0.21918935019162067
18097342101,NA,2026,69820.66106974312,-0.26997281672986323
18097342101,NA,2027,72086.96870028313,-0.31109846696826987
18097342101,NA,2028,74426.14982327986,-0.34999878391655925
18097342200,NA,2024,65623.52988379047,-0.1686394107876496
18097342200,NA,2025,65726.52542576625,-0.2728929331796138
18097342200,NA,2026,78560.07909111925,-0.047558464764750875
18097342200,NA,2027,81134.30678318065,-0.10102458005274949
18097342200,NA,2028,94548.6979825439,0.06552122010289571
18097342300,NA,2024,57508.049583050626,-0.4148849898803721
18097342300,NA,2025,62407.20312527578,-0.3665998705564255
18097342300,NA,2026,67781.91274568439,-0.3218580665492878
18097342300,NA,2027,73635.93774171062,-0.2751323138011202
18097342300,NA,2028,80000.1858885006,-0.23489787970235787
18097342400,NA,2024,60658.04314966576,-0.3193056820384468
18097342400,NA,2025,65193.63305387454,-0.2879368811909468
18097342400,NA,2026,70128.44801357595,-0.2621397741304061
18097342400,NA,2027,75441.98358007084,-0.2331969881024896
18097342400,NA,2028,81158.56499306399,-0.21097796228560461
18097342500,NA,2024,49626.740704144555,-0.6540251759169169
18097342500,NA,2025,52328.966355879675,-0.6511159905122782
18097342500,NA,2026,54725.07485515117,-0.6541488588003712
18097342500,NA,2027,56959.599060602166,-0.6623471226389184
18097342500,NA,2028,59123.29722012053,-0.6659946172895058
18097342600,NA,2024,49400.93075172635,-0.6608768594202398
18097342600,NA,2025,52523.07674593794,-0.6456361098261844
18097342600,NA,2026,55394.43845514459,-0.6371138490368573
18097342600,NA,2027,58282.785480664126,-0.6316235095906011
18097342600,NA,2028,61277.94710084998,-0.6215022339186135
18097350100,NA,2024,58034.82397367034,-0.39890123290451673
18097350100,NA,2025,62882.86744402287,-0.3531715130502468
18097350100,NA,2026,68033.67026364466,-0.3154509482408925
18097350100,NA,2027,73567.412468766,-0.2767234304707444
18097350100,NA,2028,79536.40389112067,-0.24447473328423064
18097350300,NA,2024,34707.68091288897,-1.1067097222008586
18097350300,NA,2025,39109.29019342704,-1.0243172810629542
18097350300,NA,2026,42551.18481836062,-0.9639690157953281
18097350300,NA,2027,47267.31261247693,-0.8873963325391421
18097350300,NA,2028,51864.28381213889,-0.8158894147370733
18097350400,NA,2024,59641.44884585778,-0.35015189739069613
18097350400,NA,2025,63641.90134017724,-0.3317434216102245
18097350400,NA,2026,67969.94803629542,-0.3170726509523303
18097350400,NA,2027,72602.9466239865,-0.29911776203585827
18097350400,NA,2028,77553.64351229083,-0.28541768911965726
18097350500,NA,2024,44583.059548278936,-0.807064076999821
18097350500,NA,2025,47785.9055495527,-0.7793699760968132
18097350500,NA,2026,51168.67617182888,-0.7446576440016258
18097350500,NA,2027,54786.3603787664,-0.7128084509219207
18097350500,NA,2028,58659.40560396439,-0.6755737344412791
18097350600,NA,2024,31930.61154567483,-1.1909735031686917
18097350600,NA,2025,30699.16506198566,-1.2617413687770878
18097350600,NA,2026,32440.543792402623,-1.2212803912484769
18097350600,NA,2027,32493.92759830844,-1.230425672704127
18097350600,NA,2028,33549.366105950045,-1.1940828034997175
18097350700,NA,2024,22299.197657544308,-1.4832165993842261
18097350700,NA,2025,21897.044627386174,-1.5102317754562744
18097350700,NA,2026,22290.740287298875,-1.479588434603223
18097350700,NA,2027,22040.40877814201,-1.4731502520638946
18097350700,NA,2028,22311.80302341483,-1.4261325528787092
18097350800,NA,2024,23580.809670244613,-1.4443290313605808
18097350800,NA,2025,24170.636546653564,-1.4460465845310864
18097350800,NA,2026,25475.37096426547,-1.3985409819544012
18097350800,NA,2027,26523.651439940146,-1.3690519854444834
18097350800,NA,2028,27764.140679536107,-1.31354465661151
18097350900,NA,2024,106519.09665677008,1.0722424777950146
18097350900,NA,2025,127843.53950540068,1.4807165754645912
18097350900,NA,2026,150771.3484550508,1.790186639185321
18097350900,NA,2027,175826.05237771934,2.0976622462374435
18097350900,NA,2028,203574.9829579083,2.3168564890078525
18097351000,NA,2024,35752.30950159689,-1.0750128709695466
18097351000,NA,2025,40248.2265407174,-0.9921642608648424
18097351000,NA,2026,40244.862995566706,-1.0226638936905192
18097351000,NA,2027,44472.71189380083,-0.9522853230875288
18097351000,NA,2028,45170.51276126173,-0.9541122556989566
18097351200,NA,2024,38891.7410683553,-0.9797540427141292
18097351200,NA,2025,42029.53263283677,-0.9418766649906791
18097351200,NA,2026,45416.32634097212,-0.8910524218663849
18097351200,NA,2027,49076.423617404624,-0.8453898354695544
18097351200,NA,2028,53031.4509083494,-0.7917880299288333
18097351500,NA,2024,55719.97175323722,-0.4691400979391175
18097351500,NA,2025,60106.810452297,-0.43154166669265703
18097351500,NA,2026,63903.012256227674,-0.4205743811356251
18097351500,NA,2027,68452.24433924649,-0.39549463602852447
18097351500,NA,2028,73040.23643885419,-0.37861716417880503
18097351600,NA,2024,122221.0828841649,1.5486831255676792
18097351600,NA,2025,138146.4226881053,1.771574630754869
18097351600,NA,2026,155461.33097514245,1.9095446353794017
18097351600,NA,2027,175175.25161713082,2.08255103406302
18097351600,NA,2028,197312.45212609763,2.1875385310727924
18097351700,NA,2024,68726.66435327406,-0.07448193444322278
18097351700,NA,2025,76938.62809939568,0.04363306459557409
18097351700,NA,2026,86307.09909657386,0.14959979336633622
18097351700,NA,2027,96915.62728292058,0.26540843125550073
18097351700,NA,2028,108884.3846486806,0.3615455870960185
18097351900,NA,2024,45496.489404200845,-0.7793481494765212
18097351900,NA,2025,49444.02524366791,-0.7325600238614568
18097351900,NA,2026,53742.020406803014,-0.6791671629415602
18097351900,NA,2027,58413.99765233816,-0.6285768398782912
18097351900,NA,2028,63492.14327859904,-0.5757802509273798
18097352100,NA,2024,50231.73910761997,-0.6356678912346542
18097352100,NA,2025,55540.37078154613,-0.5604556550085289
18097352100,NA,2026,60679.333802385176,-0.5026155825636323
18097352100,NA,2027,66040.41956511725,-0.4514957935201668
18097352100,NA,2028,71787.17230810355,-0.4044922774360907
18097352300,NA,2024,30643.396245577755,-1.2300310900573594
18097352300,NA,2025,31939.894267691154,-1.2267146604747796
18097352300,NA,2026,33356.336797541524,-1.197973861308617
18097352300,NA,2027,34822.66140941066,-1.1763538386677046
18097352300,NA,2028,36356.011116415655,-1.1361270646539419
18097352400,NA,2024,41331.71107393379,-0.905718766337724
18097352400,NA,2025,43018.27059018008,-0.9139638570548072
18097352400,NA,2026,44771.717989336845,-0.9074574214269486
18097352400,NA,2027,46597.23923072054,-0.9029550436798571
18097352400,NA,2028,48497.00649985706,-0.8854219148588244
18097352500,NA,2024,56112.53792708692,-0.45722858053909116
18097352500,NA,2025,59445.02502477151,-0.45022436153215933
18097352500,NA,2026,62565.33431219664,-0.45461769755920983
18097352500,NA,2027,65927.21294610568,-0.4541243848541505
18097352500,NA,2028,69454.92122566924,-0.4526520319302712
18097352600,NA,2024,31925.920677717593,-1.1911158367649513
18097352600,NA,2025,32898.964980833895,-1.1996393809084893
18097352600,NA,2026,34609.72932056433,-1.1660755718476745
18097352600,NA,2027,35932.41723393002,-1.150585958939123
18097352600,NA,2028,37620.89789292751,-1.1100078199986176
18097352700,NA,2024,49459.82527228493,-0.6590898406877794
18097352700,NA,2025,62006.51286241131,-0.3779116547010959
18097352700,NA,2026,58998.630530006514,-0.5453887430026247
18097352700,NA,2027,72468.22164740687,-0.3022459970189397
18097352700,NA,2028,70270.50871379895,-0.4358105805562387
18097352800,NA,2024,46228.196829371715,-0.7571461710401716
18097352800,NA,2025,43670.65710992503,-0.8955465003726366
18097352800,NA,2026,52177.31902255276,-0.7189881262535012
18097352800,NA,2027,49941.0157703064,-0.8253145124858724
18097352800,NA,2028,58935.1329614984,-0.66988010996569
18097353300,NA,2024,57556.25394626184,-0.4134223393786318
18097353300,NA,2025,61766.36694169911,-0.3846911526576969
18097353300,NA,2026,67159.81810721706,-0.33769010199343913
18097353300,NA,2027,72468.09176106226,-0.30224901290372486
18097353300,NA,2028,78545.03979489631,-0.26494587888604876
18097353500,NA,2024,43322.77335135633,-0.8453045622062825
18097353500,NA,2025,50173.40667727246,-0.711969043494021
18097353500,NA,2026,58197.44075976358,-0.5657786709261777
18097353500,NA,2027,67515.18207581573,-0.41725267249815445
18097353500,NA,2028,78325.95914371815,-0.26946977875885003
18097353600,NA,2024,47108.46953987129,-0.7304363208127332
18097353600,NA,2025,52101.24846966078,-0.6575446358114531
18097353600,NA,2026,57698.26991566317,-0.5784823497682832
18097353600,NA,2027,63882.59087471469,-0.5015993108351201
18097353600,NA,2028,70732.36625873919,-0.4262734659020177
18097354200,NA,2024,73140.70963701673,0.059452114652753005
18097354200,NA,2025,76297.41792244227,0.025531224383109986
18097354200,NA,2026,79590.36747682402,-0.021338077653936638
18097354200,NA,2027,83025.43872636466,-0.05711360487589029
18097354200,NA,2028,86608.76553442098,-0.09843419631087243
18097354201,NA,2024,100121.83336870212,0.8781322409880449
18097354201,NA,2025,100803.01942470288,0.7173425814827594
18097354201,NA,2026,115275.55217060389,0.8868342067028921
18097354201,NA,2027,116703.5906938063,0.7248733423462944
18097354201,NA,2028,132754.7130967052,0.8544552769705863
18097354400,NA,2024,72501.94941045197,0.04007040512195689
18097354400,NA,2025,75405.84578263268,3.614797458680428e-4
18097354400,NA,2026,78307.4326903102,-0.05398820475142023
18097354400,NA,2027,81356.05391835395,-0.09587574155777895
18097354400,NA,2028,84512.79628687013,-0.14171485556306704
18097354500,NA,2024,60845.464064888845,-0.31361882555023757
18097354500,NA,2025,64795.70765513295,-0.2991706111649872
18097354500,NA,2026,68968.33042537219,-0.2916642574486946
18097354500,NA,2027,73404.06800406404,-0.2805161931918523
18097354500,NA,2028,78124.17624033109,-0.27363648926503664
18097354700,NA,2024,50092.59973730766,-0.6398897553200156
18097354700,NA,2025,55352.4326322697,-0.5657612887465838
18097354700,NA,2026,60994.04370353738,-0.4946063537396343
18097354700,NA,2027,67339.58016742853,-0.4213300458765644
18097354700,NA,2028,74247.54181166459,-0.3536869451333641
18097354800,NA,2024,79015.9080640077,0.2377214943230053
18097354800,NA,2025,94045.65711205213,0.5265772174292511
18097354800,NA,2026,112861.69322479422,0.8254025562366625
18097354800,NA,2027,135176.68960487956,1.1538078704988204
18097354800,NA,2028,161979.4372567242,1.4579304136345248
18097354900,NA,2024,38531.990639420554,-0.9906698418312581
18097354900,NA,2025,41180.88907862386,-0.9658345037272528
18097354900,NA,2026,44011.88300255658,-0.9267948882664788
18097354900,NA,2027,47037.49455599157,-0.8927325730959654
18097354900,NA,2028,50271.10278320393,-0.8487877625162538
18097355000,NA,2024,44484.25794480459,-0.8100619843523423
18097355000,NA,2025,54036.96074487345,-0.6028980385448731
18097355000,NA,2026,54796.03244163607,-0.6523430193753151
18097355000,NA,2027,64144.10289266341,-0.4955271550714864
18097355000,NA,2028,66987.874700353,-0.5035952412098398
18097355100,NA,2024,30644.49933893858,-1.2299976192271234
18097355100,NA,2025,31593.406510103858,-1.236496267580925
18097355100,NA,2026,32569.72831336978,-1.217992701902967
18097355100,NA,2027,33576.92988019205,-1.2052789945531535
18097355100,NA,2028,34615.023379789796,-1.1720775429728396
18097355300,NA,2024,43960.1431908573,-0.8259650407721852
18097355300,NA,2025,45404.447387790824,-0.8466003112759982
18097355300,NA,2026,46858.84694032945,-0.8543409058915641
18097355300,NA,2027,48352.19610155509,-0.8622059738598374
18097355300,NA,2028,49891.57499991239,-0.8566248110247546
18097355400,NA,2024,44350.935157748165,-0.8141073576005494
18097355400,NA,2025,47551.99114802338,-0.7859735536320238
18097355400,NA,2026,51098.61202704818,-0.7464407457275387
18097355400,NA,2027,54843.96979471387,-0.7114707940531125
18097355400,NA,2028,58901.56112524042,-0.670573350673897
18097355500,NA,2024,61809.45060949342,-0.2843688716205724
18097355500,NA,2025,59282.17221632355,-0.4548218174407391
18097355500,NA,2026,68067.10434274671,-0.3146000656055906
18097355500,NA,2027,67740.17248520337,-0.4120285270770696
18097355500,NA,2028,75137.82691015191,-0.3353030275114995
18097355600,NA,2024,37869.95442580891,-1.0107578076397994
18097355600,NA,2025,40712.74012413694,-0.9790506969106156
18097355600,NA,2026,42600.77404381409,-0.9627069917776294
18097355600,NA,2027,45149.32442518277,-0.9365747767256277
18097355600,NA,2028,47562.68654460188,-0.9047151290427524
18097355700,NA,2024,38195.36481812986,-1.0008839779303542
18097355700,NA,2025,39856.33250742194,-1.0032277209063507
18097355700,NA,2026,41582.01797151998,-0.9886338865749262
18097355700,NA,2027,43381.43769164757,-0.9776240703783284
18097355700,NA,2028,45258.596596972624,-0.9522933709593622
18097355900,NA,2024,135206.55912236363,1.942697527374375
18097355900,NA,2025,158676.70057658572,2.3511596454851684
18097355900,NA,2026,192399.81725898292,2.8496128949932054
18097355900,NA,2027,229062.10200322303,3.3337721126298177
18097355900,NA,2028,275519.4500747338,3.8024717813135673
18097356200,NA,2024,102326.96365106196,0.9450418462402558
18097356200,NA,2025,108134.22726942632,0.9243080317195083
18097356200,NA,2026,114454.33696943044,0.8659346403534923
18097356200,NA,2027,121071.34743879216,0.8262900936728684
18097356200,NA,2028,128099.54594748947,0.7583285311308536
18097356400,NA,2024,41335.630109166756,-0.9055998522297889
18097356400,NA,2025,46877.86212185627,-0.8050047174420577
18097356400,NA,2026,48205.24492911835,-0.8200756681570656
18097356400,NA,2027,52596.49296512862,-0.7636558886099346
18097356400,NA,2028,55365.714559825,-0.7435867169456627
18097356900,NA,2024,50175.49878778623,-0.6373743743524257
18097356900,NA,2025,53634.566334456395,-0.6142579320424582
18097356900,NA,2026,57414.66318540816,-0.5857000165475044
18097356900,NA,2027,61448.40773076336,-0.5581196165680001
18097356900,NA,2028,65767.52138323149,-0.5287948934219795
18097357000,NA,2024,85691.47955557659,0.44027635328389647
18097357000,NA,2025,100904.43451880506,0.720205605019429
18097357000,NA,2026,117819.78171716724,0.9515837317244995
18097357000,NA,2027,137792.55263438847,1.2145466766772177
18097357000,NA,2028,161101.5546373449,1.4398026006634248
18097357100,NA,2024,94439.62977106124,0.7057188454067296
18097357100,NA,2025,109325.32070911671,0.9579334854292931
18097357100,NA,2026,126562.90129137837,1.1740922865842494
18097357100,NA,2027,146518.2503685484,1.4171522632342168
18097357100,NA,2028,169619.98978978573,1.6157037927374576
18097357200,NA,2024,75297.13539637586,0.12488389320508883
18097357200,NA,2025,84208.28703852675,0.24886094344882004
18097357200,NA,2026,93590.42494859136,0.33495723885812956
18097357200,NA,2027,103786.23211741063,0.42493984810066904
18097357200,NA,2028,115000.7871106979,0.4878460712835532
18097357300,NA,2024,26465.05135699612,-1.3568133529191277
18097357300,NA,2025,27781.627412093632,-1.3441056266295193
18097357300,NA,2026,29211.61272586993,-1.3034552693635078
18097357300,NA,2027,30699.77708957656,-1.2720847958215928
18097357300,NA,2028,32268.715060246468,-1.2205275719975524
18097357400,NA,2024,32582.6110089926,-1.1711900794570733
18097357400,NA,2025,33475.32097898806,-1.1833684224005427
18097357400,NA,2026,34675.5597171733,-1.1644002171540806
18097357400,NA,2027,35672.16130411202,-1.1566289490726553
18097357400,NA,2028,36910.62594725708,-1.1246745609791335
18097357600,NA,2024,38455.26352134682,-0.9929979497092922
18097357600,NA,2025,39518.25756536738,-1.0127718279727527
18097357600,NA,2026,40610.33375954521,-1.013362823192043
18097357600,NA,2027,41732.516293537214,-1.0159110586775741
18097357600,NA,2028,42885.69040032965,-1.0012926321147118
18097357601,NA,2024,50092.547293772725,-0.6398913465984306
18097357601,NA,2025,52754.01735651858,-0.6391164846212908
18097357601,NA,2026,62040.58790206074,-0.4679722633290273
18097357601,NA,2027,66120.36823884134,-0.44963943218061325
18097357601,NA,2028,76937.44550712797,-0.29814185285655337
18097357800,NA,2024,46165.85672727537,-0.759037738017423
18097357800,NA,2025,48351.39441463193,-0.7634058048382903
18097357800,NA,2026,51455.22178994053,-0.7373651838166501
18097357800,NA,2027,54363.49091238466,-0.7226272320536472
18097357800,NA,2028,57624.84991074384,-0.6969367637357298
18097357900,NA,2024,67503.71388366721,-0.1115895528995945
18097357900,NA,2025,72119.41993728148,-0.09241676623475158
18097357900,NA,2026,77051.58548328318,-0.08594896484264301
18097357900,NA,2027,82321.13993680193,-0.07346700992361617
18097357900,NA,2028,87951.08721049053,-0.07071596182976679
18097358000,NA,2024,18832.946702075405,-1.5883920101029645
18097358000,NA,2025,17494.644704877646,-1.6345147996703528
18097358000,NA,2026,16244.299732798449,-1.633467692276382
18097358000,NA,2027,15081.417130552316,-1.6347339588986474
18097358000,NA,2028,14001.276669872275,-1.5977405379359102
18097358100,NA,2024,43220.35507472324,-0.8484122091852168
18097358100,NA,2025,45237.62652884183,-0.8513097882015651
18097358100,NA,2026,47625.4211701233,-0.8348319282759233
18097358100,NA,2027,50232.09758822898,-0.8185557633000734
18097358100,NA,2028,53012.612587114265,-0.7921770313243518
18097360101,NA,2024,35246.28848609481,-1.0903669145230792
18097360101,NA,2025,38744.704662911194,-1.034609801759571
18097360101,NA,2026,42412.361773119774,-0.967502001352209
18097360101,NA,2027,46490.7503391459,-0.9054276533205532
18097360101,NA,2028,50938.56066132572,-0.835005109444441
18097360102,NA,2024,34069.3988005783,-1.1260769244545734
18097360102,NA,2025,36365.81111160474,-1.1017677360781024
18097360102,NA,2026,38824.02638724035,-1.0588235616130584
18097360102,NA,2027,41448.90665553486,-1.0224963082256684
18097360102,NA,2028,44251.28950706401,-0.973093730970177
18097360201,NA,2024,45838.74311783351,-0.7689632479319475
18097360201,NA,2025,48073.52273053824,-0.7712503291546874
18097360201,NA,2026,50399.41478411267,-0.7642350086067055
18097360201,NA,2027,52836.065217650976,-0.7580931613388476
18097360201,NA,2028,55390.343695117,-0.7430781382947618
18097360202,NA,2024,49365.08783086468,-0.6619644303928601
18097360202,NA,2025,52980.382384242635,-0.6327260315236498
18097360202,NA,2026,55956.05732519522,-0.6228208953495338
18097360202,NA,2027,58627.622179839585,-0.6236166035721508
18097360202,NA,2028,61181.67974301552,-0.623490104072916
18097360301,NA,2024,54902.51358877691,-0.4939439852793719
18097360301,NA,2025,58438.51634862735,-0.47863885007722223
18097360301,NA,2026,61221.66215032227,-0.4888135641953948
18097360301,NA,2027,63718.17357319986,-0.5054169841981474
18097360301,NA,2028,66137.2895501535,-0.5211593758429117
18097360302,NA,2024,26435.77692405084,-1.3577016182375174
18097360302,NA,2025,26595.861712263053,-1.3775806742804138
18097360302,NA,2026,26766.16316415018,-1.3656908871360995
18097360302,NA,2027,26936.919628438896,-1.3594561403571221
18097360302,NA,2028,27108.8091068543,-1.3270769078731108
18097360401,NA,2024,46939.81569755389,-0.7355537336495156
18097360401,NA,2025,49042.61274612511,-0.7438921972282777
18097360401,NA,2026,51485.96240349488,-0.7365828486970829
18097360401,NA,2027,53959.128027328145,-0.7320163012151912
18097360401,NA,2028,56585.25713832514,-0.7184038060583564
18097360402,NA,2024,42260.14174005754,-0.8775476737400076
18097360402,NA,2025,42564.229933329414,-0.926781762502478
18097360402,NA,2026,42870.51091617309,-0.9558423067928762
18097360402,NA,2027,43178.99628982475,-0.9823246410615373
18097360402,NA,2028,43489.70149421893,-0.9888201216665197
18097360404,NA,2024,28323.215306297912,-1.3004316428060088
18097360404,NA,2025,27910.042665338533,-1.3404803685181663
18097360404,NA,2026,26852.25328375745,-1.3634999313863898
18097360404,NA,2027,26245.01542654597,-1.3755217503446155
18097360404,NA,2028,25386.66240107343,-1.362638328844476
18097360405,NA,2024,70055.81417647807,-0.034151940926261726
18097360405,NA,2025,74891.1798925316,-0.014167921128086543
18097360405,NA,2026,78520.73936635899,-0.048559643489425305
18097360405,NA,2027,83356.32842392653,-0.049430540059453014
18097360405,NA,2028,87787.80961039511,-0.07408755813610737
18097360407,NA,2024,68673.84453058675,-0.07608463044434854
18097360407,NA,2025,74831.86358136828,-0.0158424647103061
18097360407,NA,2026,79145.0909099964,-0.03267017079949587
18097360407,NA,2027,86112.69839544244,0.01457075494997618
18097360407,NA,2028,91206.08169229855,-0.0035020429235023335
18097360501,NA,2024,78346.43263709657,0.2174078027016912
18097360501,NA,2025,82441.26746792805,0.19897666670316427
18097360501,NA,2026,88316.6503062023,0.20074198944129157
18097360501,NA,2027,94132.59688508329,0.20078809677469955
18097360501,NA,2028,100475.56803746548,0.18790796007002072
18097360502,NA,2024,65785.48555080657,-0.16372523867043173
18097360502,NA,2025,66646.20261808518,-0.24692976200615505
18097360502,NA,2026,69690.45581879212,-0.2732864832053525
18097360502,NA,2027,72025.66177966846,-0.312521977728047
18097360502,NA,2028,74761.94688469077,-0.3430647517451444
18097360601,NA,2024,79812.45602593804,0.26189090967390966
18097360601,NA,2025,83675.61379030382,0.2338231814616357
18097360601,NA,2026,88135.55766829159,0.19613326130767367
18097360601,NA,2027,92747.774497475315,0.1686333326897402
18097360601,NA,2028,97619.1120367472,0.12892365055286745
18097360602,NA,2024,41667.36713919153,-0.8955340552544081
18097360602,NA,2025,42257.79415481037,-0.9354326724498054
18097360602,NA,2026,42609.60667580227,-0.9624822051711308
18097360602,NA,2027,43024.73750940362,-0.9859064395194916
18097360602,NA,2028,43429.08597794577,-0.9900718001003899
18097360700,NA,2024,82240.35411922031,0.3355598916445648
18097360700,NA,2025,85883.84891646814,0.2961633015066763
18097360700,NA,2026,89688.76172763373,0.23566162274812666
18097360700,NA,2027,93662.24361994644,0.18986676966993654
18097360700,NA,2028,97811.76271072667,0.13290178533941271
18097360800,NA,2024,40585.07116588896,-0.9283738366129205
18097360800,NA,2025,42360.955331066565,-0.9325203557152331
18097360800,NA,2026,44213.65311024124,-0.9216599276046991
18097360800,NA,2027,46147.33636185129,-0.9134015245709015
18097360800,NA,2028,48165.5870392701,-0.8922655518825885
18097360900,NA,2024,39943.54760481186,-0.9478393931721122
18097360900,NA,2025,39877.74284740335,-1.0026232910841675
18097360900,NA,2026,39805.02601277824,-1.033857551810306
18097360900,NA,2027,39731.940256831505,-1.0623632615520595
18097360900,NA,2028,39658.95286357563,-1.0679230600123082
18097361000,NA,2024,99074.06118973967,0.8463400047426645
18097361000,NA,2025,103558.701857482,0.7951375461719843
18097361000,NA,2026,108590.0702574666,0.7166916269970218
18097361000,NA,2027,113755.77601948335,0.6564268135587569
18097361000,NA,2028,119202.40609501516,0.5746072867833887
18097361100,NA,2024,82925.7519051958,0.356356710620395
18097361100,NA,2025,89363.07213985537,0.3943843608674147
18097361100,NA,2026,95440.38939998257,0.3820380219958928
18097361100,NA,2027,101274.75825600448,0.3666248972147669
18097361100,NA,2028,106967.002181627,0.32195265064924183
18097361200,NA,2024,74693.7312958259,0.10657498397721447
18097361200,NA,2025,80773.39638701225,0.1518914255655749
18097361200,NA,2026,87054.20125292023,0.1686132152611447
18097361200,NA,2027,93894.14726828987,0.19525143644717194
18097361200,NA,2028,101254.4299131399,0.20399104692111833
18097361300,NA,2024,66512.10170414412,-0.14167774316478418
18097361300,NA,2025,70804.58662829043,-0.1295354884897024
18097361300,NA,2026,74234.62911579473,-0.1576392677273981
18097361300,NA,2027,78156.96767736513,-0.17015664883291112
18097361300,NA,2028,82192.15296667226,-0.18963491589063566
18097361400,NA,2024,55843.92564386356,-0.4653790022988145
18097361400,NA,2025,56189.15689577911,-0.5421399404518582
18097361400,NA,2026,56537.63997619472,-0.6080198722013315
18097361400,NA,2027,56887.996269082905,-0.6640096974858656
18097361400,NA,2028,57240.59792429325,-0.7048713645472541
18097361402,NA,2024,82347.21482528799,0.33880233392435105
18097361402,NA,2025,89548.59286239222,0.39962174885058604
18097361402,NA,2026,97920.55023825828,0.44515702651828803
18097361402,NA,2027,106849.546865241,0.4960682208912067
18097361402,NA,2028,116686.48393616072,0.5226548214551572
18097361600,NA,2024,82539.87023574376,0.34464801912781373
18097361600,NA,2025,84763.36913216265,0.2645313238091857
18097361600,NA,2026,86007.39496463267,0.14197245478109813
18097361600,NA,2027,88228.26640723676,0.06369300408001433
18097361600,NA,2028,89611.76157028123,-0.03642391237391514
18097361601,NA,2024,96149.68965910828,0.7576066785121823
18097361601,NA,2025,98216.80708134756,0.6443318834658404
18097361601,NA,2026,104540.17315322324,0.6136235236333337
18097361601,NA,2027,107107.48583612802,0.5020574125965167
18097361601,NA,2028,113687.56892307349,0.460728808485556
18097361602,NA,2024,54501.31683810555,-0.506117377677377
18097361602,NA,2025,60893.73446748757,-0.4093262164482273
18097361602,NA,2026,41274.78064151917,-0.9964529417436433
18097361602,NA,2027,45610.12289117277,-0.9258753064562216
18097361602,NA,2028,31250.49368943677,-1.2415533061512438
18097370201,NA,2024,56356.39058992283,-0.44982943249755686
18097370201,NA,2025,58490.30009174876,-0.477176956493373
18097370201,NA,2026,60702.5480194045,-0.5020247909317294
18097370201,NA,2027,62998.64081831115,-0.5221241129908957
18097370201,NA,2028,65381.57199708919,-0.5367645446416897
18097370202,NA,2024,35010.318764731725,-1.0975268728412708
18097370202,NA,2025,35261.49648975821,-1.1329433592161084
18097370202,NA,2026,35757.60701207263,-1.1368625885268668
18097370202,NA,2027,36098.25613102834,-1.146735276959958
18097370202,NA,2028,36549.98655940922,-1.1321215740861255
18097370301,NA,2024,85357.03030880787,0.4301282603311995
18097370301,NA,2025,88442.37855483496,0.3683924961720242
18097370301,NA,2026,91639.7567051017,0.2853135884212825
18097370301,NA,2027,94952.89377033216,0.21983490960848462
18097370301,NA,2028,98385.86887530464,0.14475677477340282
18097370302,NA,2024,86684.27987790393,0.4704005950090166
18097370302,NA,2025,94423.05070418492,0.5372313192316498
18097370302,NA,2026,95978.01521928332,0.3957203630747855
18097370302,NA,2027,104088.2335130328,0.43195214347981353
18097370302,NA,2028,106238.52605015466,0.30691000283537095
18097370303,NA,2024,115970.64718636294,1.3590280341928958
18097370303,NA,2025,105835.86914492422,0.8594236724000226
18097370303,NA,2026,140242.5790633125,1.522234080384976
18097370303,NA,2027,132468.8828265839,1.0909341843691887
18097370303,NA,2028,170134.15766098327,1.6263210880330494
18097370304,NA,2024,96057.46450593189,0.7548083184140418
18097370304,NA,2025,95071.4340161345,0.5555356623802653
18097370304,NA,2026,108245.10278721649,0.7079123563228125
18097370304,NA,2027,109043.08617686652,0.5470009178981023
18097370304,NA,2028,122251.04808200436,0.6375601355310475
18097380100,NA,2024,61412.7545529695,-0.29640570080905887
18097380100,NA,2025,61001.02687466154,-0.4062972719921337
18097380100,NA,2026,60591.97720584594,-0.5048387695952662
18097380100,NA,2027,60185.69371880092,-0.5874390957479678
18097380100,NA,2028,59782.12789178247,-0.6523901114798837
18097380101,NA,2024,141380.32143157313,2.1300261411686225
18097380101,NA,2025,146790.83111855155,2.0156127102543255
18097380101,NA,2026,163488.09476000935,2.113822249886631
18097380101,NA,2027,170658.56149063836,1.9776761369196438
18097380101,NA,2028,189130.5710097758,2.018587002298561
18097380103,NA,2024,99423.67357351248,0.8569481882031399
18097380103,NA,2025,102631.46781912756,0.7689610396143388
18097380103,NA,2026,112015.52231698064,0.803867878109039
18097380103,NA,2027,115964.85292159762,0.707720284308975
18097380103,NA,2028,126202.86234992536,0.7191630154195323
18097380200,NA,2024,39710.6740647359,-0.9549054049922814
18097380200,NA,2025,41404.04815051183,-0.9595345571473792
18097380200,NA,2026,43349.96137833947,-0.9436405030135763
18097380200,NA,2027,45460.434376719735,-0.9293509860173956
18097380200,NA,2028,47703.28694083135,-0.9018118050330887
18097380300,NA,2024,33932.7508508564,-1.13022319211393
18097380300,NA,2025,34556.126207143454,-1.1528564869321722
18097380300,NA,2026,35190.97110003585,-1.1512832237302135
18097380300,NA,2027,35837.48146128425,-1.152790311930499
18097380300,NA,2028,36495.86952460392,-1.1332390623058999
18097380301,NA,2024,47416.83047816343,-0.7210798175614838
18097380301,NA,2025,51814.281585705285,-0.6656459243847449
18097380301,NA,2026,56506.53350064596,-0.6088115183480398
18097380301,NA,2027,61644.79524157091,-0.5535596136854958
18097380301,NA,2028,67246.35188541749,-0.498257823695573
18097380302,NA,2024,55451.58841558049,-0.4772835728723381
18097380302,NA,2025,66625.00133447727,-0.2475282900114231
18097380302,NA,2026,80681.2807733276,0.006425186821855416
18097380302,NA,2027,97105.44545148892,0.2698158978620283
18097380302,NA,2028,117434.40466373316,0.5380989899206733
18097380402,NA,2024,46409.50269266968,-0.7516448617342216
18097380402,NA,2025,46562.17834795552,-0.8139167051774523
18097380402,NA,2026,49661.70108353876,-0.7830094984237167
18097380402,NA,2027,50272.28217743557,-0.8176227006941021
18097380402,NA,2028,53211.22042819299,-0.788075884179857
18097380403,NA,2024,69538.04506068188,-0.04986245355530944
18097380403,NA,2025,74050.11271637082,-0.037911873077116805
18097380403,NA,2026,78899.79471571956,-0.038912851256724085
18097380403,NA,2027,84071.95190129246,-0.032814182399243386
18097380403,NA,2028,89583.68873363257,-0.037003601641137376
18097380404,NA,2024,56968.82850535674,-0.4312464129404008
18097380404,NA,2025,58001.89019992612,-0.4909651310073323
18097380404,NA,2026,59092.87501892307,-0.5429902621338314
18097380404,NA,2027,60198.27201613585,-0.587147035056998
18097380404,NA,2028,61325.29845329606,-0.6205244534703821
18097380501,NA,2024,50045.17502843131,-0.6413287490046526
18097380501,NA,2025,51651.66360710917,-0.6702367508719462
18097380501,NA,2026,53257.223752295344,-0.691505024968922
18097380501,NA,2027,54900.73414106223,-0.7101527592050327
18097380501,NA,2028,56592.23872779899,-0.7182596399187962
18097380502,NA,2024,41406.39974960545,-0.9034525103047002
18097380502,NA,2025,42405.98686220755,-0.9312490820977278
18097380502,NA,2026,43366.012997181606,-0.9432319963608412
18097380502,NA,2027,44360.975559354345,-0.9548797752757626
18097380502,NA,2028,45376.02648464937,-0.9498685057279188
18097380600,NA,2024,75056.14640412734,0.11757163665931204
18097380600,NA,2025,82230.20246580416,0.1930181447080158
18097380600,NA,2026,91161.30024043028,0.27313708144185617
18097380600,NA,2027,100675.65111258866,0.3527139805293247
18097380600,NA,2028,111321.35675602422,0.41186777550994136
18097380700,NA,2024,63906.22366930697,-0.22074711699777602
18097380700,NA,2025,68464.76291412962,-0.19559045224638508
18097380700,NA,2026,73986.06486655076,-0.16396511874883557
18097380700,NA,2027,79577.72878501558,-0.13716740873512714
18097380700,NA,2028,85810.73187571131,-0.11491317036774601
18097380800,NA,2024,57840.77880185088,-0.4047890872192482
18097380800,NA,2025,59222.95766153891,-0.45649348836470466
18097380800,NA,2026,60565.39362574646,-0.50551531003838
18097380800,NA,2027,61921.59180901928,-0.5471325596419786
18097380800,NA,2028,63304.33977253352,-0.5796582942535817
18097380901,NA,2024,94078.556095281,0.6947628954083621
18097380901,NA,2025,99296.11434969211,0.6748015304146033
18097380901,NA,2026,104314.60317506905,0.6078828667164502
18097380901,NA,2027,109322.5176353756,0.5534891525675284
18097380901,NA,2028,114428.02896663152,0.47601891776199134
18097380902,NA,2024,74021.7380945361,0.08618489628482057
18097380902,NA,2025,75439.74216179826,0.0013183997410431817
18097380902,NA,2026,76051.43737812393,-0.11140229504541364
18097380902,NA,2027,76906.61836969231,-0.19918902682721695
18097380902,NA,2028,77702.597195325,-0.28234187414417783
18097381001,NA,2024,32350.301749071183,-1.1782389694941469
18097381001,NA,2025,33235.5603173892,-1.1901370442058272
18097381001,NA,2026,31781.86535929296,-1.2380434682056782
18097381001,NA,2027,32178.79283212307,-1.2377429172492287
18097381001,NA,2028,31130.9439260405,-1.244021945697974
18097381002,NA,2024,92360.88692223794,0.6426441760557753
18097381002,NA,2025,96399.84395077763,0.5930376628753499
18097381002,NA,2026,102071.3150714906,0.5507921693029532
18097381002,NA,2027,107121.07113455494,0.5023728552625583
18097381002,NA,2028,113039.30186919856,0.4473424358104941
18097381003,NA,2024,44342.06787140232,-0.814376415004461
18097381003,NA,2025,43807.5976958658,-0.8916805657783372
18097381003,NA,2026,43378.537083345545,-0.9429132638661494
18097381003,NA,2027,42938.20159429874,-0.9879157527425972
18097381003,NA,2028,42504.752811209575,-1.0091587923698413
18097381004,NA,2024,40686.12705130318,-0.9253075282611792
18097381004,NA,2025,42793.03115669425,-0.9203225337899127
18097381004,NA,2026,46693.19099381713,-0.8585567770059319
18097381004,NA,2027,49349.883333254715,-0.8390402611641534
18097381004,NA,2028,53621.471805165806,-0.7796044096697934
18097381101,NA,2024,89849.1029439294,0.5664298698935114
18097381101,NA,2025,95303.54748862395,0.5620883983491917
18097381101,NA,2026,101089.13748388088,0.5257961808826084
18097381101,NA,2027,107225.95308352791,0.5048081526380017
18097381101,NA,2028,113735.3161858606,0.46171476427347075
18097381102,NA,2024,67150.83142379609,-0.12229695929607198
18097381102,NA,2025,70812.90890126018,-0.12930054453385534
18097381102,NA,2026,74655.39958668183,-0.14693084396514008
18097381102,NA,2027,78710.08137133424,-0.1573136730831778
18097381102,NA,2028,82984.27613082627,-0.17327799042830822
18097381201,NA,2024,73296.35626348256,0.06417485344917577
18097381201,NA,2025,74636.91738718,-0.02134594076864166
18097381201,NA,2026,76826.30468074404,-0.09168226236707405
18097381201,NA,2027,78376.7171345479,-0.16505419524988157
18097381201,NA,2028,80551.9585730286,-0.2235040648495728
18097381203,NA,2024,46989.43765873337,-0.7340480693987819
18097381203,NA,2025,49202.97167906728,-0.7393651452801122
18097381203,NA,2026,51519.09104968037,-0.7357397391954199
18097381203,NA,2027,53943.65744151264,-0.7323755191492781
18097381203,NA,2028,56482.12889498018,-0.7205333498790524
18097381204,NA,2024,30263.852052249465,-1.2415474854170874
18097381204,NA,2025,30939.314918616856,-1.254961759706566
18097381204,NA,2026,31630.641389276618,-1.241892051853984
18097381204,NA,2027,32337.446764768734,-1.2340590659329713
18097381204,NA,2028,33060.04738307645,-1.2041869769913647
18097381205,NA,2024,62028.52664187201,-0.2777215134286629
18097381205,NA,2025,64209.92853668919,-0.3157075913674046
18097381205,NA,2026,68566.19086650237,-0.3018985326792418
18097381205,NA,2027,72245.3837642106,-0.3074201620436291
18097381205,NA,2028,76561.28914522879,-0.3059092832918649
18097381206,NA,2024,80375.66456497565,0.27898017706238953
18097381206,NA,2025,81492.63670002161,0.17219611455588105
18097381206,NA,2026,89241.22059931362,0.22427189750674512
18097381206,NA,2027,90767.08079200164,0.1226427858918359
18097381206,NA,2028,99097.44465032432,0.15945043914215729
18097390101,NA,2024,95102.33471061004,0.7258271021653498
18097390101,NA,2025,99674.36726764531,0.6854798916240585
18097390101,NA,2026,104372.70634260395,0.6093615668224284
18097390101,NA,2027,109340.05377286396,0.5538963314006737
18097390101,NA,2028,114519.6136499634,0.47791009315811844
18097390102,NA,2024,48831.36641397736,-0.678158978898341
18097390102,NA,2025,50189.282591556,-0.7115208546256645
18097390102,NA,2026,51470.27874475882,-0.736981990926656
18097390102,NA,2027,52759.758704361426,-0.759864953848073
18097390102,NA,2028,54076.429275379785,-0.7702097779185973
18097390103,NA,2024,84451.67483675061,0.4026573314101866
18097390103,NA,2025,96074.24617709313,0.5838457955522595
18097390103,NA,2026,109312.89071686726,0.7350870903644334
18097390103,NA,2027,124375.1192462983,0.9030017384379391
18097390103,NA,2028,141512.79837586082,1.0353051177360098
18097390104,NA,2024,102410.16183925237,0.9475663038535093
18097390104,NA,2025,109221.60969607472,0.9550056463933021
18097390104,NA,2026,117103.986876837,0.9333670672781236
18097390104,NA,2027,125297.98462945592,0.9244301316695551
18097390104,NA,2028,134171.96752611254,0.8837208332780169
18097390200,NA,2024,108968.63978598008,1.146568228583902
18097390200,NA,2025,112906.9832792181,1.059046483739752
18097390200,NA,2026,116794.48559436978,0.9254903955130304
18097390200,NA,2027,120762.10095178249,0.8191095715186343
18097390200,NA,2028,124849.54667766854,0.6912177607169433
18097390300,NA,2024,131799.87128831507,1.8393294225430512
18097390300,NA,2025,143768.11467813276,1.9302791769158094
18097390300,NA,2026,153114.30457581687,1.8498138438811351
18097390300,NA,2027,164795.53700970474,1.8415401452605238
18097390300,NA,2028,176546.92963343704,1.758741446264027
18097390402,NA,2024,94541.0303034504,0.7087956112780242
18097390402,NA,2025,98539.38153901164,0.6534384003290024
18097390402,NA,2026,102706.84570732682,0.5669661449816258
18097390402,NA,2027,107050.55978384764,0.5007356230314841
18097390402,NA,2028,111577.98004720258,0.41716691109346465
18097390403,NA,2024,123855.69376082013,1.5982816320019235
18097390403,NA,2025,130758.64143065969,1.5630120709989976
18097390403,NA,2026,133345.04454930205,1.3466948550797806
18097390403,NA,2027,140508.82368727386,1.277616898301234
18097390403,NA,2028,143546.38425316548,1.0772975933024067
18097390404,NA,2024,74790.55047433157,0.1095127392048671
18097390404,NA,2025,77495.55405169513,0.05935549845743044
18097390404,NA,2026,80243.12097678454,-0.004725787644284608
18097390404,NA,2027,83114.97250493447,-0.05503468302041686
18097390404,NA,2028,86076.53416954164,-0.10942449322175976
18097390405,NA,2024,86935.91878404406,0.47803599869043345
18097390405,NA,2025,90750.47308565794,0.43355172148365867
18097390405,NA,2026,94816.9899048984,0.36617277852368596
18097390405,NA,2027,99056.95331281856,0.31512876646706844
18097390405,NA,2028,103487.42610226548,0.2501012402295002
18097390406,NA,2024,132281.35264875006,1.8539388667199852
18097390406,NA,2025,142401.57597121852,1.8917007728202264
18097390406,NA,2026,153296.050021401,1.8544391856834532
18097390406,NA,2027,165024.0089822848,1.8468451305381137
18097390406,NA,2028,177649.21885973806,1.7815031372843728
18097390407,NA,2024,139683.50951340576,2.0785402872306284
18097390407,NA,2025,142454.40113925922,1.8931920666041346
18097390407,NA,2026,145567.748380413,1.65775730171052
18097390407,NA,2027,148576.25194102788,1.464937853387664
18097390407,NA,2028,151750.71293617357,1.2467126524866972
18097390408,NA,2024,92647.36091496416,0.6513365702973631
18097390408,NA,2025,93009.4937899428,0.4973255561721624
18097390408,NA,2026,100526.70001377018,0.5114823941831285
18097390408,NA,2027,101411.87524853356,0.36980867340604234
18097390408,NA,2028,109111.13762734506,0.36622791648394454
18097390409,NA,2024,93350.47269720145,0.6726708797365906
18097390409,NA,2025,91323.39060106211,0.44972560906611025
18097390409,NA,2026,88890.43331625599,0.2153445151515321
18097390409,NA,2027,86644.93870425144,0.02692906293185459
18097390409,NA,2028,84422.60828851108,-0.14357719015131376
18097390410,NA,2024,121916.3913682326,1.5394379624959937
18097390410,NA,2025,137209.63334073525,1.7451283707166987
18097390410,NA,2026,154149.5898571802,1.8761613997927797
18097390410,NA,2027,173222.13147458795,2.0372007292332954
18097390410,NA,2028,194648.2245698964,2.132523637526529
18097390411,NA,2024,60724.33634642424,-0.31729416749823997
18097390411,NA,2025,61217.67111620896,-0.40018124391835147
18097390411,NA,2026,61606.058280876496,-0.4790308514259634
18097390411,NA,2027,62019.650346059105,-0.5448556978918749
18097390411,NA,2028,62431.26691337946,-0.5976867882133766
18097390500,NA,2024,56083.57870412765,-0.45810728153563374
18097390500,NA,2025,61400.70090140728,-0.39501417694894747
18097390500,NA,2026,67088.39997150915,-0.33950766219403583
18097390500,NA,2027,73271.11653396912,-0.283603248393953
18097390500,NA,2028,80016.01808190928,-0.2345709532605998
18097390600,NA,2024,46182.42363061003,-0.7585350534498757
18097390600,NA,2025,47316.79024330606,-0.7926134501091026
18097390600,NA,2026,48479.01998076468,-0.8131082132822448
18097390600,NA,2027,49669.79725722254,-0.83161204737679
18097390600,NA,2028,50889.82327922764,-0.8360115106737985
18097390601,NA,2024,71573.08919703482,0.011886278899847197
18097390601,NA,2025,74647.50874694207,-0.02104693880495387
18097390601,NA,2026,81139.33837763913,0.018082551760396085
18097390601,NA,2027,84908.68265124182,-0.013385784860317041
18097390601,NA,2028,92009.16973700454,0.01308130153779942
18097390700,NA,2024,64106.5596649779,-0.2146683821060644
18097390700,NA,2025,70673.3516433025,-0.13324034972541102
18097390700,NA,2026,78084.76249856442,-0.059655063377240636
18097390700,NA,2027,86317.14842776222,0.019317964855905343
18097390700,NA,2028,95428.59170882498,0.08369056137057636
18097390800,NA,2024,65467.076341083695,-0.1733866336009963
18097390800,NA,2025,66866.13398403944,-0.24072093596548205
18097390800,NA,2026,68267.96027167761,-0.3094883703917618
18097390800,NA,2027,69710.32809719644,-0.36628266863256437
18097390800,NA,2028,71178.58407995047,-0.4170593032922042
18097390802,NA,2024,76339.37528869045,0.15650826493982734
18097390802,NA,2025,80877.76120884636,0.15483772211005511
18097390802,NA,2026,84921.30518332,0.1143319466493507
18097390802,NA,2027,89528.74691800112,0.09388939922419315
18097390802,NA,2028,94213.72901587623,0.058604287651074755
18097390900,NA,2024,86897.70291195114,0.47687642597195923
18097390900,NA,2025,92259.0045733514,0.4761386873915345
18097390900,NA,2026,98700.09098884813,0.46499599639577394
18097390900,NA,2027,105280.54832342494,0.45963699446592826
18097390900,NA,2028,112427.5043271145,0.4347091393147504
18097391000,NA,2024,78559.34704066119,0.22386820044280467
18097391000,NA,2025,83343.76174520564,0.22445475140475735
18097391000,NA,2026,88419.55646323544,0.203360905961106
18097391000,NA,2027,93804.476801614,0.19316934077399947
18097391000,NA,2028,99517.34910229972,0.16812124455863114
18097391002,NA,2024,112297.38696032487,1.2475714034083263
18097391002,NA,2025,120649.24864823904,1.2776163936223515
18097391002,NA,2026,137213.08134115933,1.445134693331468
18097391002,NA,2027,149006.4986654504,1.4749279301266958
18097391002,NA,2028,167995.63669405537,1.5821617582234957
