GEOID,year,zori_forecast,NAME,zori_delta,zori_delta_zscore
18011810605,2024,1669.201997988329,NA,0.08814436290917849,0.17088213730755747
18011810605,2025,1802.0916751286788,NA,0.07961269954175987,-0.05511709886845478
18011810605,2026,1804.0459588059343,NA,0.0010844529744113984,-0.05563405505852205
18011810605,2027,1951.0238049863756,NA,0.08147123162966596,-0.0638251743167876
18011810605,2028,2111.7093015895775,NA,0.08235957767020885,-0.061166778668281324
18057111103,2024,898.2417585204241,NA,-0.36492286533104157,-3.136823442652043
18057111103,2025,972.8449217380172,NA,0.08305465929403999,0.02497815840614145
18057111103,2026,972.932329858666,NA,8.984794872812785e-5,-0.29166384164203885
18057111103,2027,1053.9090192960598,NA,0.08322951859268257,-0.023866087602037424
18057111103,2028,1141.711327918655,NA,0.08331108949161581,-0.04022036742003501
18059410802,2024,1814.329901781613,NA,0.049650276916626046,-0.11015143805733409
18059410802,2025,1902.2732839304497,NA,0.04847154977850443,-0.7797793789727929
18059410802,2026,1901.804262248687,NA,-2.465585180240204e-4,-0.37149648324595314
18059410802,2027,1992.6809735559164,NA,0.047784471362881886,-0.8293954156669251
18059410802,2028,2086.823455773566,NA,0.047244131633200404,-0.8341919343296855
18059410902,2024,1592.9529522534765,NA,0.01745977913144925,-0.3451644394595269
18059410902,2025,1663.749156933084,NA,0.044443374538749136,-0.8735160160620639
18059410902,2026,1690.037040620934,NA,0.01580038888573121,3.4366057012602047
18059410902,2027,1828.0605209049504,NA,0.08166890841238916,-0.05933274283747022
18059410902,2028,1991.111608447058,NA,0.08919348439371788,0.08927362306116048
18063210106,2024,1998.840165327557,NA,0.12295840300144789,0.42504882052014425
18063210106,2025,2116.798963513809,NA,0.05901362211566408,-0.5344627405394544
18063210106,2026,2145.6034525553355,NA,0.013607569513220064,2.916227586184376
18063210106,2027,2312.7629800748778,NA,0.07790793183170042,-0.14480524674664388
18063210106,2028,2519.594535999485,NA,0.08943050269591857,0.09449130162233237
18063210108,2024,1998.8402627354196,NA,0.12295845772567238,0.4250492200450081
18063210108,2025,2116.79883211636,NA,0.059013504770768055,-0.5344654711842943
18063210108,2026,2145.603460524413,NA,0.013607636196234507,2.9162434107350883
18063210108,2027,2312.762885072513,NA,0.0779078835505067,-0.14480634399211448
18063210108,2028,2519.5944694187306,NA,0.08943051865852314,0.09449165302025767
18063210109,2024,1998.8402627354196,NA,0.12295845772567238,0.4250492200450081
18063210109,2025,2116.79883211636,NA,0.059013504770768055,-0.5344654711842943
18063210109,2026,2145.603460524413,NA,0.013607636196234507,2.9162434107350883
18063210109,2027,2312.762885072513,NA,0.0779078835505067,-0.14480634399211448
18063210109,2028,2519.5944694187306,NA,0.08943051865852314,0.09449165302025767
18063210611,2024,1998.8402627354196,NA,0.12295845772567238,0.4250492200450081
18063210611,2025,2116.79883211636,NA,0.059013504770768055,-0.5344654711842943
18063210611,2026,2145.603460524413,NA,0.013607636196234507,2.9162434107350883
18063210611,2027,2312.762885072513,NA,0.0779078835505067,-0.14480634399211448
18063210611,2028,2519.5944694187306,NA,0.08943051865852314,0.09449165302025767
18063210616,2024,1998.8402627354196,NA,0.12295845772567238,0.4250492200450081
18063210616,2025,2116.79883211636,NA,0.059013504770768055,-0.5344654711842943
18063210616,2026,2145.603460524413,NA,0.013607636196234507,2.9162434107350883
18063210616,2027,2312.762885072513,NA,0.0779078835505067,-0.14480634399211448
18063210616,2028,2519.5944694187306,NA,0.08943051865852314,0.09449165302025767
18063210617,2024,1998.8402627354196,NA,0.12295845772567238,0.4250492200450081
18063210617,2025,2116.79883211636,NA,0.059013504770768055,-0.5344654711842943
18063210617,2026,2145.603460524413,NA,0.013607636196234507,2.9162434107350883
18063210617,2027,2312.762885072513,NA,0.0779078835505067,-0.14480634399211448
18063210617,2028,2519.5944694187306,NA,0.08943051865852314,0.09449165302025767
18097310104,2024,1669.201997988329,NA,0.08814436290917849,0.17088213730755747
18097310104,2025,1802.0916751286788,NA,0.07961269954175987,-0.05511709886845478
18097310104,2026,1804.0459588059343,NA,0.0010844529744113984,-0.05563405505852205
18097310104,2027,1951.0238049863756,NA,0.08147123162966596,-0.0638251743167876
18097310104,2028,2111.7093015895775,NA,0.08235957767020885,-0.061166778668281324
18097310105,2024,1669.201997988329,NA,0.08814436290917849,0.17088213730755747
18097310105,2025,1802.0916751286788,NA,0.07961269954175987,-0.05511709886845478
18097310105,2026,1804.0459588059343,NA,0.0010844529744113984,-0.05563405505852205
18097310105,2027,1951.0238049863756,NA,0.08147123162966596,-0.0638251743167876
18097310105,2028,2111.7093015895775,NA,0.08235957767020885,-0.061166778668281324
18097310106,2024,1723.7552933974846,NA,0.14521115597021117,0.5875093795196016
18097310106,2025,1945.027018807716,NA,0.12836608900217494,1.0793863680165743
18097310106,2026,1940.2286237946691,NA,-0.00246700686759016,-0.8984312327539592
18097310106,2027,2175.810332231829,NA,0.12141956135891485,0.8440464105477189
18097310106,2028,2429.471126339123,NA,0.11658221782920886,0.6922043078949965
18097310108,2024,2075.805322336766,NA,0.2634676260962774,1.4508637819592325
18097310108,2025,2627.64975584408,NA,0.2658459478686057,4.278576788150747
18097310108,2026,2627.6669063793543,NA,6.5269487441455e-6,-0.3114367538396565
18097310108,2027,3326.265152131413,NA,0.26586255817129145,4.126679084489474
18097310108,2028,4210.622286092579,NA,0.26587090731311225,3.9786188476720614
18097310110,2024,1580.0512280931723,NA,0.0906147782258433,0.18891788568752482
18097310110,2025,1715.191177358417,NA,0.08552884037078567,0.0825529658264216
18097310110,2026,1713.1370764987628,NA,-0.0011975929486868209,-0.5971865289489796
18097310110,2027,1853.4991552030144,NA,0.08193277737652949,-0.053336018161013125
18097310110,2028,1999.6969077838453,NA,0.07887662218266178,-0.13783993853887672
18097310111,2024,1580.0512280931723,NA,0.0906147782258433,0.18891788568752482
18097310111,2025,1715.191177358417,NA,0.08552884037078567,0.0825529658264216
18097310111,2026,1713.1370764987628,NA,-0.0011975929486868209,-0.5971865289489796
18097310111,2027,1853.4991552030144,NA,0.08193277737652949,-0.053336018161013125
18097310111,2028,1999.6969077838453,NA,0.07887662218266178,-0.13783993853887672
18097310113,2024,1998.8401944793625,NA,0.12295841937907803,0.42504894008822425
18097310113,2025,2116.798952102596,NA,0.05901360096171082,-0.5344632327971943
18097310113,2026,2145.603470188169,NA,0.013607583307314819,2.9162308596619444
18097310113,2027,2312.762985040472,NA,0.07790792528763157,-0.14480539546810964
18097310113,2028,2519.594556855159,NA,0.08943050937451247,0.09449144864370534
18097310201,2024,1669.201997988329,NA,0.08814436290917849,0.17088213730755747
18097310201,2025,1802.0916751286788,NA,0.07961269954175987,-0.05511709886845478
18097310201,2026,1804.0459588059343,NA,0.0010844529744113984,-0.05563405505852205
18097310201,2027,1951.0238049863756,NA,0.08147123162966596,-0.0638251743167876
18097310201,2028,2111.7093015895775,NA,0.08235957767020885,-0.061166778668281324
18097310203,2024,1669.201997988329,NA,0.08814436290917849,0.17088213730755747
18097310203,2025,1802.0916751286788,NA,0.07961269954175987,-0.05511709886845478
18097310203,2026,1804.0459588059343,NA,0.0010844529744113984,-0.05563405505852205
18097310203,2027,1951.0238049863756,NA,0.08147123162966596,-0.0638251743167876
18097310203,2028,2111.7093015895775,NA,0.08235957767020885,-0.061166778668281324
18097310204,2024,1658.2660214740972,NA,0.08552858377907002,0.15178513208339203
18097310204,2025,1799.754446646719,NA,0.08532311664134995,0.07776572360903997
18097310204,2026,1799.7494386359497,NA,-2.7826078045078972e-6,-0.3136460053401266
18097310204,2027,1953.2985596478989,NA,0.08531694341203733,0.023573034180457676
18097310204,2028,2119.9418517316076,NA,0.08531378434730819,0.0038665993504369734
18097310305,2024,1580.0512280931723,NA,0.0906147782258433,0.18891788568752482
18097310305,2025,1715.191177358417,NA,0.08552884037078567,0.0825529658264216
18097310305,2026,1713.1370764987628,NA,-0.0011975929486868209,-0.5971865289489796
18097310305,2027,1853.4991552030144,NA,0.08193277737652949,-0.053336018161013125
18097310305,2028,1999.6969077838453,NA,0.07887662218266178,-0.13783993853887672
18097310306,2024,1580.0512280931723,NA,0.0906147782258433,0.18891788568752482
18097310306,2025,1715.191177358417,NA,0.08552884037078567,0.0825529658264216
18097310306,2026,1713.1370764987628,NA,-0.0011975929486868209,-0.5971865289489796
18097310306,2027,1853.4991552030144,NA,0.08193277737652949,-0.053336018161013125
18097310306,2028,1999.6969077838453,NA,0.07887662218266178,-0.13783993853887672
18097310308,2024,435.18425490288297,NA,0.09061667036809062,0.18893169964068554
18097310308,2025,472.4064029476684,NA,0.08553192728236936,0.08262479902473696
18097310308,2026,471.8407592037427,NA,-0.0011973668019660266,-0.5971328620552205
18097310308,2027,510.50173215495806,NA,0.0819364842843544,-0.05325177443155649
18097310308,2028,550.7705036417668,NA,0.07888077346343958,-0.1377485529854633
18097310309,2024,1580.0512280931723,NA,0.0906147782258433,0.18891788568752482
18097310309,2025,1715.191177358417,NA,0.08552884037078567,0.0825529658264216
18097310309,2026,1713.1370764987628,NA,-0.0011975929486868209,-0.5971865289489796
18097310309,2027,1853.4991552030144,NA,0.08193277737652949,-0.053336018161013125
18097310309,2028,1999.6969077838453,NA,0.07887662218266178,-0.13783993853887672
18097310310,2024,1580.0512280931723,NA,0.0906147782258433,0.18891788568752482
18097310310,2025,1715.191177358417,NA,0.08552884037078567,0.0825529658264216
18097310310,2026,1713.1370764987628,NA,-0.0011975929486868209,-0.5971865289489796
18097310310,2027,1853.4991552030144,NA,0.08193277737652949,-0.053336018161013125
18097310310,2028,1999.6969077838453,NA,0.07887662218266178,-0.13783993853887672
18097310311,2024,191.4231909784868,NA,0.09061787944139055,0.18894052671589967
18097310311,2025,207.79636287865412,NA,0.0855338990875325,0.08267068342002458
18097310311,2026,207.54758436859697,NA,-0.0011972226395629004,-0.5970986508654873
18097310311,2027,224.55379497797705,NA,0.08193885108861432,-0.053197986091741686
18097310311,2028,242.26736696776044,NA,0.07888342297452877,-0.1376902271216827
18097310312,2024,1580.0512280931723,NA,0.0906147782258433,0.18891788568752482
18097310312,2025,1715.191177358417,NA,0.08552884037078567,0.0825529658264216
18097310312,2026,1713.1370764987628,NA,-0.0011975929486868209,-0.5971865289489796
18097310312,2027,1853.4991552030144,NA,0.08193277737652949,-0.053336018161013125
18097310312,2028,1999.6969077838453,NA,0.07887662218266178,-0.13783993853887672
18097320202,2024,1427.4863920650944,NA,0.05796087323724097,-0.049478310298213056
18097320202,2025,1510.3858051419932,NA,0.05807369761120529,-0.55633501692312
18097320202,2026,1510.404480062146,NA,1.236433770035461e-5,-0.3100514826677232
18097320202,2027,1598.1656460717616,NA,0.05810441320063142,-0.5948629079138567
18097320202,2028,1691.056834183095,NA,0.05812362963730133,-0.5946926088968102
18097320301,2024,1427.4863920650944,NA,0.05796087323724097,-0.049478310298213056
18097320301,2025,1510.3858051419932,NA,0.05807369761120529,-0.55633501692312
18097320301,2026,1510.404480062146,NA,1.236433770035461e-5,-0.3100514826677232
18097320301,2027,1598.1656460717616,NA,0.05810441320063142,-0.5948629079138567
18097320301,2028,1691.056834183095,NA,0.05812362963730133,-0.5946926088968102
18097320305,2024,1427.4863920650944,NA,0.05796087323724097,-0.049478310298213056
18097320305,2025,1510.3858051419932,NA,0.05807369761120529,-0.55633501692312
18097320305,2026,1510.404480062146,NA,1.236433770035461e-5,-0.3100514826677232
18097320305,2027,1598.1656460717616,NA,0.05810441320063142,-0.5948629079138567
18097320305,2028,1691.056834183095,NA,0.05812362963730133,-0.5946926088968102
18097320306,2024,1427.4863920650944,NA,0.05796087323724097,-0.049478310298213056
18097320306,2025,1510.3858051419932,NA,0.05807369761120529,-0.55633501692312
18097320306,2026,1510.404480062146,NA,1.236433770035461e-5,-0.3100514826677232
18097320306,2027,1598.1656460717616,NA,0.05810441320063142,-0.5948629079138567
18097320306,2028,1691.056834183095,NA,0.05812362963730133,-0.5946926088968102
18097320400,2024,1427.4863920650944,NA,0.05796087323724097,-0.049478310298213056
18097320400,2025,1510.3858051419932,NA,0.05807369761120529,-0.55633501692312
18097320400,2026,1510.404480062146,NA,1.236433770035461e-5,-0.3100514826677232
18097320400,2027,1598.1656460717616,NA,0.05810441320063142,-0.5948629079138567
18097320400,2028,1691.056834183095,NA,0.05812362963730133,-0.5946926088968102
18097320500,2024,1427.4863920650944,NA,0.05796087323724097,-0.049478310298213056
18097320500,2025,1510.3858051419932,NA,0.05807369761120529,-0.55633501692312
18097320500,2026,1510.404480062146,NA,1.236433770035461e-5,-0.3100514826677232
18097320500,2027,1598.1656460717616,NA,0.05810441320063142,-0.5948629079138567
18097320500,2028,1691.056834183095,NA,0.05812362963730133,-0.5946926088968102
18097320600,2024,1427.4863920650944,NA,0.05796087323724097,-0.049478310298213056
18097320600,2025,1510.3858051419932,NA,0.05807369761120529,-0.55633501692312
18097320600,2026,1510.404480062146,NA,1.236433770035461e-5,-0.3100514826677232
18097320600,2027,1598.1656460717616,NA,0.05810441320063142,-0.5948629079138567
18097320600,2028,1691.056834183095,NA,0.05812362963730133,-0.5946926088968102
18097320700,2024,1427.8428346717444,NA,0.05826736659583709,-0.04724069581352247
18097320700,2025,1510.9810245788756,NA,0.0582264293298389,-0.5527809119427097
18097320700,2026,1510.9740534610542,NA,-4.613636907402352e-6,-0.3140805269816068
18097320700,2027,1598.9352840379495,NA,0.05821491796990852,-0.5923515603631923
18097320700,2028,1692.0055716803354,NA,0.05820766391954679,-0.5928426932202379
18097320800,2024,130.46376414937933,NA,-0.8983242241226137,-7.031023995814655
18097320800,2025,139.56682763200746,NA,0.06977465001090444,-0.2840509519537761
18097320800,2026,139.43602203583646,NA,-9.372255455708522e-4,-0.5353987227305778
18097320800,2027,148.79987188496378,NA,0.06715517061093945,-0.38917407110863833
18097320800,2028,158.4961787586064,NA,0.0651634087503703,-0.43972016916283246
18097320903,2024,4.21562264264285,NA,-0.9966998606591888,-7.749234498851918
18097320903,2025,4.565752603629315,NA,0.08305533741202287,0.024993938379822177
18097320903,2026,4.566161902815475,NA,8.964550243795166e-5,-0.2917118841849891
18097320903,2027,4.946202721523941,NA,0.08322981681270081,-0.023859310210280905
18097320903,2028,5.358276866311702,NA,0.08331121225472149,-0.04021766493495826
18097321001,2024,11.683940670526177,NA,-0.5978020294183174,-4.837003156598143
18097321001,2025,12.654352798736005,NA,0.08305520847583403,0.02499093800272304
18097321001,2026,12.6554876914405,NA,8.968397851272236e-5,-0.2917027534250571
18097321001,2027,13.708800895713294,NA,0.08322976008148619,-0.023860599492162595
18097321001,2028,14.850897396340208,NA,0.08331118887167177,-0.04021817968523737
18097321002,2024,0.28163024135015274,NA,0.08271937124662321,0.1312759286149389
18097321002,2025,0.3041082395353264,NA,0.07981386543367197,-0.0504359186609001
18097321002,2026,0.3039344630836961,NA,-5.714296064316393e-4,-0.4485916634269785
18097321002,2027,0.3276981240279641,NA,0.07818679297886688,-0.13846780752575477
18097321002,2028,0.3529069573972605,NA,0.0769269993353554,-0.18075858759808813
18097321100,2024,148.97298822150532,NA,-0.2709654253963133,-2.4508688447925846
18097321100,2025,166.02164612787078,NA,0.11444126958785383,0.7553523659474028
18097321100,2026,165.79499498808627,NA,-0.0013651902933785598,-0.6369590662658706
18097321100,2027,184.0480141143568,NA,0.11009390921349671,0.5866579832324076
18097321100,2028,203.5854803067662,NA,0.10615418094253348,0.4626433668473048
18097321300,2024,1427.4863920650944,NA,0.05796087323724097,-0.049478310298213056
18097321300,2025,1510.3858051419932,NA,0.05807369761120529,-0.55633501692312
18097321300,2026,1510.404480062146,NA,1.236433770035461e-5,-0.3100514826677232
18097321300,2027,1598.1656460717616,NA,0.05810441320063142,-0.5948629079138567
18097321300,2028,1691.056834183095,NA,0.05812362963730133,-0.5946926088968102
18097321400,2024,1427.4863920650944,NA,0.05796087323724097,-0.049478310298213056
18097321400,2025,1510.3858051419932,NA,0.05807369761120529,-0.55633501692312
18097321400,2026,1510.404480062146,NA,1.236433770035461e-5,-0.3100514826677232
18097321400,2027,1598.1656460717616,NA,0.05810441320063142,-0.5948629079138567
18097321400,2028,1691.056834183095,NA,0.05812362963730133,-0.5946926088968102
18097321600,2024,1494.538653121168,NA,0.1357542970666621,0.5184677384243981
18097321600,2025,1711.5651409773027,NA,0.14521303106005345,1.4714188888855684
18097321600,2026,1712.1541501783718,NA,3.4413484299689046e-4,-0.23131900139350955
18097321600,2027,1962.2150496896277,NA,0.1460504589993865,1.4038117932069574
18097321600,2028,2249.679674934548,NA,0.14650006139255223,1.350810371256204
18097321700,2024,1672.213199336093,NA,0.23213143044532436,1.222087779748791
18097321700,2025,2120.1049992922117,NA,0.26784371761563763,4.325065385746324
18097321700,2026,2123.9630302724095,NA,0.0018197358062388425,0.11885596398751243
18097321700,2027,2703.60081787093,NA,0.2729038967896624,4.286701575901615
18097321700,2028,3449.1117701114445,NA,0.27574742074075864,4.1960386498227145
18097321800,2024,1515.84598566845,NA,0.20222289297225027,1.0037346742452846
18097321800,2025,1854.5847458860155,NA,0.2234651563682375,3.292365256631724
18097321800,2026,1856.1792915238836,NA,8.597858045609197e-4,-0.10894983648210989
18097321800,2027,2275.1652734326467,NA,0.22572495222957945,3.2145059807341734
18097321800,2028,2791.5296636600697,NA,0.22695687045555157,3.121972192307744
18097321900,2024,1217.630894094818,NA,0.08209057851142498,0.12668530473130088
18097321900,2025,1314.466948071141,NA,0.07952824985465767,-0.05708226403656246
18097321900,2026,1313.8031199480156,NA,-5.050169759683865e-4,-0.43283127755528744
18097321900,2027,1416.397998536504,NA,0.07808999463522959,-0.14066766084242313
18097321900,2028,1525.4257216785134,NA,0.0769753439744072,-0.17969433735080328
18097322000,2024,1216.4503033402518,NA,0.08213560714698565,0.12701404505904534
18097322000,2025,1313.217481972786,NA,0.07954881376314438,-0.05660373678483539
18097322000,2026,1312.5480220962413,NA,-5.097859918364867e-4,-0.4339630130367041
18097322000,2027,1415.054058230069,NA,0.07809697962145212,-0.1405089190238017
18097322000,2028,1523.9733943054543,NA,0.07697185520362404,-0.1797711385275525
18097322100,2024,1489.165773263901,NA,0.07737876093721541,0.09228576243268806
18097322100,2025,1607.5855699723977,NA,0.07952089608462365,-0.05725338808948702
18097322100,2026,1607.9378862165086,NA,2.1915862563814947e-4,-0.2609771160716797
18097322100,2027,1736.689414623867,NA,0.08007245149892683,-0.0956140561743769
18097322100,2028,1876.342595556797,NA,0.0804134462713797,-0.10400856760446471
18097322200,2024,1489.165773263901,NA,0.07737876093721541,0.09228576243268806
18097322200,2025,1607.5855699723977,NA,0.07952089608462365,-0.05725338808948702
18097322200,2026,1607.9378862165086,NA,2.1915862563814947e-4,-0.2609771160716797
18097322200,2027,1736.689414623867,NA,0.08007245149892683,-0.0956140561743769
18097322200,2028,1876.342595556797,NA,0.0804134462713797,-0.10400856760446471
18097322300,2024,1489.165773263901,NA,0.07737876093721541,0.09228576243268806
18097322300,2025,1607.5855699723977,NA,0.07952089608462365,-0.05725338808948702
18097322300,2026,1607.9378862165086,NA,2.1915862563814947e-4,-0.2609771160716797
18097322300,2027,1736.689414623867,NA,0.08007245149892683,-0.0956140561743769
18097322300,2028,1876.342595556797,NA,0.0804134462713797,-0.10400856760446471
18097322400,2024,1489.165773263901,NA,0.07737876093721541,0.09228576243268806
18097322400,2025,1607.5855699723977,NA,0.07952089608462365,-0.05725338808948702
18097322400,2026,1607.9378862165086,NA,2.1915862563814947e-4,-0.2609771160716797
18097322400,2027,1736.689414623867,NA,0.08007245149892683,-0.0956140561743769
18097322400,2028,1876.342595556797,NA,0.0804134462713797,-0.10400856760446471
18097322500,2024,1489.165773263901,NA,0.07737876093721541,0.09228576243268806
18097322500,2025,1607.5855699723977,NA,0.07952089608462365,-0.05725338808948702
18097322500,2026,1607.9378862165086,NA,2.1915862563814947e-4,-0.2609771160716797
18097322500,2027,1736.689414623867,NA,0.08007245149892683,-0.0956140561743769
18097322500,2028,1876.342595556797,NA,0.0804134462713797,-0.10400856760446471
18097322601,2024,1476.83484069519,NA,0.09169264866841087,0.19678708887664614
18097322601,2025,1602.4536307284577,NA,0.08505947081674692,0.07163061986851421
18097322601,2026,1603.488021057656,NA,6.455040628714492e-4,-0.15980105123941
18097322601,2027,1741.7697366444252,NA,0.0862380721095497,0.04450673969812417
18097322601,2028,1892.9331063589564,NA,0.0867872294105605,0.036302755740953346
18097322602,2024,1485.8325803452133,NA,0.0771258007997202,0.09043897765959781
18097322602,2025,1603.6192683181716,NA,0.07927318967900954,-0.06301757759608562
18097322602,2026,1603.9785937248894,NA,2.2407151985315288e-4,-0.25981123680993157
18097322602,2027,1732.0379306340044,NA,0.07983855732870171,-0.10092956929975744
18097322602,2028,1870.929620372057,NA,0.08018975062931322,-0.10893296350554407
18097322700,2024,1144.1009617789382,NA,0.055814492062463694,-0.06514838428724759
18097322700,2025,1209.8677925287875,NA,0.057483415316415654,-0.5700710323528458
18097322700,2026,1210.1453999714845,NA,2.2945270913998783e-4,-0.25853422641269913
18097322700,2027,1280.424030410166,NA,0.05807453421740694,-0.5955419420571614
18097322700,2028,1355.2894493078384,NA,0.058469239189216315,-0.5870844219643253
18097330204,2024,1559.8863129702413,NA,0.05906219922339062,-0.041437865342855956
18097330204,2025,1647.7048853792828,NA,0.056298059466797,-0.5976545570219707
18097330204,2026,1646.928896171735,NA,-4.7095157296273005e-4,-0.424747214441105
18097330204,2027,1737.566944226906,NA,0.05503458483596835,-0.6646282763680006
18097330204,2028,1831.6108855982927,NA,0.05412392407892508,-0.6827414125089026
18097330210,2024,1559.88631295132,NA,0.05906219921054423,-0.04143786543664353
18097330210,2025,1647.704885328476,NA,0.05629805944703903,-0.5976545574817436
18097330210,2026,1646.9288961189964,NA,-4.709515741496695e-4,-0.4247472147227777
18097330210,2027,1737.5669441335242,NA,0.055034584813052456,-0.6646282768887906
18097330210,2028,1831.6108854560812,NA,0.054123924053731454,-0.6827414130635107
18097330211,2024,1559.88631295132,NA,0.05906219921054423,-0.04143786543664353
18097330211,2025,1647.704885328476,NA,0.05629805944703903,-0.5976545574817436
18097330211,2026,1646.9288961189964,NA,-4.709515741496695e-4,-0.4247472147227777
18097330211,2027,1737.5669441335242,NA,0.055034584813052456,-0.6646282768887906
18097330211,2028,1831.6108854560812,NA,0.054123924053731454,-0.6827414130635107
18097330212,2024,1559.88631295132,NA,0.05906219921054423,-0.04143786543664353
18097330212,2025,1647.704885328476,NA,0.05629805944703903,-0.5976545574817436
18097330212,2026,1646.9288961189964,NA,-4.709515741496695e-4,-0.4247472147227777
18097330212,2027,1737.5669441335242,NA,0.055034584813052456,-0.6646282768887906
18097330212,2028,1831.6108854560812,NA,0.054123924053731454,-0.6827414130635107
18097330500,2024,1144.0463291050662,NA,0.053624858293054745,-0.08113423227116277
18097330500,2025,1206.445798586448,NA,0.0545427819607569,-0.6385003000151768
18097330500,2026,1206.6089800950676,NA,1.3525805204905872e-4,-0.28088756692111466
18097330500,2027,1272.8452324889745,NA,0.05489454619232825,-0.6678108150675028
18097330500,2028,1343.0231681505982,NA,0.055134696560393825,-0.6604904476770117
18097330600,2024,1144.0463290956448,NA,0.05362485828437791,-0.08113423233450971
18097330600,2025,1206.4457985634217,NA,0.054542781949314056,-0.6385003002814547
18097330600,2026,1206.6089800717766,NA,1.3525805183234318e-4,-0.28088756697254347
18097330600,2027,1272.8452324500236,NA,0.054894546180409565,-0.6678108153383687
18097330600,2028,1343.0231680940649,NA,0.05513469654826775,-0.660490447943953
18097330701,2024,1144.0463291050662,NA,0.053624858293054745,-0.08113423227116277
18097330701,2025,1206.445798586448,NA,0.0545427819607569,-0.6385003000151768
18097330701,2026,1206.6089800950676,NA,1.3525805204905872e-4,-0.28088756692111466
18097330701,2027,1272.8452324889745,NA,0.05489454619232825,-0.6678108150675028
18097330701,2028,1343.0231681505982,NA,0.055134696560393825,-0.6604904476770117
18097330702,2024,1495.6456562517037,NA,0.058305293946021575,-0.0469637998033529
18097330702,2025,1579.3389535280007,NA,0.055957971680300256,-0.6055684841785448
18097330702,2026,1578.7117560755653,NA,-3.971265642719324e-4,-0.407227796585917
18097330702,2027,1665.3744336923576,NA,0.05489455391921716,-0.6678106394650953
18097330702,2028,1755.521627795475,NA,0.05413028582602242,-0.6826013661448321
18097330803,2024,1559.88631295132,NA,0.05906219921054423,-0.04143786543664353
18097330803,2025,1647.704885328476,NA,0.05629805944703903,-0.5976545574817436
18097330803,2026,1646.9288961189964,NA,-4.709515741496695e-4,-0.4247472147227777
18097330803,2027,1737.5669441335242,NA,0.055034584813052456,-0.6646282768887906
18097330803,2028,1831.6108854560812,NA,0.054123924053731454,-0.6827414130635107
18097330804,2024,1556.66301802536,NA,0.05902547824529569,-0.041705953998524004
18097330804,2025,1644.2740323344306,NA,0.05628129742569832,-0.598044613876458
18097330804,2026,1643.5054501756413,NA,-4.6742948175015897e-4,-0.42391138673486584
18097330804,2027,1733.943224343726,NA,0.05502736492806859,-0.6647923570510218
18097330804,2028,1827.790610308505,NA,0.0541236787036663,-0.682746814156013
18097330805,2024,1144.04632909548,NA,0.05362485828422603,-0.08113423233561852
18097330805,2025,1206.445798563024,NA,0.054542781949118435,-0.6385003002860068
18097330805,2026,1206.608980071376,NA,1.352580518299007e-4,-0.2808875669731231
18097330805,2027,1272.845232449361,NA,0.05489454618021061,-0.6678108153428901
18097330805,2028,1343.0231680931151,NA,0.055134696548070794,-0.6604904479482887
18097330806,2024,1144.0463291050662,NA,0.053624858293054745,-0.08113423227116277
18097330806,2025,1206.445798586448,NA,0.0545427819607569,-0.6385003000151768
18097330806,2026,1206.6089800950676,NA,1.3525805204905872e-4,-0.28088756692111466
18097330806,2027,1272.8452324889745,NA,0.05489454619232825,-0.6678108150675028
18097330806,2028,1343.0231681505982,NA,0.055134696560393825,-0.6604904476770117
18097330900,2024,1144.0463291050662,NA,0.053624858293054745,-0.08113423227116277
18097330900,2025,1206.445798586448,NA,0.0545427819607569,-0.6385003000151768
18097330900,2026,1206.6089800950676,NA,1.3525805204905872e-4,-0.28088756692111466
18097330900,2027,1272.8452324889745,NA,0.05489454619232825,-0.6678108150675028
18097330900,2028,1343.0231681505982,NA,0.055134696560393825,-0.6604904476770117
18097331000,2024,1144.094155673381,NA,0.05571160431120714,-0.06589953636298404
18097331000,2025,1209.7055030597685,NA,0.057347856433870525,-0.5732255211774511
18097331000,2026,1209.978624471403,NA,2.257751253869067e-4,-0.25940695406434805
18097331000,2027,1280.0724322061087,NA,0.05792979009470289,-0.5988314181621643
18097331000,2028,1354.7247195972172,NA,0.05831879939985196,-0.5903961766112258
18097340101,2024,1644.6287398611366,NA,0.1229584494492002,0.4250491596210103
18097340101,2025,1741.684064166947,NA,0.05901351590998294,-0.5344652119720007
18097340101,2026,1765.3842547947092,NA,0.013607629027195589,2.916241709449973
18097340101,2027,1902.9216120261287,NA,0.07790788711175711,-0.14480626305861682
18097340101,2028,2073.10087245,NA,0.0894305153445989,0.09449158006812135
18097340111,2024,1355.3686133858057,NA,0.09164453527954519,0.19643582770633392
18097340111,2025,1476.7396803601591,NA,0.08954838246634611,0.17608870750867395
18097340111,2026,1476.7943484483033,NA,3.701944822864789e-5,-0.304200576704134
18097340111,2027,1609.1545853084474,NA,0.08962672223063262,0.12151769802428324
18097340111,2028,1753.439211573756,NA,0.08966486351443459,0.09965047881243123
18097340113,2024,1974.149955503941,NA,0.12206176006797032,0.41850270407333157
18097340113,2025,2092.763475259875,NA,0.06008333836304525,-0.5095701781008459
18097340113,2026,2119.9581414677104,NA,0.012994620046328231,2.7707685063274528
18097340113,2027,2285.9111744574207,NA,0.07828127817411334,-0.13632052315777196
18097340113,2028,2489.8995612875483,NA,0.08923723244782078,0.09023668490856333
18097340114,2024,1994.3590958030431,NA,0.12279782431992126,0.42387648456688787
18097340114,2025,2112.43651991014,NA,0.059205698891227954,-0.5299930663240392
18097340114,2026,2140.948470482953,NA,0.013497186923290716,2.8900326862283237
18097340114,2027,2307.889363435612,NA,0.07797520363252852,-0.143276417960849
18097340114,2028,2514.2039823542545,NA,0.08939536798744752,0.09371785242688918
18097340400,2024,999.9962648106848,NA,0.08419450562656494,0.14204543458577568
18097340400,2025,1085.8868540153894,NA,0.0858909100235139,0.09097841646319324
18097340400,2026,1085.9967947594605,NA,1.0124511929077151e-4,-0.28895917831730983
18097340400,2027,1179.5360492747568,NA,0.08613216444714689,0.04209986667072597
18097340400,2028,1281.291845021592,NA,0.08626764379893292,0.024864690910891843
18097340500,2024,989.0958816970812,NA,0.07774248443706933,0.09494119671492961
18097340500,2025,1066.1930029368275,NA,0.0779470652607146,-0.09387682177844264
18097340500,2026,1066.216920638724,NA,2.243280703462247e-5,-0.3076621335222598
18097340500,2027,1149.3861081557657,NA,0.0780040026631903,-0.1426219269774544
18097340500,2028,1239.0839699706974,NA,0.07803979983615372,-0.15626159617604804
18097340600,2024,989.0958816970812,NA,0.07774248443706933,0.09494119671492961
18097340600,2025,1066.1930029368275,NA,0.0779470652607146,-0.09387682177844264
18097340600,2026,1066.216920638724,NA,2.243280703462247e-5,-0.3076621335222598
18097340600,2027,1149.3861081557657,NA,0.0780040026631903,-0.1426219269774544
18097340600,2028,1239.0839699706974,NA,0.07803979983615372,-0.15626159617604804
18097340700,2024,990.6232761791877,NA,0.07840781469838953,0.09979856992736154
18097340700,2025,1068.8312600345118,NA,0.0789482598843938,-0.07057877452138046
18097340700,2026,1068.893385223931,NA,5.812441284436254e-5,-0.29919215610955907
18097340700,2027,1153.438060938351,NA,0.07909551774118984,-0.1178159956535873
18097340700,2028,1244.776129129584,NA,0.07918766623404738,-0.13099267035989642
18097341100,2024,989.0958816970812,NA,0.07774248443706933,0.09494119671492961
18097341100,2025,1066.1930029368275,NA,0.0779470652607146,-0.09387682177844264
18097341100,2026,1066.216920638724,NA,2.243280703462247e-5,-0.3076621335222598
18097341100,2027,1149.3861081557657,NA,0.0780040026631903,-0.1426219269774544
18097341100,2028,1239.0839699706974,NA,0.07803979983615372,-0.15626159617604804
18097341200,2024,989.0958816970812,NA,0.07774248443706933,0.09494119671492961
18097341200,2025,1066.1930029368275,NA,0.0779470652607146,-0.09387682177844264
18097341200,2026,1066.216920638724,NA,2.243280703462247e-5,-0.3076621335222598
18097341200,2027,1149.3861081557657,NA,0.0780040026631903,-0.1426219269774544
18097341200,2028,1239.0839699706974,NA,0.07803979983615372,-0.15626159617604804
18097341600,2024,989.0958816970812,NA,0.07774248443706933,0.09494119671492961
18097341600,2025,1066.1930029368275,NA,0.0779470652607146,-0.09387682177844264
18097341600,2026,1066.216920638724,NA,2.243280703462247e-5,-0.3076621335222598
18097341600,2027,1149.3861081557657,NA,0.0780040026631903,-0.1426219269774544
18097341600,2028,1239.0839699706974,NA,0.07803979983615372,-0.15626159617604804
18097341701,2024,989.0958816970812,NA,0.07774248443706933,0.09494119671492961
18097341701,2025,1066.1930029368275,NA,0.0779470652607146,-0.09387682177844264
18097341701,2026,1066.216920638724,NA,2.243280703462247e-5,-0.3076621335222598
18097341701,2027,1149.3861081557657,NA,0.0780040026631903,-0.1426219269774544
18097341701,2028,1239.0839699706974,NA,0.07803979983615372,-0.15626159617604804
18097341702,2024,1296.2747319698406,NA,0.2569861083080378,1.403544198421841
18097341702,2025,1635.6111015825354,NA,0.2617781256115621,4.183917555134032
18097341702,2026,1635.658184753941,NA,2.8786287498361318e-5,-0.3061543886394219
18097341702,2027,2063.9578890640446,NA,0.26185159485172904,4.035525345385874
18097341702,2028,2604.4852654260662,NA,0.2618887619878416,3.8909566118944086
18097342600,2024,1387.347851293452,NA,0.08309114411887597,0.1339901289087992
18097342600,2025,1492.9521428670153,NA,0.07611954815449207,-0.13640359818820544
18097342600,2026,1494.4512222801684,NA,0.0010041041304071907,-0.07470164471755993
18097342600,2027,1610.6855596356509,NA,0.07777727076172969,-0.14777466933523248
18097342600,2028,1737.269422847491,NA,0.07859005282227427,-0.14414842524264457
18097350100,2024,1201.28277208153,NA,0.08271770773122711,0.13126378379665354
18097350100,2025,1297.1587791177055,NA,0.0798113560473741,-0.050494312702549136
18097350100,2026,1296.4173802373991,NA,-5.715559978021201e-4,-0.4486216573717407
18097350100,2027,1397.7764195205386,NA,0.07818395589897031,-0.1385322834184777
18097350100,2028,1505.2989046203002,NA,0.07692395121148454,-0.180825688452432
18097350300,2024,1251.1593385287315,NA,0.08084033972451854,0.11755769285834562
18097350300,2025,1349.944240251597,NA,0.07895469320400794,-0.07042906957806061
18097350300,2026,1349.4432856009362,NA,-3.710928464477625e-4,-0.4010497332307746
18097350300,2027,1454.56343981284,NA,0.07789890492885121,-0.1450103934612042
18097350300,2028,1566.683125546499,NA,0.07708133084115287,-0.1773611614008867
18097350400,2024,1489.165773263901,NA,0.07737876093721541,0.09228576243268806
18097350400,2025,1607.5855699723977,NA,0.07952089608462365,-0.05725338808948702
18097350400,2026,1607.9378862165086,NA,2.1915862563814947e-4,-0.2609771160716797
18097350400,2027,1736.689414623867,NA,0.08007245149892683,-0.0956140561743769
18097350400,2028,1876.342595556797,NA,0.0804134462713797,-0.10400856760446471
18097350500,2024,1027.1173357373082,NA,0.07206466372449771,0.05348916027890271
18097350500,2025,1099.986434819908,NA,0.0709452528423069,-0.2568107336782892
18097350500,2026,1099.79149468284,NA,-1.7722049190538325e-4,-0.35504187153145744
18097350500,2027,1177.2928483880364,NA,0.07046913354021389,-0.31386046482837954
18097350500,2028,1259.8608143241102,NA,0.07013375308371805,-0.33030389696376655
18097350600,2024,1027.1173357373082,NA,0.07206466372449771,0.05348916027890271
18097350600,2025,1099.986434819908,NA,0.0709452528423069,-0.2568107336782892
18097350600,2026,1099.79149468284,NA,-1.7722049190538325e-4,-0.35504187153145744
18097350600,2027,1177.2928483880364,NA,0.07046913354021389,-0.31386046482837954
18097350600,2028,1259.8608143241102,NA,0.07013375308371805,-0.33030389696376655
18097350700,2024,1027.1173357373082,NA,0.07206466372449771,0.05348916027890271
18097350700,2025,1099.986434819908,NA,0.0709452528423069,-0.2568107336782892
18097350700,2026,1099.79149468284,NA,-1.7722049190538325e-4,-0.35504187153145744
18097350700,2027,1177.2928483880364,NA,0.07046913354021389,-0.31386046482837954
18097350700,2028,1259.8608143241102,NA,0.07013375308371805,-0.33030389696376655
18097350800,2024,1219.7712200076212,NA,0.16023301097571419,0.6971793589971317
18097350800,2025,1489.7263300176876,NA,0.22131618256116892,3.2423581030502495
18097350800,2026,1506.606393371805,NA,0.011330982754340635,2.3759706269275793
18097350800,2027,1895.999633772531,NA,0.25845718039816545,3.9583833859965827
18097350800,2028,2442.966347814211,NA,0.2884846095425466,4.4764328485982015
18097350900,2024,1489.165773263901,NA,0.07737876093721541,0.09228576243268806
18097350900,2025,1607.5855699723977,NA,0.07952089608462365,-0.05725338808948702
18097350900,2026,1607.9378862165086,NA,2.1915862563814947e-4,-0.2609771160716797
18097350900,2027,1736.689414623867,NA,0.08007245149892683,-0.0956140561743769
18097350900,2028,1876.342595556797,NA,0.0804134462713797,-0.10400856760446471
18097351000,2024,1274.339646535498,NA,0.08001864385540713,0.11155874205838072
18097351000,2025,1374.4833197314574,NA,0.07858475836345225,-0.07903754508667657
18097351000,2026,1374.0981652531757,NA,-2.8021764451602316e-4,-0.3794841328529288
18097351000,2027,1480.9881479038318,NA,0.07778918955980241,-0.14750380098681098
18097351000,2028,1595.283660440269,NA,0.07717517030653442,-0.17529539617445883
18097351200,2024,1201.28277208153,NA,0.08271770773122711,0.13126378379665354
18097351200,2025,1297.1587791177055,NA,0.0798113560473741,-0.050494312702549136
18097351200,2026,1296.4173802373991,NA,-5.715559978021201e-4,-0.4486216573717407
18097351200,2027,1397.7764195205386,NA,0.07818395589897031,-0.1385322834184777
18097351200,2028,1505.2989046203002,NA,0.07692395121148454,-0.180825688452432
18097351500,2024,1259.1608619604865,NA,0.08055167824112286,0.11545026345309838
18097351500,2025,1358.4116412709454,NA,0.07882295448408994,-0.07349466227067382
18097351500,2026,1357.9503193713554,NA,-3.396039061903666e-4,-0.3935770906673726
18097351500,2027,1463.6766826348644,NA,0.07785731315447064,-0.14595561420960926
18097351500,2028,1576.541067032163,NA,0.0771101881558458,-0.17672590163061455
18097351600,2024,1417.2522373960069,NA,0.11953412452630774,0.40004920829140184
18097351600,2025,1590.9315054325632,NA,0.12254647652253237,0.9439625419574111
18097351600,2026,1591.0196571927038,NA,5.5408897139619384e-5,-0.29983657532694075
18097351600,2027,1786.1975577012786,NA,0.12267472600116025,0.8725714658064596
18097351600,2028,2005.4372649015108,NA,0.12274101834646989,0.8277830422082582
18097351700,2024,1469.3812349647642,NA,0.10854388315374974,0.31981280970148096
18097351700,2025,1642.2300327564903,NA,0.1176337315862559,0.8296417485969227
18097351700,2026,1643.226622522047,NA,6.068515041608435e-4,-0.16897369258726938
18097351700,2027,1839.0038009013515,NA,0.11914192217676156,0.7922844493326789
18097351700,2028,2059.6957308413484,NA,0.12000623915612851,0.7675801016821663
18097351900,2024,1027.1173357373082,NA,0.07206466372449771,0.05348916027890271
18097351900,2025,1099.986434819908,NA,0.0709452528423069,-0.2568107336782892
18097351900,2026,1099.79149468284,NA,-1.7722049190538325e-4,-0.35504187153145744
18097351900,2027,1177.2928483880364,NA,0.07046913354021389,-0.31386046482837954
18097351900,2028,1259.8608143241102,NA,0.07013375308371805,-0.33030389696376655
18097352100,2024,1027.1173357370171,NA,0.07206466372419396,0.05348916027668507
18097352100,2025,1099.9864348197634,NA,0.07094525284246944,-0.2568107336745069
18097352100,2026,1099.791494682885,NA,-1.772204917329656e-4,-0.355041871490541
18097352100,2027,1177.292848388828,NA,0.07046913354088957,-0.31386046481302393
18097352100,2028,1259.860814326263,NA,0.07013375308482717,-0.33030389693935075
18097352300,2024,1027.1173357373082,NA,0.07206466372449771,0.05348916027890271
18097352300,2025,1099.986434819908,NA,0.0709452528423069,-0.2568107336782892
18097352300,2026,1099.79149468284,NA,-1.7722049190538325e-4,-0.35504187153145744
18097352300,2027,1177.2928483880364,NA,0.07046913354021389,-0.31386046482837954
18097352300,2028,1259.8608143241102,NA,0.07013375308371805,-0.33030389696376655
18097352500,2024,1098.6158990306942,NA,0.09080589555638285,0.19031317499835865
18097352500,2025,1195.5402100407164,NA,0.08822401996506524,0.1452704635723089
18097352500,2026,1194.877939418817,NA,-5.539509389456132e-4,-0.4444437996519519
18097352500,2027,1298.3499221432885,NA,0.08659627842388629,0.05264738879432715
18097352500,2028,1409.068502901873,NA,0.08527637955707079,0.0030431769805411095
18097352600,2024,1108.8046141531136,NA,0.11614366143331001,0.37529647184892057
18097352600,2025,1253.8184370893066,NA,0.13078392810166295,1.1356500836494434
18097352600,2026,1256.665588867,NA,0.002270784743206411,0.22589441802914678
18097352600,2027,1429.1699083364754,NA,0.13727145948589548,1.204298966116159
18097352600,2028,1631.9845109463652,NA,0.14191077031978794,1.2497825374602094
18097352700,2024,1125.561607850815,NA,0.12021570989593844,0.4050252550893639
18097352700,2025,1264.9269303798471,NA,0.1238184756453633,0.9735622770875834
18097352700,2026,1265.083125115205,NA,1.2348123168726133e-4,-0.2836823249656137
18097352700,2027,1422.095179528333,NA,0.12411204552177524,0.9052361994757128
18097352700,2028,1598.8171181453356,NA,0.12426871362830738,0.8614134532188719
18097353300,2024,1369.600400316847,NA,0.052383857254870936,-0.09019440215959224
18097353300,2025,1441.6607113057055,NA,0.05261411355617862,-0.6833808922300477
18097353300,2026,1441.65460013753,NA,-4.238978094872614e-6,-0.3139916166732135
18097353300,2027,1517.4934875791887,NA,0.05260544892960062,-0.7198331742977048
18097353300,2028,1597.315513441287,NA,0.05260123125103888,-0.7162617003919242
18097353500,2024,1369.600400316847,NA,0.052383857254870936,-0.09019440215959224
18097353500,2025,1441.6607113057055,NA,0.05261411355617862,-0.6833808922300477
18097353500,2026,1441.65460013753,NA,-4.238978094872614e-6,-0.3139916166732135
18097353500,2027,1517.4934875791887,NA,0.05260544892960062,-0.7198331742977048
18097353500,2028,1597.315513441287,NA,0.05260123125103888,-0.7162617003919242
18097354202,2024,1954.5113441296487,NA,0.29935160321984045,1.7128417489461092
18097354202,2025,2475.8183583780474,NA,0.2667198713448955,4.298913204236196
18097354202,2026,2478.2024435083777,NA,9.629483206079481e-4,-0.08446833275225366
18097354202,2027,3144.893295273958,NA,0.26902194915995215,4.198479866237351
18097354202,2028,3994.394765448094,NA,0.2701209199850243,4.072177867364002
18097354500,2024,1102.140782647695,NA,0.09062023026126731,0.18895768933446747
18097354500,2025,1197.959317204419,NA,0.08693856181107562,0.11535753344832339
18097354500,2026,1196.9081432149042,NA,-8.774705237636349e-4,-0.5212182544238126
18097354500,2027,1297.795899679555,NA,0.0842903083553812,2.415757119591352e-4
18097354500,2028,1404.243908547583,NA,0.0820221491640647,-0.06859486952071642
18097354700,2024,1102.14078263447,NA,0.09062023024818067,0.18895768923892586
18097354700,2025,1197.959317168493,NA,0.0869385617915217,0.11535753299329896
18097354700,2026,1196.908143178189,NA,-8.774705244487535e-4,-0.5212182545863981
18097354700,2027,1297.7958996148025,NA,0.08429030833454187,2.4157523836146742e-4
18097354700,2028,1404.2439084506666,NA,0.08202214914337369,-0.0685948699762045
18097354800,2024,1102.14078263447,NA,0.09062023024818067,0.18895768923892586
18097354800,2025,1197.959317168493,NA,0.0869385617915217,0.11535753299329896
18097354800,2026,1196.908143178189,NA,-8.774705244487535e-4,-0.5212182545863981
18097354800,2027,1297.7958996148025,NA,0.08429030833454187,2.4157523836146742e-4
18097354800,2028,1404.2439084506666,NA,0.08202214914337369,-0.0685948699762045
18097354900,2024,1102.14078263447,NA,0.09062023024818067,0.18895768923892586
18097354900,2025,1197.959317168493,NA,0.0869385617915217,0.11535753299329896
18097354900,2026,1196.908143178189,NA,-8.774705244487535e-4,-0.5212182545863981
18097354900,2027,1297.7958996148025,NA,0.08429030833454187,2.4157523836146742e-4
18097354900,2028,1404.2439084506666,NA,0.08202214914337369,-0.0685948699762045
18097355000,2024,1102.140782647695,NA,0.09062023026126731,0.18895768933446747
18097355000,2025,1197.959317204419,NA,0.08693856181107562,0.11535753344832339
18097355000,2026,1196.9081432149042,NA,-8.774705237636349e-4,-0.5212182544238126
18097355000,2027,1297.795899679555,NA,0.0842903083553812,2.415757119591352e-4
18097355000,2028,1404.243908547583,NA,0.0820221491640647,-0.06859486952071642
18097355100,2024,1102.14078263447,NA,0.09062023024818067,0.18895768923892586
18097355100,2025,1197.959317168493,NA,0.0869385617915217,0.11535753299329896
18097355100,2026,1196.908143178189,NA,-8.774705244487535e-4,-0.5212182545863981
18097355100,2027,1297.7958996148025,NA,0.08429030833454187,2.4157523836146742e-4
18097355100,2028,1404.2439084506666,NA,0.08202214914337369,-0.0685948699762045
18097355300,2024,1096.7819581366962,NA,0.09075915480069052,0.18997193500398615
18097355300,2025,1194.0922207883175,NA,0.0887234348903223,0.15689197277175257
18097355300,2026,1193.6350321301322,NA,-3.828755017627472e-4,-0.403845875968413
18097355300,2027,1298.2377168288062,NA,0.08763372545459114,0.07622456176657746
18097355300,2028,1410.9297596496688,NA,0.08680385830734783,0.03666882130406638
18097355400,2024,1099.7126114732107,NA,0.09083602647034672,0.19053315160676326
18097355400,2025,1196.4415983144656,NA,0.08795842280254806,0.13908995171445718
18097355400,2026,1195.6643468923407,NA,-6.496359063575818e-4,-0.46715080580445223
18097355400,2027,1298.5205626466332,NA,0.08602432281402939,0.039649041941974474
18097355400,2028,1408.1344614381017,NA,0.08441444975507695,-0.015931191696230997
18097355500,2024,1180.933894693154,NA,0.08356477516009764,0.13744796461229072
18097355500,2025,1278.6161727738393,NA,0.08271612705812492,0.01710042929748483
18097355500,2026,1278.4372485438314,NA,-1.3993584143368043e-4,-0.34619384858121
18097355500,2027,1383.6934938907464,NA,0.0823319607331563,-0.044264118807810095
18097355500,2028,1497.233674034487,NA,0.08205587483430454,-0.06785243864116935
18097355600,2024,1126.6690402373522,NA,0.08766941081407387,0.16741465699278596
18097355600,2025,1221.5233247642916,NA,0.08419001600235387,0.05139819065393236
18097355600,2026,1220.5559009339306,NA,-7.919814634301803e-4,-0.5009308396765677
18097355600,2027,1320.4429515604552,NA,0.08183734194402259,-0.05550489775997239
18097355600,2028,1425.912599821616,NA,0.07987444526590126,-0.11587403944618636
18097355700,2024,1237.1172058939978,NA,0.1276433933530987,0.45925250545318
18097355700,2025,1377.009245834775,NA,0.1130790512606965,0.7236532075520851
18097355700,2026,1378.9345183549945,NA,0.001398155114820998,0.018810621310174528
18097355700,2027,1538.464858489175,NA,0.1156910194143903,0.7138587283746027
18097355700,2028,1718.326710172685,NA,0.11690995130050652,0.6994189739823452
18097355900,2024,1313.8696312799136,NA,0.07814241286460044,0.0978609521262121
18097355900,2025,1417.1935049073134,NA,0.07864088732056795,-0.07773141033081275
18097355900,2026,1417.2251691276804,NA,2.2342905367178645e-5,-0.3076834680931018
18097355900,2027,1528.7502778040937,NA,0.07869258259437939,-0.12697315873929638
18097355900,2028,1649.0945474584114,NA,0.07872068538700838,-0.14127270330018057
18097356200,2024,2001.850581358054,NA,0.40244822910935496,2.4655187546397244
18097356200,2025,2598.471163821612,NA,0.2980345226659282,5.027612908630144
18097356200,2026,2616.0139075994784,NA,0.006751178932486557,1.2891370691301094
18097356200,2027,3435.6442946575535,NA,0.31331270245814125,5.205038004317129
18097356200,2028,4536.647148941259,NA,0.32046473961107425,5.180437718655708
18097356400,2024,1239.9624913443415,NA,0.11311613089942196,0.35319339527166266
18097356400,2025,1412.1091829878624,NA,0.13883217665470116,1.3229348239891467
18097356400,2026,1418.5761782214693,NA,0.0045796708296474975,0.7738163329158748
18097356400,2027,1634.8281778005914,NA,0.15244299382656123,1.5490894747566684
18097356400,2028,1900.998034837005,NA,0.16281212952574875,1.7099013249787989
18097357000,2024,955.0791805721416,NA,0.07577568138737645,0.08058216781888825
18097357000,2025,1027.890858476301,NA,0.07623627379307063,-0.13368736362262162
18097357000,2026,1027.9380468311524,NA,4.590794291270406e-5,-0.302091247423513
18097357000,2027,1106.42213336782,NA,0.07635098902955506,-0.18018855660983868
18097357000,2028,1190.9764789674823,NA,0.07642141552455106,-0.19188841928625794
18097357100,2024,1317.1624126811812,NA,0.07577568968820891,0.08058222842073308
18097357100,2025,1417.5779748951477,NA,0.07623627978387515,-0.13368722421511434
18097357100,2026,1417.6430519528117,NA,4.590721555808308e-5,-0.3020914200320878
18097357100,2027,1525.8815067334576,NA,0.07635099303138881,-0.18018846566357943
18097357100,2028,1642.4915353734225,NA,0.07642141812806869,-0.1918883619728861
18097357200,2024,1317.1624126811812,NA,0.07577568968820891,0.08058222842073308
18097357200,2025,1417.5779748951477,NA,0.07623627978387515,-0.13368722421511434
18097357200,2026,1417.6430519528117,NA,4.590721555808308e-5,-0.3020914200320878
18097357200,2027,1525.8815067334576,NA,0.07635099303138881,-0.18018846566357943
18097357200,2028,1642.4915353734225,NA,0.07642141812806869,-0.1918883619728861
18097357300,2024,1317.1624126811812,NA,0.07577568968820891,0.08058222842073308
18097357300,2025,1417.5779748951477,NA,0.07623627978387515,-0.13368722421511434
18097357300,2026,1417.6430519528117,NA,4.590721555808308e-5,-0.3020914200320878
18097357300,2027,1525.8815067334576,NA,0.07635099303138881,-0.18018846566357943
18097357300,2028,1642.4915353734225,NA,0.07642141812806869,-0.1918883619728861
18097357400,2024,1317.16241268131,NA,0.07577568968831394,0.08058222842149984
18097357400,2025,1417.5779748954712,NA,0.0762362797840157,-0.13368722421184362
18097357400,2026,1417.6430519531402,NA,4.5907215561635795e-5,-0.3020914200312447
18097357400,2027,1525.8815067340256,NA,0.07635099303154003,-0.18018846566014296
18097357400,2028,1642.49153537427,NA,0.07642141812822323,-0.19188836196948403
18097357500,2024,1317.1624126811812,NA,0.07577568968820891,0.08058222842073308
18097357500,2025,1417.5779748951477,NA,0.07623627978387515,-0.13368722421511434
18097357500,2026,1417.6430519528117,NA,4.590721555808308e-5,-0.3020914200320878
18097357500,2027,1525.8815067334576,NA,0.07635099303138881,-0.18018846566357943
18097357500,2028,1642.4915353734225,NA,0.07642141812806869,-0.1918883619728861
18097357601,2024,1317.1624126811812,NA,0.07577568968820891,0.08058222842073308
18097357601,2025,1417.5779748951477,NA,0.07623627978387515,-0.13368722421511434
18097357601,2026,1417.6430519528117,NA,4.590721555808308e-5,-0.3020914200320878
18097357601,2027,1525.8815067334576,NA,0.07635099303138881,-0.18018846566357943
18097357601,2028,1642.4915353734225,NA,0.07642141812806869,-0.1918883619728861
18097357602,2024,1317.1624126811812,NA,0.07577568968820891,0.08058222842073308
18097357602,2025,1417.5779748951477,NA,0.07623627978387515,-0.13368722421511434
18097357602,2026,1417.6430519528117,NA,4.590721555808308e-5,-0.3020914200320878
18097357602,2027,1525.8815067334576,NA,0.07635099303138881,-0.18018846566357943
18097357602,2028,1642.4915353734225,NA,0.07642141812806869,-0.1918883619728861
18097357800,2024,440.4233513349223,NA,0.07577566165130589,0.08058202373185958
18097357800,2025,473.9995803082409,NA,0.07623625966141234,-0.1336876924698156
18097357800,2026,474.0213414842395,NA,4.5909694655010824e-5,-0.3020908317174265
18097357800,2027,510.21333529897385,NA,0.07635097968671878,-0.18018876893650265
18097357800,2028,549.2045575522549,NA,0.0764214095471123,-0.19188855087252707
18097357900,2024,224.36977849156457,NA,0.07577564438758944,0.08058189769473374
18097357900,2025,241.47488840443089,NA,0.07623624726941292,-0.1336879808347163
18097357900,2026,241.48597481137503,NA,4.591122090324973e-5,-0.30209046952335267
18097357900,2027,259.9236635839964,NA,0.07635097146748615,-0.18018895572798563
18097357900,2028,279.7873949556797,NA,0.07642140426073274,-0.19188866724594222
18097358100,2024,1518.058871840142,NA,0.06190921441781927,-0.020652676174752218
18097358100,2025,1607.2167447812622,NA,0.058731498886499534,-0.5410278180677738
18097358100,2026,1605.9063693542105,NA,-8.153072267984562e-4,-0.5064662781748094
18097358100,2027,1696.3223410590883,NA,0.056302144029254375,-0.635821540729299
18097358100,2028,1788.203581444336,NA,0.05416496509023294,-0.6818379430179747
18097360101,2024,1027.1173357373082,NA,0.07206466372449771,0.05348916027890271
18097360101,2025,1099.986434819908,NA,0.0709452528423069,-0.2568107336782892
18097360101,2026,1099.79149468284,NA,-1.7722049190538325e-4,-0.35504187153145744
18097360101,2027,1177.2928483880364,NA,0.07046913354021389,-0.31386046482837954
18097360101,2028,1259.8608143241102,NA,0.07013375308371805,-0.33030389696376655
18097360102,2024,1027.1173357346863,NA,0.07206466372176124,0.05348916025892452
18097360102,2025,1099.9864348138997,NA,0.07094525283919073,-0.2568107337508033
18097360102,2026,1099.79149467694,NA,-1.7722049180790567e-4,-0.355041871508325
18097360102,2027,1177.2928483786811,NA,0.0704691335374501,-0.31386046489118985
18097360102,2028,1259.8608143112697,NA,0.07013375308131509,-0.33030389701666507
18097360201,2024,1142.3249853868008,NA,0.0574359329311811,-0.05331073928727098
18097360201,2025,1210.4782379671783,NA,0.05966187683209978,-0.5193776924769393
18097360201,2026,1210.8224601093511,NA,2.843687159141961e-4,-0.24550210509395667
18097360201,2027,1283.9403035969335,NA,0.06038692367911569,-0.5429902409058507
18097360201,2028,1362.0814692128652,NA,0.06086043517523421,-0.5344450607168474
18097360202,2024,1144.0463291050662,NA,0.053624858293054745,-0.08113423227116277
18097360202,2025,1206.445798586448,NA,0.0545427819607569,-0.6385003000151768
18097360202,2026,1206.6089800950676,NA,1.3525805204905872e-4,-0.28088756692111466
18097360202,2027,1272.8452324889745,NA,0.05489454619232825,-0.6678108150675028
18097360202,2028,1343.0231681505982,NA,0.055134696560393825,-0.6604904476770117
18097360301,2024,928.6306010749618,NA,0.06589216190336211,0.008425608021144058
18097360301,2025,991.803268864621,NA,0.06802776875598537,-0.3247013121005571
18097360301,2026,991.9413088870192,NA,1.391808504080938e-4,-0.27995664737457693
18097360301,2027,1059.746549537962,NA,0.06835610135747028,-0.36188154329696415
18097360301,2028,1132.3840002157474,NA,0.06854228561485254,-0.3653381775066724
18097360302,2024,933.6917837602248,NA,0.06602088446981269,0.00936537219912064
18097360302,2025,997.312780353528,NA,0.06813918436454958,-0.32210864325065436
18097360302,2026,997.4632690084592,NA,1.5089414063051976e-4,-0.27717696567179173
18097360302,2027,1065.7878278332455,NA,0.06849832063761618,-0.3586494471332585
18097360302,2028,1139.012462255342,NA,0.0687047013578328,-0.3617627863563832
18097360401,2024,1591.08270747777,NA,0.017478669268731872,-0.3450265283315501
18097360401,2025,1661.828915673651,NA,0.044464192755906407,-0.8730315709844869
18097360401,2026,1688.0782491667248,NA,0.01579544876461192,3.4354333607799403
18097360401,2027,1825.9474629513031,NA,0.08167228850477382,-0.059255926363513955
18097360401,2028,1988.793887749151,NA,0.08918461680964085,0.08907841364948835
18097360402,2024,1559.88631295132,NA,0.05906219921054423,-0.04143786543664353
18097360402,2025,1647.704885328476,NA,0.05629805944703903,-0.5976545574817436
18097360402,2026,1646.9288961189964,NA,-4.709515741496695e-4,-0.4247472147227777
18097360402,2027,1737.5669441335242,NA,0.055034584813052456,-0.6646282768887906
18097360402,2028,1831.6108854560812,NA,0.054123924053731454,-0.6827414130635107
18097360405,2024,1592.9529522534765,NA,0.01745977913144925,-0.3451644394595269
18097360405,2025,1663.749156933084,NA,0.044443374538749136,-0.8735160160620639
18097360405,2026,1690.037040620934,NA,0.01580038888573121,3.4366057012602047
18097360405,2027,1828.0605209049504,NA,0.08166890841238916,-0.05933274283747022
18097360405,2028,1991.111608447058,NA,0.08919348439371788,0.08927362306116048
18097360406,2024,1559.88631295132,NA,0.05906219921054423,-0.04143786543664353
18097360406,2025,1647.704885328476,NA,0.05629805944703903,-0.5976545574817436
18097360406,2026,1646.9288961189964,NA,-4.709515741496695e-4,-0.4247472147227777
18097360406,2027,1737.5669441335242,NA,0.055034584813052456,-0.6646282768887906
18097360406,2028,1831.6108854560812,NA,0.054123924053731454,-0.6827414130635107
18097360407,2024,1564.181525802859,NA,0.06080847631904929,-0.028688829143744154
18097360407,2025,1656.7931806549843,NA,0.05920774112492477,-0.529945543039302
18097360407,2026,1656.352614223466,NA,-2.659151647064206e-4,-0.3760900103923506
18097360407,2027,1753.2422121033123,NA,0.05849575570312382,-0.5859692009586324
18097360407,2028,1854.9075719699008,NA,0.05798705915517721,-0.597699047091885
18097360501,2024,1592.9529522534765,NA,0.01745977913144925,-0.3451644394595269
18097360501,2025,1663.749156933084,NA,0.044443374538749136,-0.8735160160620639
18097360501,2026,1690.037040620934,NA,0.01580038888573121,3.4366057012602047
18097360501,2027,1828.0605209049504,NA,0.08166890841238916,-0.05933274283747022
18097360501,2028,1991.111608447058,NA,0.08919348439371788,0.08927362306116048
18097360502,2024,1584.8419032884344,NA,0.017542440942913906,-0.3445609507982675
18097360502,2025,1655.4221650206,NA,0.04453457571112707,-0.8713937421567644
18097360502,2026,1681.542450076157,NA,0.01577862469615532,3.4314408399453007
18097360502,2027,1818.896471489009,NA,0.08168335054915277,-0.05900452872485857
18097360502,2028,1981.0586775288016,NA,0.08915417044436902,0.08840817280365726
18097360601,2024,928.6306010749618,NA,0.06589216190336211,0.008425608021144058
18097360601,2025,991.803268864621,NA,0.06802776875598537,-0.3247013121005571
18097360601,2026,991.9413088870192,NA,1.391808504080938e-4,-0.27995664737457693
18097360601,2027,1059.746549537962,NA,0.06835610135747028,-0.36188154329696415
18097360601,2028,1132.3840002157474,NA,0.06854228561485254,-0.3653381775066724
18097360602,2024,928.6306010749618,NA,0.06589216190336211,0.008425608021144058
18097360602,2025,991.803268864621,NA,0.06802776875598537,-0.3247013121005571
18097360602,2026,991.9413088870192,NA,1.391808504080938e-4,-0.27995664737457693
18097360602,2027,1059.746549537962,NA,0.06835610135747028,-0.36188154329696415
18097360602,2028,1132.3840002157474,NA,0.06854228561485254,-0.3653381775066724
18097360700,2024,928.6306010749618,NA,0.06589216190336211,0.008425608021144058
18097360700,2025,991.803268864621,NA,0.06802776875598537,-0.3247013121005571
18097360700,2026,991.9413088870192,NA,1.391808504080938e-4,-0.27995664737457693
18097360700,2027,1059.746549537962,NA,0.06835610135747028,-0.36188154329696415
18097360700,2028,1132.3840002157474,NA,0.06854228561485254,-0.3653381775066724
18097360800,2024,928.6306010749618,NA,0.06589216190336233,0.008425608021145678
18097360800,2025,991.803268864621,NA,0.06802776875598537,-0.3247013121005571
18097360800,2026,991.9413088870192,NA,1.391808504080938e-4,-0.27995664737457693
18097360800,2027,1059.746549537962,NA,0.06835610135747028,-0.36188154329696415
18097360800,2028,1132.3840002157474,NA,0.06854228561485254,-0.3653381775066724
18097360900,2024,975.0892549400928,NA,0.06790666335525719,0.023132868396500736
18097360900,2025,1042.3632269956088,NA,0.06899262986920007,-0.30224875464517426
18097360900,2026,1042.4956588385796,NA,1.2704961144160976e-4,-0.28283551252236344
18097360900,2027,1114.7564703747134,NA,0.06931521577426802,-0.3400845687664613
18097360900,2028,1192.2555930903902,NA,0.06952112391832665,-0.3437902059640935
18097361000,2024,928.6306010749618,NA,0.06589216190336211,0.008425608021144058
18097361000,2025,991.803268864621,NA,0.06802776875598537,-0.3247013121005571
18097361000,2026,991.9413088870192,NA,1.391808504080938e-4,-0.27995664737457693
18097361000,2027,1059.746549537962,NA,0.06835610135747028,-0.36188154329696415
18097361000,2028,1132.3840002157474,NA,0.06854228561485254,-0.3653381775066724
18097361300,2024,928.6306010749618,NA,0.06589216190336211,0.008425608021144058
18097361300,2025,991.803268864621,NA,0.06802776875598537,-0.3247013121005571
18097361300,2026,991.9413088870192,NA,1.391808504080938e-4,-0.27995664737457693
18097361300,2027,1059.746549537962,NA,0.06835610135747028,-0.36188154329696415
18097361300,2028,1132.3840002157474,NA,0.06854228561485254,-0.3653381775066724
18097361401,2024,1812.640779517384,NA,0.04974363384568403,-0.10946986760613989
18097361401,2025,1900.790688883108,NA,0.04863065553959012,-0.7760769484433288
18097361401,2026,1900.351128437264,NA,-2.312513673466965e-4,-0.3678639422731298
18097361401,2027,1991.5436100282252,NA,0.04798717469963165,-0.8247887499855413
18097361401,2028,2086.1074775024463,NA,0.04748269985053488,-0.8289401362136517
18097361402,2024,1420.265668191145,NA,0.07730496453608238,0.09174699742698068
18097361402,2025,1531.6628779140224,NA,0.07843406499063876,-0.08254421725420463
18097361402,2026,1531.710791911441,NA,3.128233902471855e-5,-0.30556205048120394
18097361402,2027,1651.9570742742278,NA,0.07850456038945186,-0.13124617887140702
18097361402,2028,1781.7044126144765,NA,0.0785415918856438,-0.1452152356440498
18097361601,2024,1804.628435159083,NA,0.08866677785251942,0.1746961293940186
18097361601,2025,2005.1330742216403,NA,0.11110577399545529,0.6777345560835702
18097361601,2026,2012.6688075220577,NA,0.003758221036447962,0.578878026380811
18097361601,2027,2257.7952660607502,NA,0.1217917511428448,0.8525048500193311
18097361601,2028,2550.4698114577213,NA,0.1296284697715795,0.9794021674329392
18097361602,2024,1814.329901781613,NA,0.049650276916626046,-0.11015143805733409
18097361602,2025,1902.2732839304497,NA,0.04847154977850443,-0.7797793789727929
18097361602,2026,1901.804262248687,NA,-2.465585180240204e-4,-0.37149648324595314
18097361602,2027,1992.6809735559164,NA,0.047784471362881886,-0.8293954156669251
18097361602,2028,2086.823455773566,NA,0.047244131633200404,-0.8341919343296855
18097370201,2024,1517.4217916417945,NA,0.061940388516265044,-0.02042508359477284
18097370201,2025,1606.5969905018862,NA,0.058767574942763634,-0.5401883192892039
18097370201,2026,1605.2922373998297,NA,-8.121222122101646e-4,-0.5057104421453027
18097370201,2027,1695.7492653037868,NA,0.05634925890532849,-0.6347508011639151
18097370201,2028,1787.7006413771328,NA,0.05422462975791009,-0.6805244956828618
18097370204,2024,1518.058871840142,NA,0.06190921441781927,-0.020652676174752218
18097370204,2025,1607.2167447812622,NA,0.058731498886499534,-0.5410278180677738
18097370204,2026,1605.9063693542105,NA,-8.153072267984562e-4,-0.5064662781748094
18097370204,2027,1696.3223410590883,NA,0.056302144029254375,-0.635821540729299
18097370204,2028,1788.203581444336,NA,0.05416496509023294,-0.6818379430179747
18097370304,2024,1518.058871840142,NA,0.06190921441781927,-0.020652676174752218
18097370304,2025,1607.2167447812622,NA,0.058731498886499534,-0.5410278180677738
18097370304,2026,1605.9063693542105,NA,-8.153072267984562e-4,-0.5064662781748094
18097370304,2027,1696.3223410590883,NA,0.056302144029254375,-0.635821540729299
18097370304,2028,1788.203581444336,NA,0.05416496509023294,-0.6818379430179747
18097370305,2024,1518.0588718305016,NA,0.06190921441107555,-0.020652676223986036
18097370305,2025,1607.216744755904,NA,0.05873149887651885,-0.5410278183000268
18097370305,2026,1605.906369328452,NA,-8.153072270604689e-4,-0.5064662782369876
18097370305,2027,1696.3223410154276,NA,0.05630214401900968,-0.6358215409621213
18097370305,2028,1788.203581382009,NA,0.05416496508062307,-0.6818379432295247
18097370306,2024,1518.0588718266763,NA,0.06190921440839925,-0.02065267624352491
18097370306,2025,1607.2167447449724,NA,0.05873149887198559,-0.541027818405517
18097370306,2026,1605.906369316887,NA,-8.153072274600381e-4,-0.5064662783318095
18097370306,2027,1696.3223409941522,NA,0.056302144013368416,-0.6358215410903255
18097370306,2028,1788.2035813485682,NA,0.05416496507413071,-0.6818379433724464
18097380403,2024,1317.1624126811812,NA,0.07577568968820891,0.08058222842073308
18097380403,2025,1417.5779748951477,NA,0.07623627978387515,-0.13368722421511434
18097380403,2026,1417.6430519528117,NA,4.590721555808308e-5,-0.3020914200320878
18097380403,2027,1525.8815067334576,NA,0.07635099303138881,-0.18018846566357943
18097380403,2028,1642.4915353734225,NA,0.07642141812806869,-0.1918883619728861
18097390102,2024,1517.3131811083383,NA,0.12432886055251369,0.4350541129054823
18097390102,2025,1727.0013428678435,NA,0.13819702113596355,1.3081545975065543
18097390102,2026,1728.505934917542,NA,8.712164908917241e-4,-0.10623721952814924
18097390102,2027,1971.1756073490449,NA,0.1403927331282664,1.2752334874766436
18097390102,2028,2250.3793294419647,NA,0.14164325139372536,1.243893423614298
18097390103,2024,1798.8027465820323,NA,0.16943022662633656,0.7643254239328315
18097390103,2025,2157.0146842535164,NA,0.19913908756929288,2.726291601168356
18097390103,2026,2161.1870119852365,NA,0.0019343065961390238,0.14604476596472687
18097390103,2027,2602.761305674055,NA,0.2043202606900707,2.7280598298383656
18097390103,2028,3142.3484142547313,NA,0.20731332811978143,2.6895427606597284
18097390104,2024,1810.4504467123495,NA,0.049775041833023614,-0.10924056747471798
18097390104,2025,1898.43181406109,NA,0.04859639627724066,-0.776874169976817
18097390104,2026,1897.963438166572,NA,-2.4671725950287104e-4,-0.37153415419714236
18097390104,2027,1988.892308125611,NA,0.04790865204804784,-0.8265732672513274
18097390104,2028,2083.1013082407785,NA,0.04736757225631427,-0.8314745345052045
18097390200,2024,1814.329901781613,NA,0.049650276916626046,-0.11015143805733409
18097390200,2025,1902.2732839304497,NA,0.04847154977850443,-0.7797793789727929
18097390200,2026,1901.804262248687,NA,-2.465585180240204e-4,-0.37149648324595314
18097390200,2027,1992.6809735559164,NA,0.047784471362881886,-0.8293954156669251
18097390200,2028,2086.823455773566,NA,0.047244131633200404,-0.8341919343296855
18097390300,2024,1814.329901781613,NA,0.049650276916626046,-0.11015143805733409
18097390300,2025,1902.2732839304497,NA,0.04847154977850443,-0.7797793789727929
18097390300,2026,1901.804262248687,NA,-2.465585180240204e-4,-0.37149648324595314
18097390300,2027,1992.6809735559164,NA,0.047784471362881886,-0.8293954156669251
18097390300,2028,2086.823455773566,NA,0.047244131633200404,-0.8341919343296855
18097390406,2024,1814.329901778909,NA,0.04965027691506174,-0.11015143806875459
18097390406,2025,1902.273283917962,NA,0.04847154977318424,-0.779779379096595
18097390406,2026,1901.80426223362,NA,-2.4655851938171214e-4,-0.371496483568147
18097390406,2027,1992.680973522075,NA,0.04778447135338881,-0.8293954158826661
18097390406,2028,2086.823455711467,NA,0.047244131619821994,-0.8341919346241954
18097390500,2024,1201.28277208153,NA,0.08271770773122711,0.13126378379665354
18097390500,2025,1297.1587791177055,NA,0.0798113560473741,-0.050494312702549136
18097390500,2026,1296.4173802373991,NA,-5.715559978021201e-4,-0.4486216573717407
18097390500,2027,1397.7764195205386,NA,0.07818395589897031,-0.1385322834184777
18097390500,2028,1505.2989046203002,NA,0.07692395121148454,-0.180825688452432
18097390601,2024,1144.046329095667,NA,0.05362485828439856,-0.08113423233435894
18097390601,2025,1206.44579856347,NA,0.054542781949335595,-0.6385003002809535
18097390601,2026,1206.608980071824,NA,1.35258051831455e-4,-0.28088756697275424
18097390601,2027,1272.845232450096,NA,0.054894546180428216,-0.6678108153379448
18097390601,2028,1343.023168094161,NA,0.05513469654828307,-0.6604904479436157
18097390602,2024,1144.8680450951151,NA,0.05397487625252051,-0.07857885795705075
18097390602,2025,1207.965219212263,NA,0.05511305375975084,-0.6252299337865745
18097390602,2026,1208.1613090203043,NA,1.6233067386584032e-4,-0.274462961188521
18097390602,2027,1275.254050000017,NA,0.05553293296084627,-0.653302743986207
18097390602,2028,1346.434239295974,NA,0.05581647774100862,-0.6454818385676094
18097390700,2024,989.0958816970812,NA,0.07774248443706933,0.09494119671492961
18097390700,2025,1066.1930029368275,NA,0.0779470652607146,-0.09387682177844264
18097390700,2026,1066.216920638724,NA,2.243280703462247e-5,-0.3076621335222598
18097390700,2027,1149.3861081557657,NA,0.0780040026631903,-0.1426219269774544
18097390700,2028,1239.0839699706974,NA,0.07803979983615372,-0.15626159617604804
18097390802,2024,1485.770376560127,NA,0.13788761211252099,0.5340424205933275
18097390802,2025,1719.5748958858849,NA,0.15736248549191356,1.7541397074021652
18097390802,2026,1722.3930941342487,NA,0.0016388924117853865,0.07594000569686861
18097390802,2027,2000.9208670450664,NA,0.16170975943840404,1.7596873455465423
18097390802,2028,2329.7225745847786,NA,0.16432519294242875,1.7432096327238278
18097390900,2024,1369.600400316847,NA,0.052383857254870936,-0.09019440215959224
18097390900,2025,1441.6607113057055,NA,0.05261411355617862,-0.6833808922300477
18097390900,2026,1441.65460013753,NA,-4.238978094872614e-6,-0.3139916166732135
18097390900,2027,1517.4934875791887,NA,0.05260544892960062,-0.7198331742977048
18097390900,2028,1597.315513441287,NA,0.05260123125103888,-0.7162617003919242
18097391001,2024,1065.50339659177,NA,0.1709945680398266,0.7757462032340866
18097391001,2025,1222.5415743486403,NA,0.1473840236072348,1.5219384240116052
18097391001,2026,1224.0411482092804,NA,0.0012266035708756728,-0.02190028730168509
18097391001,2027,1407.5811984086354,NA,0.1499459805480119,1.4923419857380096
18097391001,2028,1620.3338749234144,NA,0.1511477112335049,1.4531229045492657
