GEOID,NAME,year,housing_pressure_forecast,housing_pressure_zscore
18097310103,NA,2024,4.192234353411609,-1.248825435162841
18097310103,NA,2025,3.996915356275369,-1.2172359249882254
18097310103,NA,2026,4.049495752297845,-1.215034212951703
18097310103,NA,2027,3.918412500597036,-1.158787354260155
18097310103,NA,2028,3.8338887692527024,-1.0930852418933923
18097310104,NA,2024,24.28248623015668,0.10622796863102531
18097310104,NA,2025,28.62096401046922,0.35886763108331543
18097310104,NA,2026,28.20742765501014,0.32918974064778517
18097310104,NA,2027,31.54068275015168,0.4733094467728316
18097310104,NA,2028,34.22611708431914,0.5502364102380993
18097310105,NA,2024,33.56544236931657,0.7323476106748438
18097310105,NA,2025,36.68156600595955,0.8747999884134303
18097310105,NA,2026,36.77805015247488,0.8770412956212384
18097310105,NA,2027,40.19253563218121,0.9845151255311186
18097310105,NA,2028,43.92407683421112,1.0746095188264142
18097310106,NA,2024,30.967637801210874,0.5571301000134891
18097310106,NA,2025,30.409029937372697,0.47331579131317064
18097310106,NA,2026,30.350941378539183,0.4662074808282328
18097310106,NA,2027,29.69858054451321,0.3644665062818402
18097310106,NA,2028,29.01106081789249,0.2682559384260178
18097310108,NA,2024,6.529860170160466,-1.091156539859018
18097310108,NA,2025,6.702088511151519,-1.044086777621535
18097310108,NA,2026,6.703383070104246,-1.0453923585572704
18097310108,NA,2027,6.87973154526762,-0.9838140701680249
18097310108,NA,2028,7.0604874903483585,-0.918621576835713
18097310110,NA,2024,17.64636380891112,-0.34136722978011996
18097310110,NA,2025,17.456281649022678,-0.3557465990704297
18097310110,NA,2026,17.465474254082547,-0.35745768500786396
18097310110,NA,2027,17.293604223913086,-0.36849722142145536
18097310110,NA,2028,17.13131984335682,-0.3740870764654013
18097310111,NA,2024,20.47284818123839,-0.15072565430412527
18097310111,NA,2025,19.907958843010512,-0.19882288607550727
18097310111,NA,2026,19.928637011845957,-0.20000733091834938
18097310111,NA,2027,19.411821404836683,-0.24333967811871926
18097310111,NA,2028,18.926801842576467,-0.2770045455386612
18097310112,NA,2024,1.370540958764872,-1.439143867322697
18097310112,NA,2025,1.1532661959368034,-1.3992484614630563
18097310112,NA,2026,1.1647409708636518,-1.3994335833817189
18097310112,NA,2027,0.9800794703143656,-1.3324024805972536
18097310112,NA,2028,0.824687914381205,-1.255794105131679
18097310201,NA,2024,18.054328042432548,-0.31385073438469574
18097310201,NA,2025,17.556694278415247,-0.349319520222323
18097310201,NA,2026,17.540061850935498,-0.3526898946951172
18097310201,NA,2027,17.012105927584987,-0.38512990457105034
18097310201,NA,2028,16.475790518689703,-0.40953184615010985
18097310203,NA,2024,30.22820557727415,0.5072566510359713
18097310203,NA,2025,30.167812318873153,0.4578762528504537
18097310203,NA,2026,30.19055201691076,0.4559550678681097
18097310203,NA,2027,30.18479120667913,0.39319487868497105
18097310203,NA,2028,30.21462697816699,0.33333330986611603
18097310204,NA,2024,22.611809856553943,-0.006456318284702648
18097310204,NA,2025,21.785384764738776,-0.07865508942063665
18097310204,NA,2026,22.089978940031855,-0.06184997577451584
18097310204,NA,2027,21.72999656052686,-0.10636736477683942
18097310204,NA,2028,21.600508356167325,-0.13243601441023695
18097310305,NA,2024,27.81154978699983,0.3442573181007824
18097310305,NA,2025,27.8675007629113,0.31064095152617466
18097310305,NA,2026,27.824307662015404,0.30469993445626614
18097310305,NA,2027,27.78337582318798,0.251304211120798
18097310305,NA,2028,27.68630387884116,0.19662572628144542
18097310306,NA,2024,24.020078666908525,0.08852902369284575
18097310306,NA,2025,23.791065436506457,0.04972186773659372
18097310306,NA,2026,23.688717894598653,0.04034465740587952
18097310306,NA,2027,23.206967362221405,-0.019098675458891032
18097310306,NA,2028,22.555211208185607,-0.08081479559701873
18097310308,NA,2024,5.889883398000404,-1.1343218873511671
18097310308,NA,2025,5.648008688699212,-1.1115549255236628
18097310308,NA,2026,5.349728811440059,-1.1319206814095466
18097310308,NA,2027,4.754900901072184,-1.1093623783192763
18097310308,NA,2028,4.006885469567788,-1.0837312313737308
18097310309,NA,2024,19.887613212225748,-0.19019876004939087
18097310309,NA,2025,18.46143915972165,-0.29140980582928866
18097310309,NA,2026,18.502303681616105,-0.2911814472801467
18097310309,NA,2027,17.189031029981404,-0.3746760609501306
18097310309,NA,2028,15.976277387209118,-0.4365407490833351
18097310310,NA,2024,17.103339888238402,-0.377993271930482
18097310310,NA,2025,17.322520990104195,-0.36430817451013664
18097310310,NA,2026,17.53144327136995,-0.3532408117630482
18097310310,NA,2027,18.05516013878885,-0.3234997262392292
18097310310,NA,2028,18.75440236400262,-0.2863262640062781
18097310311,NA,2024,0.5896202120950054,-1.4918156467687842
18097310311,NA,2025,0.414093986636205,-1.4465604191345462
18097310311,NA,2026,0.4403620764277723,-1.4457373499779071
18097310311,NA,2027,0.3282794080344679,-1.3709149123035966
18097310311,NA,2028,0.2589713931412509,-1.2863826555559748
18097310312,NA,2024,37.190649588993026,0.9768616870845495
18097310312,NA,2025,35.020657464787824,0.7684907500419201
18097310312,NA,2026,36.193492418987454,0.8396751809244848
18097310312,NA,2027,35.77193353894444,0.7233182554031904
18097310312,NA,2028,36.23428243136622,0.6588188268234163
18097320105,NA,2024,11.06790652265833,-0.7850730126711621
18097320105,NA,2025,9.802562531219426,-0.8456357350183447
18097320105,NA,2026,9.92684054604093,-0.8393424256492341
18097320105,NA,2027,8.97710656781244,-0.8598880121744
18097320105,NA,2028,8.257711558259333,-0.8538871252234326
18097320106,NA,2024,22.52805232744807,-0.012105621519156002
18097320106,NA,2025,22.82062601713747,-0.012392735808057812
18097320106,NA,2026,22.846794333354072,-0.013472802449932849
18097320106,NA,2027,23.19045527176915,-0.02007431322370976
18097320106,NA,2028,23.56140062394017,-0.02640967479068035
18097320107,NA,2024,2.2294178037239782,-1.3812140813079818
18097320107,NA,2025,1.851007969152883,-1.3545883283781492
18097320107,NA,2026,1.9694786721183528,-1.3479931190387187
18097320107,NA,2027,1.7733491781634132,-1.2855311358149515
18097320107,NA,2028,1.6738511629798258,-1.209879460830173
18097320108,NA,2024,46.880664018554015,1.6304367201973566
18097320108,NA,2025,46.06727241971649,1.4755478777109252
18097320108,NA,2026,46.14401064424491,1.4757324666247418
18097320108,NA,2027,45.46762871795096,1.2962006775387362
18097320108,NA,2028,44.85940694879815,1.1251832448874788
18097320109,NA,2024,0.6892961399168737,-1.485092674548228
18097320109,NA,2025,0.5298794058252259,-1.4391493790782244
18097320109,NA,2026,0.5421690897683816,-1.439229639414018
18097320109,NA,2027,0.4167791149648958,-1.3656857950996681
18097320109,NA,2028,0.32038866462329985,-1.2830617956639327
18097320202,NA,2024,24.19481406895126,0.10031463010305565
18097320202,NA,2025,26.959155966716683,0.2525008185396529
18097320202,NA,2026,26.98026684012669,0.2507471350102996
18097320202,NA,2027,29.85164294414345,0.37351039190521595
18097320202,NA,2028,32.8973658244298,0.478390223343317
18097320203,NA,2024,39.23352302840242,1.114650034616222
18097320203,NA,2025,37.46767521895516,0.9251162277720605
18097320203,NA,2026,38.6074334532822,0.993979182721764
18097320203,NA,2027,38.32156535100042,0.8739664782564731
18097320203,NA,2028,38.94058771157648,0.80514998813687
18097320204,NA,2024,26.653226631980395,0.26613038651566023
18097320204,NA,2025,25.254739300450705,0.14340676960989315
18097320204,NA,2026,25.331051845408865,0.14532597107396186
18097320204,NA,2027,24.06892478981086,0.03183117018687209
18097320204,NA,2028,22.909962652804783,-0.06163322312315643
18097320205,NA,2024,21.747515588504935,-0.06475150029558559
18097320205,NA,2025,18.573676152088137,-0.28422588878640764
18097320205,NA,2026,18.96451788636095,-0.2616357788208034
18097320205,NA,2027,16.53302021032529,-0.413437290585882
18097320205,NA,2028,14.5936980226954,-0.5112974461554374
18097320206,NA,2024,40.22596274812674,1.181588409929939
18097320206,NA,2025,40.23430910821601,1.1021992725811605
18097320206,NA,2026,40.23425260872735,1.09796875923559
18097320206,NA,2027,40.242486895564355,0.9874665591547361
18097320206,NA,2028,40.25066616041038,0.8759865276179959
18097320301,NA,2024,7.075675088175669,-1.0543422496731352
18097320301,NA,2025,7.18447090249131,-1.0132110831712053
18097320301,NA,2026,7.105699927650517,-1.019675449888856
18097320301,NA,2027,7.083717590589532,-0.9717612964815235
18097320301,NA,2028,7.001081798866778,-0.9218336696793011
18097320303,NA,2024,45.710247255575354,1.551494095273503
18097320303,NA,2025,48.0300093972919,1.6011761516569665
18097320303,NA,2026,48.07870669974136,1.5994021583791358
18097320303,NA,2027,50.53750871126467,1.5957609542267779
18097320303,NA,2028,53.1309942208019,1.5724317427819414
18097320304,NA,2024,12.39525748087983,-0.6955454425340725
18097320304,NA,2025,11.520084193639985,-0.735702878818034
18097320304,NA,2026,11.876886678858268,-0.7146915258517025
18097320304,NA,2027,11.429102953603843,-0.7150087020655896
18097320304,NA,2028,11.289114264229765,-0.689977797766134
18097320305,NA,2024,4.275279465372372,-1.2432241832561326
18097320305,NA,2025,4.015426909512117,-1.2160510619588114
18097320305,NA,2026,4.020676806117253,-1.216876378381624
18097320305,NA,2027,3.7762705523717,-1.167185991189533
18097320305,NA,2028,3.5467064354977005,-1.1086133217129064
18097320306,NA,2024,23.64524725870211,0.0632472811514854
18097320306,NA,2025,24.871921863630767,0.11890389715494716
18097320306,NA,2026,24.891899294392108,0.11725445024612725
18097320306,NA,2027,26.180748464659302,0.15661094509047324
18097320306,NA,2028,27.53513008739246,0.1884516904013812
18097320400,NA,2024,25.427320638412223,0.18344510713204562
18097320400,NA,2025,25.498537719245633,0.15901149652639313
18097320400,NA,2026,25.470698517182132,0.1542524692717862
18097320400,NA,2027,25.48963854628232,0.11577584077954389
18097320400,NA,2028,25.48372584753127,0.07753132715289046
18097320500,NA,2024,32.18043473969943,0.638931195872918
18097320500,NA,2025,33.74139334730155,0.6866093034512339
18097320500,NA,2026,33.76758705331167,0.6846063948244017
18097320500,NA,2027,35.40751712124466,0.7017862500973883
18097320500,NA,2028,37.12807471916751,0.7071465836376106
18097320600,NA,2024,8.741595832213118,-0.9419787219031441
18097320600,NA,2025,8.29055259209278,-0.9424144684971362
18097320600,NA,2026,8.261403236689729,-0.9458005528049639
18097320600,NA,2027,7.773647719662112,-0.9309959015149825
18097320600,NA,2028,7.285280337850733,-0.9064669250044809
18097320700,NA,2024,16.95476050155221,-0.38801469948141154
18097320700,NA,2025,17.489741705423942,-0.353604932010679
18097320700,NA,2026,17.390231049177405,-0.3622673831156341
18097320700,NA,2027,17.678761419254126,-0.3457397210157425
18097320700,NA,2028,17.798176149858744,-0.3380298517046952
18097320800,NA,2024,1.2693080151183744,-1.4459718576189784
18097320800,NA,2025,1.3347245139964894,-1.387633917307909
18097320800,NA,2026,1.33297555883785,-1.3886796876583631
18097320800,NA,2027,1.3961180080026772,-1.3078203169903908
18097320800,NA,2028,1.459673607344633,-1.2214601389866815
18097320901,NA,2024,18.80002522407181,-0.2635547246393224
18097320901,NA,2025,18.575446050302435,-0.28411260348111056
18097320901,NA,2026,18.79563140179863,-0.2724313450948795
18097320901,NA,2027,18.933100823562388,-0.2716254896116767
18097320901,NA,2028,19.242764822237035,-0.2599202830632179
18097320902,NA,2024,36.70221241397456,0.9439174283162285
18097320902,NA,2025,36.155065676487496,0.841100451298017
18097320902,NA,2026,36.195009714834015,0.8397721695491895
18097320902,NA,2027,35.742625349805216,0.7215865439505821
18097320902,NA,2028,35.351098761383525,0.6110646828150934
18097320903,NA,2024,37.38832741212661,0.9901947208730297
18097320903,NA,2025,37.48467195828645,0.9262041325954252
18097320903,NA,2026,37.48780593847528,0.9224103234983556
18097320903,NA,2027,37.59038386295966,0.8307636945307182
18097320903,NA,2028,37.696166036339235,0.7378635403614914
18097321001,NA,2024,9.343826983800655,-0.9013592524790702
18097321001,NA,2025,9.476628312546795,-0.8664977016392497
18097321001,NA,2026,9.52795926144885,-0.8648397255336033
18097321001,NA,2027,9.754202859823502,-0.8139722941386495
18097321001,NA,2028,10.027712359201702,-0.758182374313913
18097321002,NA,2024,9.520443322178131,-0.8894467801042946
18097321002,NA,2025,9.094196055957736,-0.8909759199871419
18097321002,NA,2026,9.103552984310872,-0.8919686346576856
18097321002,NA,2027,8.701622790652296,-0.8761653198459809
18097321002,NA,2028,8.320242162277507,-0.8505060669331792
18097321100,NA,2024,7.791903946595768,-1.006033828332686
18097321100,NA,2025,7.006192298795099,-1.0246221043725954
18097321100,NA,2026,7.246259063037989,-1.0106906251680694
18097321100,NA,2027,6.843452641346498,-0.9859576551268173
18097321100,NA,2028,6.630549717351356,-0.941868508390413
18097321200,NA,2024,7.819789937435519,-1.0041529655621544
18097321200,NA,2025,8.633753465413106,-0.9204473206700912
18097321200,NA,2026,8.66914378232943,-0.9197369510046848
18097321200,NA,2027,9.587650391519068,-0.823813257544914
18097321200,NA,2028,10.611871908368752,-0.726596600954554
18097321300,NA,2024,9.365645298685836,-0.8998876441572038
18097321300,NA,2025,8.797128165009498,-0.9099902488610595
18097321300,NA,2026,8.838965260697517,-0.9088816180321536
18097321300,NA,2027,8.357487374639723,-0.8964989964960866
18097321300,NA,2028,7.929232115603614,-0.8716481585639405
18097321400,NA,2024,14.101817854653165,-0.5804408406879383
18097321400,NA,2025,14.59579798551566,-0.5388366561707721
18097321400,NA,2026,14.615232707595244,-0.5396508995328202
18097321400,NA,2027,15.152356360077365,-0.4950155617755159
18097321400,NA,2028,15.720745217749242,-0.4503574900783144
18097321600,NA,2024,25.340568055192676,0.1775937925790594
18097321600,NA,2025,25.016882675345578,0.12818235716951576
18097321600,NA,2026,24.984869723236898,0.12319730842524244
18097321600,NA,2027,24.60602345114363,0.06356632443308931
18097321600,NA,2028,24.20484794495321,0.008381815443767206
18097321700,NA,2024,25.177617307669472,0.16660304112224655
18097321700,NA,2025,27.262792665070815,0.27193559495479225
18097321700,NA,2026,27.436653566298343,0.279920299232192
18097321700,NA,2027,29.921907007246983,0.3776620330115694
18097321700,NA,2028,32.726673701879356,0.4691608223949052
18097321800,NA,2024,9.741577836210524,-0.8745316323115112
18097321800,NA,2025,10.10381522667261,-0.8263535507095091
18097321800,NA,2026,10.107939738128008,-0.8277661983660128
18097321800,NA,2027,10.483040362456444,-0.7709080077576532
18097321800,NA,2028,10.87167926858533,-0.7125486984447081
18097321900,NA,2024,14.248836724954373,-0.5705246673195904
18097321900,NA,2025,14.689129233643534,-0.5328628330138768
18097321900,NA,2026,14.695472402491433,-0.5345218156614355
18097321900,NA,2027,15.152945968850531,-0.4949807239948465
18097321900,NA,2028,15.626223851256796,-0.4554683034920544
18097322000,NA,2024,16.474071692502594,-0.4204363441110773
18097322000,NA,2025,16.744668382089603,-0.4012946003886404
18097322000,NA,2026,17.272854329781453,-0.3697703408363571
18097322000,NA,2027,17.5715151699943,-0.3520765014019445
18097322000,NA,2028,17.212236871572966,-0.36971185582954524
18097322100,NA,2024,3.422529942697821,-1.3007406917784217
18097322100,NA,2025,2.813951692663139,-1.2929534994255676
18097322100,NA,2026,2.8534367895280135,-1.2914887251866334
18097322100,NA,2027,2.352666388672739,-1.251301445151822
18097322100,NA,2028,1.9436281256141017,-1.1952924973687478
18097322200,NA,2024,6.705710624878564,-1.0792957250376627
18097322200,NA,2025,6.076099155399176,-1.084154276817942
18097322200,NA,2026,6.102829495217868,-1.083780959845414
18097322200,NA,2027,5.5418119789713005,-1.0628667412361053
18097322200,NA,2028,5.038268950926258,-1.0279638559448316
18097322300,NA,2024,2.4086910878299657,-1.369122402451615
18097322300,NA,2025,2.077639609461497,-1.3400823899264764
18097322300,NA,2026,2.103930508707387,-1.3393986852311244
18097322300,NA,2027,1.8397205438679385,-1.2816094996616636
18097322300,NA,2028,1.6255472266003137,-1.2124912767099676
18097322400,NA,2024,24.962817315031035,0.15211514605028253
18097322400,NA,2025,25.977111019363218,0.18964338370095624
18097322400,NA,2026,25.896904838346313,0.1814964408570919
18097322400,NA,2027,26.78291038464843,0.1921904443292798
18097322400,NA,2028,27.623858208053605,0.19324926036972448
18097322500,NA,2024,40.974268281416514,1.2320603485687875
18097322500,NA,2025,41.1351363367414,1.1598582310336778
18097322500,NA,2026,41.14433637505526,1.1561431574996983
18097322500,NA,2027,41.32642754855872,1.0515125646524281
18097322500,NA,2028,41.521569543391706,0.9447048534139701
18097322600,NA,2024,17.5687747542363,-0.34660047987968484
18097322600,NA,2025,15.715345135077245,-0.4671781621353793
18097322600,NA,2026,15.7805214225695,-0.46516328388057215
18097322600,NA,2027,14.115744826342272,-0.556265066354171
18097322600,NA,2028,12.62659496766345,-0.6176596058759047
18097322601,NA,2024,37.99534039068283,1.031136716413253
18097322601,NA,2025,43.266484144820346,1.296278724134287
18097322601,NA,2026,39.97228261891306,1.0812231067093478
18097322601,NA,2027,41.823744102655375,1.0808971427377498
18097322601,NA,2028,40.50413187004431,0.8896915341873175
18097322602,NA,2024,22.764708912475875,0.0038564636273900124
18097322602,NA,2025,21.16117246464516,-0.11860884518750507
18097322602,NA,2026,22.32321074895907,-0.04694132599699463
18097322602,NA,2027,21.92607031481531,-0.09478209882116133
18097322602,NA,2028,22.650230766575845,-0.07567704472005382
18097322700,NA,2024,3.903442243187832,-1.2683039730302788
18097322700,NA,2025,3.2690472286275876,-1.2638243459439897
18097322700,NA,2026,3.280037047620534,-1.2642195723547127
18097322700,NA,2027,2.713302501213667,-1.2299928039613133
18097322700,NA,2028,2.226799705485,-1.1799812808417434
18097330103,NA,2024,15.11346402953724,-0.5122070225595312
18097330103,NA,2025,15.326509975483637,-0.4920662090348787
18097330103,NA,2026,15.34464515548519,-0.4930253780013668
18097330103,NA,2027,15.59401928252298,-0.4689193489607857
18097330103,NA,2028,15.86324810592429,-0.4426522938945505
18097330105,NA,2024,22.59758390690712,-0.00741583445251355
18097330105,NA,2025,22.54806502659765,-0.02983845939596285
18097330105,NA,2026,22.54492566590724,-0.03276885928914517
18097330105,NA,2027,22.48951247276351,-0.061490405732711785
18097330105,NA,2028,22.431358876602605,-0.08751154767611588
18097330106,NA,2024,38.529205592313275,1.0671450185029747
18097330106,NA,2025,38.73214324612926,1.0060506257727906
18097330106,NA,2026,38.45646906661556,0.984329233257137
18097330106,NA,2027,38.27585944963194,0.8712658872211277
18097330106,NA,2028,37.887566564087265,0.7482126542276111
18097330108,NA,2024,2.6172059726228847,-1.3550584272404638
18097330108,NA,2025,3.7584959857890823,-1.232496356891075
18097330108,NA,2026,3.9244930753245377,-1.2230246373317208
18097330108,NA,2027,5.636079895776457,-1.057296802050523
18097330108,NA,2028,8.094224221236807,-0.8627269601310049
18097330109,NA,2024,1.8639427304571383,-1.4058647549317056
18097330109,NA,2025,2.075567609667092,-1.3402150117503688
18097330109,NA,2026,2.089797443448752,-1.3403020993974553
18097330109,NA,2027,2.339133675604146,-1.2521010426327315
18097330109,NA,2028,2.62354049500165,-1.1585293253306943
18097330202,NA,2024,22.15697925281969,-0.037133870837098744
18097330202,NA,2025,21.493753455337963,-0.09732144076940794
18097330202,NA,2026,21.73077487176632,-0.08481102760129684
18097330202,NA,2027,21.384644760718015,-0.1267729130032054
18097330202,NA,2028,21.225062144489172,-0.1527365623814298
18097330203,NA,2024,2.234032685845866,-1.380902815338509
18097330203,NA,2025,2.4752197751429335,-1.3146346042372088
18097330203,NA,2026,2.4831438013692955,-1.3151586032402438
18097330203,NA,2027,2.7494684554708315,-1.2278558927763836
18097330203,NA,2028,3.0434017164480096,-1.1358272375159901
18097330204,NA,2024,0.6483599546439915,-1.4878537507922032
18097330204,NA,2025,0.5233408546494066,-1.4395678900186666
18097330204,NA,2026,0.531946266374428,-1.4398831029978187
18097330204,NA,2027,0.4304498531721179,-1.3648780422287352
18097330204,NA,2028,0.3489375300778228,-1.2815181454827465
18097330206,NA,2024,1.3921963254353105,-1.4376832495814558
18097330206,NA,2025,1.2871048660879298,-1.3906818927834923
18097330206,NA,2026,1.3007819654873496,-1.3907375673727562
18097330206,NA,2027,1.2305946742937308,-1.317600472676437
18097330206,NA,2028,1.185946598368153,-1.2362606832561271
18097330208,NA,2024,8.651982116474603,-0.948023014990313
18097330208,NA,2025,8.35273649752853,-0.938434283278041
18097330208,NA,2026,8.355030153164561,-0.939815730606427
18097330208,NA,2027,8.06361855206133,-0.9138626078473749
18097330208,NA,2028,7.78102719146348,-0.8796616664340184
18097330209,NA,2024,22.091650503884686,-0.041540184115452315
18097330209,NA,2025,26.27770420675104,0.2088833550893386
18097330209,NA,2026,26.54299635848736,0.2227959198703305
18097330209,NA,2027,31.574783366877583,0.475324324875492
18097330209,NA,2028,37.56176515627399,0.7305964234529476
18097330210,NA,2024,9.986818628080432,-0.8579905569775039
18097330210,NA,2025,10.180888267945518,-0.8214203613654899
18097330210,NA,2026,9.984436088852831,-0.8356608018583865
18097330210,NA,2027,9.83654792601416,-0.809106831673167
18097330210,NA,2028,9.534073736939844,-0.7848736398533052
18097330211,NA,2024,26.499207473058735,0.25574205555661217
18097330211,NA,2025,23.869053265173815,0.05471360958291212
18097330211,NA,2026,24.2266858144359,0.074732656818507
18097330211,NA,2027,22.273931509487976,-0.07422827982295907
18097330211,NA,2028,20.701152279274737,-0.18106460783920128
18097330212,NA,2024,4.649015219487835,-1.2180163407243105
18097330212,NA,2025,4.009599499029217,-1.2164240551458283
18097330212,NA,2026,3.9902041337340513,-1.2188242533410303
18097330212,NA,2027,3.362318050426244,-1.1916448987340957
18097330212,NA,2028,2.7933707571141113,-1.1493465255694073
18097330213,NA,2024,2.457756607376358,-1.3658130164031896
18097330213,NA,2025,2.0284467902932324,-1.3432310588684977
18097330213,NA,2026,2.0534434231969674,-1.3426259220288181
18097330213,NA,2027,1.6947572059542022,-1.2901748419720003
18097330213,NA,2028,1.398724676164692,-1.2247556755048978
18097330401,NA,2024,12.138811967142214,-0.71284225734803
18097330401,NA,2025,11.021507039717822,-0.7676151462241054
18097330401,NA,2026,11.41885095803803,-0.7439700971525599
18097330401,NA,2027,10.897398229681484,-0.7464251486924487
18097330401,NA,2028,10.682148913999002,-0.7227966911946663
18097330500,NA,2024,11.264180693748104,-0.7718346528315887
18097330500,NA,2025,10.312008866161449,-0.8130277674413726
18097330500,NA,2026,10.332342175801603,-0.8134219398882093
18097330500,NA,2027,9.447445904510408,-0.8320974171259315
18097330500,NA,2028,8.63264820300084,-0.8336141297690054
18097330600,NA,2024,39.91101879083041,1.160345974346904
18097330600,NA,2025,41.50240175107396,1.1833656701912534
18097330600,NA,2026,41.78845754156011,1.1973166875163785
18097330600,NA,2027,43.91929009697304,1.2047151302834513
18097330600,NA,2028,46.36980043819046,1.2068509100098277
18097330700,NA,2024,100,5.213245809427659
18097330700,NA,2025,100,4.927602611750167
18097330700,NA,2026,100,4.918316423847454
18097330700,NA,2027,100,4.518314859974929
18097330700,NA,2028,100,4.106660270298314
18097330701,NA,2024,33.620775945277856,0.7360797664940157
18097330701,NA,2025,32.771584685416535,0.6245350725978267
18097330701,NA,2026,32.77873429034136,0.6213969227010718
18097330701,NA,2027,31.950811261022213,0.4975424089644534
18097330701,NA,2028,31.143799854964826,0.38357411127054086
18097330702,NA,2024,6.055013555025964,-1.1231841384210253
18097330702,NA,2025,4.483681707038602,-1.186079627858215
18097330702,NA,2026,4.642678310953213,-1.1771167819554593
18097330702,NA,2027,3.475427489527996,-1.1849616843546555
18097330702,NA,2028,2.6223796298987088,-1.158592093836481
18097330803,NA,2024,30.860231210677338,0.5498857077089391
18097330803,NA,2025,29.384413681928216,0.40773350846060197
18097330803,NA,2026,29.401325912049828,0.4055061361946396
18097330803,NA,2027,27.98179215167107,0.2630278910379177
18097330803,NA,2028,26.62355596442353,0.1391624616463115
18097330804,NA,2024,24.820808414486027,0.14253688664203293
18097330804,NA,2025,24.538544925599215,0.09756554679174312
18097330804,NA,2026,23.98500353152434,0.059283835622403934
18097330804,NA,2027,23.055607479793174,-0.028041965698397252
18097330804,NA,2028,21.71441089013909,-0.12627725242779778
18097330805,NA,2024,39.62114200920444,1.140794277233651
18097330805,NA,2025,49.41296252473314,1.6896943873317958
18097330805,NA,2026,43.88058766814142,1.3310498840716376
18097330805,NA,2027,46.96427653659896,1.384632008309884
18097330805,NA,2028,45.47934345351005,1.158703494557186
18097330806,NA,2024,34.433929306106776,0.7909255810790029
18097330806,NA,2025,33.45086765115689,0.6680137187342675
18097330806,NA,2026,33.638028050616384,0.6763247208726648
18097330806,NA,2027,32.96582855372309,0.5575159904783399
18097330806,NA,2028,32.4447304009271,0.45391601946946175
18097330900,NA,2024,32.17020369109913,0.6382411290029123
18097330900,NA,2025,31.424453833448855,0.5383097017785431
18097330900,NA,2026,31.43776174599664,0.535679240722513
18097330900,NA,2027,30.7248250434082,0.4251034614847246
18097330900,NA,2028,30.03662888989069,0.3237088720173963
18097331000,NA,2024,40.33268100440291,1.188786375256663
18097331000,NA,2025,40.78095523239202,1.1371882750935394
18097331000,NA,2026,40.8418960643603,1.1368105600658593
18097331000,NA,2027,41.45390530182527,1.059044749061223
18097331000,NA,2028,42.19848573996151,0.9813060210206971
18097340101,NA,2024,5.962079069954004,-1.1294524117656892
18097340101,NA,2025,5.805323883907025,-1.101485702461561
18097340101,NA,2026,5.805497225990887,-1.1027870409192184
18097340101,NA,2027,5.650444904183755,-1.0564480273460346
18097340101,NA,2028,5.498286667214636,-1.0030904881317182
18097340102,NA,2024,46.025005783335224,1.572724023948905
18097340102,NA,2025,45.2995958740931,1.4264114521595703
18097340102,NA,2026,45.30420225158101,1.422050212630149
18097340102,NA,2027,44.59166925078866,1.2444435036615022
18097340102,NA,2028,43.89108102576265,1.072825420408528
18097340108,NA,2024,34.82435583060178,0.8172591877552214
18097340108,NA,2025,33.081728506278175,0.6443863483087522
18097340108,NA,2026,33.10582604621829,0.6423052904572274
18097340108,NA,2027,31.43926298479635,0.4673169315630935
18097340108,NA,2028,29.85137225726969,0.3136919613640851
18097340109,NA,2024,21.272835368475334,-0.09676787579007456
18097340109,NA,2025,20.92357634457039,-0.13381658356625728
18097340109,NA,2026,21.79368948227003,-0.0807893982266276
18097340109,NA,2027,22.359215177273413,-0.06918918636266629
18097340109,NA,2028,23.811147609893272,-0.012905741307532081
18097340110,NA,2024,52.9035857537663,2.0366725726970683
18097340110,NA,2025,54.96230741328885,2.044889519356945
18097340110,NA,2026,54.9122779368067,2.036217877348855
18097340110,NA,2027,56.958935639399975,1.9751790923012789
18097340110,NA,2028,59.01440109223488,1.8905502367566687
18097340111,NA,2024,13.43525746474719,-0.6253992080950568
18097340111,NA,2025,14.91080566127665,-0.5186740612649109
18097340111,NA,2026,14.964887966918472,-0.5173002269204701
18097340111,NA,2027,16.608567280122006,-0.4089734963420101
18097340111,NA,2028,18.43284717153031,-0.30371289998002476
18097340112,NA,2024,30.35208593349915,0.5156121708868793
18097340112,NA,2025,30.743516228537743,0.4947251476853049
18097340112,NA,2026,30.71944745527907,0.4897631358834909
18097340112,NA,2027,31.067219367308024,0.44533426350353283
18097340112,NA,2028,31.39614637376141,0.39721860268063147
18097340113,NA,2024,25.434422352446976,0.18392410569486117
18097340113,NA,2025,25.47955482603964,0.15779646459128535
18097340113,NA,2026,25.48835982901538,0.15538141610774567
18097340113,NA,2027,25.54979782058416,0.11933042764924862
18097340113,NA,2028,25.61901012721704,0.084846209881987
18097340114,NA,2024,6.307356142027112,-1.1061640590543818
18097340114,NA,2025,6.252873917779616,-1.072839511503585
18097340114,NA,2026,6.343752780186666,-1.0683806553356177
18097340114,NA,2027,6.439292877309062,-1.0098379463567673
18097340114,NA,2028,6.607268123641544,-0.9431273547850519
18097340115,NA,2024,26.230263653829898,0.23760225124200335
18097340115,NA,2025,25.8915674168818,0.18416802187221928
18097340115,NA,2026,25.005057481400584,0.12448775082947566
18097340115,NA,2027,23.60721945616419,0.004550726137319472
18097340115,NA,2028,21.59888083501872,-0.1325240152213351
18097340201,NA,2024,15.298323311400214,-0.49973857763170704
18097340201,NA,2025,15.607573744280538,-0.4740762508559982
18097340201,NA,2026,15.536955828330528,-0.48073249015249997
18097340201,NA,2027,15.751423060767427,-0.45961894748681886
18097340201,NA,2028,15.91311109494012,-0.4399561793273574
18097340202,NA,2024,20.69198353014273,-0.1359453468074286
18097340202,NA,2025,17.81019994425289,-0.33309346466898715
18097340202,NA,2026,18.550164825816772,-0.2881220659713911
18097340202,NA,2027,16.88121638813845,-0.3928636786848133
18097340202,NA,2028,15.840412195711147,-0.4438870419791714
18097340300,NA,2024,45.54759663521741,1.5405235868847886
18097340300,NA,2025,46.49341502933373,1.5028238505553402
18097340300,NA,2026,46.4897796795378,1.4978347239231955
18097340300,NA,2027,47.44039271389733,1.412763935297357
18097340300,NA,2028,48.40275929026371,1.3167739227245026
18097340301,NA,2024,38.3649402995884,1.0560656032025777
18097340301,NA,2025,37.492253870866634,0.9266894256334334
18097340301,NA,2026,37.426744870583505,0.918507176322903
18097340301,NA,2027,36.442430048853254,0.7629353903830207
18097340301,NA,2028,35.42016641930799,0.6147992025927372
18097340302,NA,2024,28.18905844174722,0.36971963637909233
18097340302,NA,2025,28.538057386736124,0.35356105350451583
18097340302,NA,2026,27.924516584938072,0.3111054918427498
18097340302,NA,2027,27.31946839182684,0.22389365334044486
18097340302,NA,2028,26.27458639452439,0.12029351777667156
18097340400,NA,2024,24.361459884934415,0.11155460765840756
18097340400,NA,2025,29.39968206490247,0.4087107869349559
18097340400,NA,2026,26.117033260421845,0.19556749559828565
18097340400,NA,2027,27.620392268192713,0.24167412147481568
18097340400,NA,2028,25.88840671333979,0.09941260621187888
18097340500,NA,2024,43.79678439058794,1.4224342714275093
18097340500,NA,2025,43.35357097705909,1.3018528629733572
18097340500,NA,2026,43.841175414425344,1.3285305729609511
18097340500,NA,2027,44.18650483511399,1.2205038513179123
18097340500,NA,2028,44.910224451430736,1.127930970441448
18097340600,NA,2024,20.536514464981018,-0.14643147148244476
18097340600,NA,2025,20.18996953605492,-0.18077231842111827
18097340600,NA,2026,19.836032093177774,-0.20592682494641582
18097340600,NA,2027,18.953017277906767,-0.27044870069716287
18097340600,NA,2028,17.845078764231175,-0.33549380594520806
18097340700,NA,2024,29.75768636559358,0.47552092849502237
18097340700,NA,2025,30.179805022920913,0.45864386599815465
18097340700,NA,2026,30.18181753304133,0.4553967419622406
18097340700,NA,2027,30.60998588751691,0.4183180445993575
18097340700,NA,2028,31.04424488058211,0.3781911283814774
18097340800,NA,2024,5.957361481621212,-1.1297706050948355
18097340800,NA,2025,5.410700068585369,-1.1267442619849581
18097340800,NA,2026,5.427410433592322,-1.126955114730864
18097340800,NA,2027,4.929358400571012,-1.0990543361389693
18097340800,NA,2028,4.477000106941606,-1.058311918430581
18097340901,NA,2024,3.240199523808991,-1.3130385691891304
18097340901,NA,2025,3.288806887117493,-1.2625595958433846
18097340901,NA,2026,3.346633152371091,-1.2599626144087106
18097340901,NA,2027,3.4912115871111147,-1.1840290609699786
18097340901,NA,2028,3.686610267546793,-1.1010486576797507
18097340902,NA,2024,19.0626036964847,-0.24584425216794753
18097340902,NA,2025,17.633193850755184,-0.3444230367197048
18097340902,NA,2026,17.628858721637148,-0.34701381880855636
18097340902,NA,2027,16.26216607464298,-0.429441050030701
18097340902,NA,2028,14.967745024809416,-0.4910725540837982
18097340903,NA,2024,48.95295503663018,1.770209233499988
18097340903,NA,2025,58.68780837149185,2.283346460001904
18097340903,NA,2026,59.333103903228086,2.318806030156589
18097340903,NA,2027,71.13216820829061,2.8126224786339393
18097340903,NA,2028,85.2776109988284,3.310613979584769
18097340904,NA,2024,29.32991323902411,0.44666835687144435
18097340904,NA,2025,34.675422549883876,0.7463934099699618
18097340904,NA,2026,33.3087232698016,0.6552748920786723
18097340904,NA,2027,37.654228654490375,0.834536044850894
18097340904,NA,2028,40.75940508486579,0.9034942733868447
18097341000,NA,2024,3.911847448929135,-1.2677370561633718
18097341000,NA,2025,3.2569831342285873,-1.264596528550923
18097341000,NA,2026,3.3860448364351043,-1.2574433397113383
18097341000,NA,2027,3.0466131625754596,-1.2102987216413583
18097341000,NA,2028,2.922093698754607,-1.1423864173821763
18097341100,NA,2024,23.638165388655537,0.06276962103200515
18097341100,NA,2025,23.053199526900304,0.002493521969166403
18097341100,NA,2026,23.057808068333163,1.562302479170616e-5
18097341100,NA,2027,22.48675391974466,-0.06165339832951393
18097341100,NA,2028,21.9296015875171,-0.11464179323498634
18097341200,NA,2024,32.487169995588836,0.6596199684730087
18097341200,NA,2025,32.953254066461966,0.6361631261935644
18097341200,NA,2026,32.92835159887474,0.6309607642021066
18097341200,NA,2027,33.34879502853723,0.5801440493887806
18097341200,NA,2028,33.74987845877004,0.5244859704601048
18097341600,NA,2024,33.473683528356645,0.7261586325309285
18097341600,NA,2025,33.53029141393373,0.6730973699529246
18097341600,NA,2026,33.78376038839736,0.6856402271718679
18097341600,NA,2027,34.27809192716003,0.6350527329165798
18097341600,NA,2028,34.98260632014088,0.5911401283841622
18097341700,NA,2024,49.57540689265776,1.8121925551319233
18097341700,NA,2025,51.81762791505246,1.8436090309417512
18097341700,NA,2026,51.84278180843703,1.8400094657183395
18097341700,NA,2027,54.173955829863814,1.8106250351213224
18097341700,NA,2028,56.60346125192575,1.760189619545776
18097341701,NA,2024,13.589409988313994,-0.6150018819169614
18097341701,NA,2025,10.14127534197017,-0.8239558531675463
18097341701,NA,2026,10.457384754826348,-0.8054289648882181
18097341701,NA,2027,7.835284393589515,-0.9273540206183588
18097341701,NA,2028,5.889075773980977,-0.981960342822567
18097341702,NA,2024,16.728128210549986,-0.40330066300323486
18097341702,NA,2025,14.303693865623767,-0.5575332705484548
18097341702,NA,2026,14.645005294075256,-0.5377477754827897
18097341702,NA,2027,12.88312114983114,-0.6290961964943075
18097341702,NA,2028,11.516122030752255,-0.6777033842528778
18097341902,NA,2024,15.18216087645305,-0.5075735367867159
18097341902,NA,2025,17.306914088494203,-0.3653071204378437
18097341902,NA,2026,17.293916639546993,-0.3684239953218047
18097341902,NA,2027,19.446987787553216,-0.24126182788349176
18097341902,NA,2028,21.720510195822555,-0.1259474601865477
18097341903,NA,2024,31.71483251885775,0.6075271160218437
18097341903,NA,2025,29.858506978604098,0.43807864549692255
18097341903,NA,2026,30.130611450965223,0.4521235454473093
18097341903,NA,2027,28.69357095622736,0.3050842426507305
18097341903,NA,2028,27.504632151257585,0.1868026530792011
18097341904,NA,2024,27.54034497931614,0.325965013950906
18097341904,NA,2025,26.531894928154767,0.22515325877378295
18097341904,NA,2026,26.579783974996715,0.22514745885298648
18097341904,NA,2027,25.671467060961803,0.12651940872178247
18097341904,NA,2028,24.825527350084936,0.041942234078139636
18097342000,NA,2024,6.34263913696018,-1.1037842809075764
18097342000,NA,2025,6.055029435349314,-1.0855028796071249
18097342000,NA,2026,6.038265793087472,-1.0879080024980852
18097342000,NA,2027,5.718920830227741,-1.052402040581208
18097342000,NA,2028,5.390092049586645,-1.0089406204730846
18097342101,NA,2024,15.184675690704712,-0.5074039168320966
18097342101,NA,2025,15.883481153585851,-0.4564163341193357
18097342101,NA,2026,15.896229787663083,-0.4577669707471087
18097342101,NA,2027,16.632621372777983,-0.40755222983057254
18097342101,NA,2028,17.406077509766774,-0.3592308040782671
18097342200,NA,2024,26.71192685003056,0.2700896166318536
18097342200,NA,2025,28.996671075993717,0.38291539229148347
18097342200,NA,2026,28.75967892238837,0.36449076057471835
18097342200,NA,2027,30.48023250249466,0.4106514016078593
18097342200,NA,2028,31.84542148238954,0.4215111127959997
18097342300,NA,2024,23.249727563068483,0.03657014872308437
18097342300,NA,2025,23.887288852087167,0.055880808924694256
18097342300,NA,2026,23.654925681374312,0.03818459067018719
18097342300,NA,2027,23.750263216887436,0.013002647799620204
18097342300,NA,2028,23.51160230027574,-0.02910229287281817
18097342400,NA,2024,12.705448820715883,-0.6746235629354019
18097342400,NA,2025,11.492345814092763,-0.7374783203491159
18097342400,NA,2026,11.54873520989667,-0.7356676326153144
18097342400,NA,2027,10.476258207820434,-0.7713087399489444
18097342400,NA,2028,9.51823668327269,-0.7857299565710991
18097342500,NA,2024,22.446640921653117,-0.0175966827167405
18097342500,NA,2025,22.482041584911347,-0.03406440057595415
18097342500,NA,2026,22.477619688787243,-0.03707119371527412
18097342500,NA,2027,22.50522478066883,-0.06056202413201667
18097342500,NA,2028,22.529221536952708,-0.08222006897895204
18097342600,NA,2024,15.306940322766044,-0.49915737483477673
18097342600,NA,2025,14.259287026567522,-0.5603756048019864
18097342600,NA,2026,14.290617924427346,-0.5604009341748207
18097342600,NA,2027,13.32625473416322,-0.6029130877605013
18097342600,NA,2028,12.433827450308792,-0.6280826334937746
18097350100,NA,2024,6.561693787916981,-1.089009416350528
18097350100,NA,2025,5.5552562810998385,-1.1174916990211707
18097350100,NA,2026,5.607133170894866,-1.1154668732263049
18097350100,NA,2027,4.747898404787661,-1.1097761296757709
18097350100,NA,2028,4.020768103402681,-1.0829805910280152
18097350300,NA,2024,46.486301354674865,1.6038376275977653
18097350300,NA,2025,45.72882744502774,1.4538851391567342
18097350300,NA,2026,45.73624154333571,1.4496670395137805
18097350300,NA,2027,44.99720503853422,1.268405098993971
18097350300,NA,2028,44.27311274292333,1.0934820496659454
18097350400,NA,2024,21.096956923214073,-0.1086305785260772
18097350400,NA,2025,19.858158882103716,-0.2020104161433565
18097350400,NA,2026,19.882229891566816,-0.2029737680720437
18097350400,NA,2027,18.714414871728223,-0.28454682588110036
18097350400,NA,2028,17.61501419544824,-0.3479335021514211
18097350500,NA,2024,16.655792306553238,-0.4081795970021042
18097350500,NA,2025,15.988887261076057,-0.4496696393259643
18097350500,NA,2026,15.98176627637522,-0.45229930508317645
18097350500,NA,2027,15.314239693290345,-0.4854504801261637
18097350500,NA,2028,14.661466564380598,-0.5076331701856015
18097350600,NA,2024,33.79384071747917,0.7477526917558266
18097350600,NA,2025,34.68436122831425,0.7469655450830192
18097350600,NA,2026,34.69205012606023,0.7436999474888262
18097350600,NA,2027,35.6059614870714,0.7135115866364463
18097350600,NA,2028,36.54380644218775,0.675554931315809
18097350700,NA,2024,35.11248392279894,0.8366929387333423
18097350700,NA,2025,33.49773277191422,0.671013399433354
18097350700,NA,2026,33.72628789837557,0.6819664691646812
18097350700,NA,2027,32.694342685825795,0.541474904335973
18097350700,NA,2028,32.08737894596896,0.4345938632502585
18097350800,NA,2024,46.6024952430807,1.6116747082351974
18097350800,NA,2025,50.84355223751039,1.7812616825906755
18097350800,NA,2026,50.602046286468806,1.7606991373002854
18097350800,NA,2027,54.20628739625946,1.8125353866460157
18097350800,NA,2028,57.32427257196923,1.7991642165068593
18097350900,NA,2024,24.267062947031647,0.10518769435151534
18097350900,NA,2025,23.70960705538349,0.04450798735637145
18097350900,NA,2026,23.78041799951931,0.04620631390596131
18097350900,NA,2027,23.34331004771283,-0.011042695308657426
18097350900,NA,2028,22.965984100280533,-0.05860411789710068
18097351000,NA,2024,16.0969006089569,-0.4458758937845589
18097351000,NA,2025,14.447820423519024,-0.5483082083495797
18097351000,NA,2026,14.502679735589744,-0.5468455135469523
18097351000,NA,2027,13.014304987769004,-0.6213450333816712
18097351000,NA,2028,11.677352581795104,-0.6689855747929357
18097351200,NA,2024,19.417453705488963,-0.2219102211021601
18097351200,NA,2025,17.265332171076945,-0.36796864084133146
18097351200,NA,2026,17.45205674661153,-0.3583153592706191
18097351200,NA,2027,15.753084116968983,-0.459520801878641
18097351200,NA,2028,14.368265705159711,-0.5234866744231432
18097351500,NA,2024,34.36525245483479,0.7862934439784386
18097351500,NA,2025,33.71272559761586,0.6847743760248499
18097351500,NA,2026,33.92590881399834,0.6947266425431623
18097351500,NA,2027,33.581956488180595,0.5939206893597203
18097351500,NA,2028,33.39997832648092,0.5055667106574485
18097351600,NA,2024,10.84425381411484,-0.8001580084113288
18097351600,NA,2025,9.928950498389058,-0.83754606108624
18097351600,NA,2026,9.930166074838576,-0.8391298511106358
18097351600,NA,2027,9.03653991972472,-0.8563763173479306
18097351600,NA,2028,8.18727547561749,-0.8576956363499195
18097351700,NA,2024,13.138728251898288,-0.645399600407725
18097351700,NA,2025,11.936961043125944,-0.7090199764998233
18097351700,NA,2026,11.959759679133317,-0.709394115765162
18097351700,NA,2027,10.836784773561776,-0.75000657146975
18097351700,NA,2028,9.80226018551217,-0.770372676212917
18097351900,NA,2024,26.199215841161845,0.2355081289535268
18097351900,NA,2025,26.289453332282687,0.2096353775853633
18097351900,NA,2026,26.284972990062737,0.20630254337956414
18097351900,NA,2027,26.367276390063154,0.16763218366371663
18097351900,NA,2028,26.44600899624889,0.1295624160673221
18097352100,NA,2024,23.99393651021231,0.08676577957669204
18097352100,NA,2025,21.902117777120857,-0.07118339707182356
18097352100,NA,2026,22.21808306448784,-0.05366130058756369
18097352100,NA,2027,20.695047671366808,-0.1675186298962587
18097352100,NA,2028,19.47963537042884,-0.24711258444498646
18097352300,NA,2024,23.510670380518675,0.05417029904229144
18097352300,NA,2025,22.77579800619744,-0.015262027874785514
18097352300,NA,2026,22.799460565666624,-0.016498472783446124
18097352300,NA,2027,22.119830148488905,-0.08333355379389448
18097352300,NA,2028,21.47809059400845,-0.1390551986660171
18097352400,NA,2024,30.95231539414504,0.556096629653025
18097352400,NA,2025,33.16320824401677,0.6496015956549966
18097352400,NA,2026,31.456383812805928,0.5368696009631264
18097352400,NA,2027,31.58255228271281,0.4757833611012481
18097352400,NA,2028,30.314424439989185,0.3387294041616725
18097352500,NA,2024,25.8101463223779,0.20926605001021184
18097352500,NA,2025,25.3981162101803,0.1525838493199301
18097352500,NA,2026,25.51424830880926,0.1570362601888112
18097352500,NA,2027,25.29967619410624,0.10455167475328189
18097352500,NA,2028,25.17735735280481,0.0609658428555332
18097352600,NA,2024,29.875659298875956,0.48347800269103425
18097352600,NA,2025,27.822549918997343,0.3077637973288231
18097352600,NA,2026,28.71517731570547,0.3616461277108563
18097352600,NA,2027,28.027396815973773,0.2657225003530889
18097352600,NA,2028,28.01375279564282,0.214331038618824
18097352700,NA,2024,15.665085839358984,-0.4750010673733194
18097352700,NA,2025,14.39864546406199,-0.5514557341508132
18097352700,NA,2026,14.48183991965202,-0.5481776368052361
18097352700,NA,2027,13.423401133071415,-0.5971730698163754
18097352700,NA,2028,12.515954247471775,-0.6236420000989789
18097352800,NA,2024,30.976500388891537,0.557727866516208
18097352800,NA,2025,35.54115347127499,0.8018059703887471
18097352800,NA,2026,32.3773435572627,0.5957392137850475
18097352800,NA,2027,33.27027094793054,0.5755043546930015
18097352800,NA,2028,31.44459024380929,0.3998379848377226
18097353300,NA,2024,39.386025759688216,1.1249360851040149
18097353300,NA,2025,39.64394239403152,1.064411860337156
18097353300,NA,2026,39.65518461275362,1.0609535596834674
18097353300,NA,2027,39.938614668667704,0.9695118839973316
18097353300,NA,2028,40.237572017773225,0.8752785213511085
18097353500,NA,2024,59.34187956506914,2.4709245670052833
18097353500,NA,2025,62.1072378493695,2.5022127819258135
18097353500,NA,2026,62.132490947731064,2.497748521878417
18097353500,NA,2027,64.9963294033031,2.4500786763034395
18097353500,NA,2028,67.97790308437924,2.3752108792707443
18097353600,NA,2024,33.80737544629214,0.7486655862511252
18097353600,NA,2025,35.579057955791285,0.8042321105282574
18097353600,NA,2026,35.51426030475785,0.7962572879909585
18097353600,NA,2027,37.12351093021143,0.8031779163472771
18097353600,NA,2028,38.62187928353851,0.7879172780149885
18097354200,NA,2024,32.68401718184457,0.6728969772133436
18097354200,NA,2025,33.75646475557374,0.6875739742292357
18097354200,NA,2026,33.73203457367702,0.6823338082932869
18097354200,NA,2027,34.78665980562212,0.6651021097435805
18097354200,NA,2028,35.84689434583469,0.6378725762842238
18097354201,NA,2024,30.46425579864388,0.5231778379825418
18097354201,NA,2025,31.38232550949836,0.5356132077079632
18097354201,NA,2026,31.40541844632881,0.5336117914769962
18097354201,NA,2027,32.36937592813498,0.5222738321258495
18097354201,NA,2028,33.37432004882405,0.5041793558773771
18097354202,NA,2024,22.683135528950167,-0.0016455226933211325
18097354202,NA,2025,20.765505790099695,-0.14393415466555856
18097354202,NA,2026,20.952718330037104,-0.1345459781687393
18097354202,NA,2027,19.378737119299824,-0.24529450500663733
18097354202,NA,2028,18.02402545370407,-0.3258180767969679
18097354400,NA,2024,8.98568996708097,-0.9255149866384975
18097354400,NA,2025,7.763400783267478,-0.9761557046418105
18097354400,NA,2026,7.847484796750083,-0.9722590581259251
18097354400,NA,2027,6.844111157123533,-0.9859187458886043
18097354400,NA,2028,6.012118498409304,-0.9753073665717245
18097354500,NA,2024,16.666890964922974,-0.4074310113251439
18097354500,NA,2025,15.587970452776457,-0.4753309924252741
18097354500,NA,2026,15.611738108561228,-0.47595225528379953
18097354500,NA,2027,14.601974536828829,-0.5275355684569045
18097354500,NA,2028,13.657935860992438,-0.5618945332011914
18097354700,NA,2024,17.241595913817598,-0.3686681375715168
18097354700,NA,2025,15.725749240892522,-0.46651222988339724
18097354700,NA,2026,15.7905695449488,-0.4645209875395897
18097354700,NA,2027,14.44552673338766,-0.53677948494957906
18097354700,NA,2028,13.240518482269712,-0.5844644813247707
18097354800,NA,2024,13.610859488196756,-0.6135551495412735
18097354800,NA,2025,11.92135555153792,-0.7100188321767081
18097354800,NA,2026,11.990823601926854,-0.7074084468815951
18097354800,NA,2027,10.501603071184189,-0.7698112066164238
18097354800,NA,2028,9.196911501829746,-0.8031041557435403
18097354900,NA,2024,33.07806137936861,0.699474589797596
18097354900,NA,2025,32.35187822559434,0.5976710563216368
18097354900,NA,2026,32.46916842011671,0.6016088450650012
18097354900,NA,2027,31.925587948107204,0.4960520575940513
18097354900,NA,2028,31.47550508058684,0.40150956416787226
18097355000,NA,2024,10.668900883107332,-0.8119852661025077
18097355000,NA,2025,9.266329763899616,-0.8799582131503432
18097355000,NA,2026,9.335308363432484,-0.8771543612647325
18097355000,NA,2027,8.122820227114705,-0.9103646019413628
18097355000,NA,2028,7.076110056345651,-0.9177768575640931
18097355100,NA,2024,57.22085850872885,2.3278652952975345
18097355100,NA,2025,59.187787852896534,2.3153484857317594
18097355100,NA,2026,59.337594705586866,2.319093091342176
18097355100,NA,2027,61.60271495742603,2.249562671246086
18097355100,NA,2028,64.05690599882075,2.1632007778117313
18097355300,NA,2024,27.86254934343291,0.34769715165591153
18097355300,NA,2025,25.047162753608927,0.13012048439218354
18097355300,NA,2026,25.302117095146475,0.14347640321250157
18097355300,NA,2027,23.14856165287367,-0.022549650723678955
18097355300,NA,2028,21.49668436337882,-0.1380498250723369
18097355400,NA,2024,22.52945971436753,-0.012010695659223043
18097355400,NA,2025,21.061816211235715,-0.1249683089180926
18097355400,NA,2026,21.075144923640742,-0.12672022225711252
18097355400,NA,2027,19.661176252748707,-0.22860623130488097
18097355400,NA,2028,18.316857600626772,-0.3099845090016223
18097355500,NA,2024,9.10175685439754,-0.9176864720090653
18097355500,NA,2025,8.661583741817736,-0.9186659971264374
18097355500,NA,2026,8.55345423980416,-0.9271320609614452
18097355500,NA,2027,7.953910477837323,-0.9203448482776806
18097355500,NA,2028,7.307400127930957,-0.9052708978621928
18097355600,NA,2024,31.34093464439181,0.5823083387474371
18097355600,NA,2025,31.33838534143173,0.5328007435142489
18097355600,NA,2026,31.28011344107007,0.5256020416604266
18097355600,NA,2027,31.172389902343134,0.45154839768739846
18097355600,NA,2028,31.015885989228295,0.37665775018659636
18097355700,NA,2024,24.43035171548007,0.1162012447462451
18097355700,NA,2025,23.57324337563712,0.03577980120041002
18097355700,NA,2026,23.583266900400957,0.0336040162025371
18097355700,NA,2027,22.755877472017577,-0.0457518925959531
18097355700,NA,2028,21.957515967080585,-0.11313244999542699
18097355900,NA,2024,20.49982995200278,-0.14890577964356944
18097355900,NA,2025,19.72049743856147,-0.2108216678488685
18097355900,NA,2026,19.730320046882863,-0.2126841531287298
18097355900,NA,2027,18.980137470443,-0.2688462697933345
18097355900,NA,2028,18.25842524052885,-0.3131439733731918
18097356200,NA,2024,17.165316171515677,-0.3738130767729203
18097356200,NA,2025,16.457602938341523,-0.41966870584426563
18097356200,NA,2026,16.411388577363937,-0.42483697714637075
18097356200,NA,2027,15.640654543696984,-0.46616384552497897
18097356200,NA,2028,14.861386452645627,-0.49682341060917834
18097356400,NA,2024,34.98589839526301,0.8281549596671288
18097356400,NA,2025,35.46547021155081,0.796961736344966
18097356400,NA,2026,35.463267209248784,0.7929977060089246
18097356400,NA,2027,35.94305227998675,0.7334290228140065
18097356400,NA,2028,36.42600978566469,0.6691856123502404
18097356900,NA,2024,9.544065877552692,-0.8878534788225093
18097356900,NA,2025,7.543831921723986,-0.990209578086474
18097356900,NA,2026,7.767202855516781,-0.9773908424687733
18097356900,NA,2027,6.334346220485057,-1.0160388524131523
18097356900,NA,2028,5.317586817412248,-1.0128610114588927
18097357000,NA,2024,18.74410347235416,-0.26732655191535737
18097357000,NA,2025,15.709566506959789,-0.46754803292523367
18097357000,NA,2026,16.423631054326584,-0.42405441321443965
18097357000,NA,2027,14.54833932880407,-0.5307046726126847
18097357000,NA,2028,13.316765926618071,-0.5803417472192482
18097357100,NA,2024,38.28380094077432,1.050592891112296
18097357100,NA,2025,49.996516009849564,1.727045707415924
18097357100,NA,2026,49.479029047595354,1.6889136000466252
18097357100,NA,2027,59.55049686994689,2.128304767918942
18097357100,NA,2028,67.93633155052586,2.372963087467348
18097357200,NA,2024,8.916945121724309,-0.9301517098247136
18097357200,NA,2025,8.117764509942996,-0.9534740596532264
18097357200,NA,2026,7.866655355400621,-0.97103363717552
18097357200,NA,2027,6.80523674693925,-0.9882156896202599
18097357200,NA,2028,5.687069645087828,-0.9928829063816467
18097357300,NA,2024,30.11451868427913,0.49958866298560894
18097357300,NA,2025,27.144081103211445,0.2643372622264537
18097357300,NA,2026,28.03789666674616,0.3183529763912704
18097357300,NA,2027,26.55002332630876,0.17843001770669661
18097357300,NA,2028,25.77809392157731,0.093447943228596
18097357400,NA,2024,25.654680690854352,0.1987801569282642
18097357400,NA,2025,25.348266775971283,0.14939315263035027
18097357400,NA,2026,25.37833075373211,0.14834813468576483
18097357400,NA,2027,25.12581159066804,0.0942786645871848
18097357400,NA,2028,24.89947701276564,0.04594072608047754
18097357500,NA,2024,16.27767678682953,-0.4336828472934543
18097357500,NA,2025,20.038277325181618,-0.19048163293488113
18097357500,NA,2026,18.18892210384314,-0.3112134326737094
18097357500,NA,2027,19.70155825410656,-0.22622020964047698
18097357500,NA,2028,19.71244318520029,-0.23452455967650704
18097357600,NA,2024,26.871327517091917,0.2808409211846115
18097357600,NA,2025,26.119762504075965,0.19877403136544392
18097357600,NA,2026,26.12934623841019,0.1963545660986214
18097357600,NA,2027,25.402041120896616,0.11060003602276305
18097357600,NA,2028,24.696945061385293,0.034989731059596664
18097357601,NA,2024,30.705781993704143,0.5394683700639552
18097357601,NA,2025,32.13639461078331,0.5838786659495941
18097357601,NA,2026,31.70428716548118,0.5527160855430323
18097357601,NA,2027,32.66985289818041,0.5400278942345982
18097357601,NA,2028,33.255736365054005,0.49776748198946513
18097357602,NA,2024,30.527555339414647,0.5274472846129896
18097357602,NA,2025,36.33667019949271,0.8527243535460514
18097357602,NA,2026,36.704028030699,0.8723096516211267
18097357602,NA,2027,43.686043977372435,1.190933488071778
18097357602,NA,2028,51.995115186922725,1.5110142451498079
18097357800,NA,2024,32.56000993668134,0.6645328989188332
18097357800,NA,2025,31.564288331040807,0.5472600434551389
18097357800,NA,2026,31.618467032476897,0.5472302887612545
18097357800,NA,2027,30.75703158042639,0.4270064254903927
18097357800,NA,2028,29.98974961588317,0.3211740882820895
18097357900,NA,2024,23.73772412082747,0.06948468860480829
18097357900,NA,2025,23.570209234497625,0.03558559590514208
18097357900,NA,2026,23.639340062145063,0.03718832631103545
18097357900,NA,2027,23.590746709734688,0.003577413063885421
18097357900,NA,2028,23.59736767903585,-0.02446491971088121
18097358000,NA,2024,25.14202407894707,0.16420233823269584
18097358000,NA,2025,25.83922087221612,0.18081749343742506
18097358000,NA,2026,25.936348445789477,0.18401775616153943
18097358000,NA,2027,26.863815223041858,0.1969708091123711
18097358000,NA,2028,27.9453948216466,0.21063489177498965
18097358100,NA,2024,19.45464595775083,-0.21940166678778936
18097358100,NA,2025,18.541755472881945,-0.2862690254255374
18097358100,NA,2026,18.235096642873273,-0.30826186258468447
18097358100,NA,2027,16.85786557082847,-0.39424339128225055
18097358100,NA,2028,15.335750319512584,-0.47117433988852797
18097360101,NA,2024,39.356318513998886,1.122932381783836
18097360101,NA,2025,39.84122743004815,1.077039420134174
18097360101,NA,2026,39.74209389863075,1.0665089773236096
18097360101,NA,2027,40.003026721741385,0.9733177516837943
18097360101,NA,2028,40.132521396335115,0.8695983863182476
18097360102,NA,2024,26.705614120776353,0.2696638337538875
18097360102,NA,2025,26.68781226596169,0.23513300962717662
18097360102,NA,2026,26.56408115465131,0.2241437027610288
18097360102,NA,2027,26.347214722399546,0.16644681463643005
18097360102,NA,2028,26.038087980633108,0.10750594062986402
18097360201,NA,2024,38.47028595599639,1.063170988996958
18097360201,NA,2025,38.573678550772,0.9959078270246314
18097360201,NA,2026,39.172822471217415,1.030119994282692
18097360201,NA,2027,40.277153567455365,0.9895148833433205
18097360201,NA,2028,41.88151505757185,0.9641672715989049
18097360202,NA,2024,5.983771060560784,-1.1279893238020782
18097360202,NA,2025,4.955941182885184,-1.1558518676014342
18097360202,NA,2026,5.0886857164281905,-1.1486070849420367
18097360202,NA,2027,4.375314830141746,-1.1317907017874473
18097360202,NA,2028,3.8683061156006127,-1.0912242802726746
18097360301,NA,2024,25.365288642036088,0.17926115422048916
18097360301,NA,2025,25.52784563210667,0.1608873986710815
18097360301,NA,2026,25.60007973744524,0.16252277901025303
18097360301,NA,2027,25.928140053249233,0.141685257359102
18097360301,NA,2028,26.357083753062707,0.12475418759410849
18097360302,NA,2024,48.9131964925776,1.767527587158326
18097360302,NA,2025,51.13323536304174,1.7998033371616076
18097360302,NA,2026,50.52621874628153,1.7558520872973598
18097360302,NA,2027,51.92506683577657,1.6777465823378384
18097360302,NA,2028,52.877947738867334,1.5587494040456062
18097360401,NA,2024,31.29259420340454,0.5790478580176499
18097360401,NA,2025,32.24075983724176,0.5905587374058109
18097360401,NA,2026,31.33772415376363,0.5292846351408454
18097360401,NA,2027,31.120979883658027,0.44851077166032116
18097360401,NA,2028,30.2011180414292,0.3326028754929484
18097360402,NA,2024,48.82006142202464,1.7612457846632834
18097360402,NA,2025,51.610803666317146,1.8303708978267876
18097360402,NA,2026,51.66458242344359,1.8286185999798417
18097360402,NA,2027,54.61918884252435,1.8369321912353012
18097360402,NA,2028,57.74338851581194,1.8218260068214847
18097360404,NA,2024,62.83576795962947,2.7065814114575444
18097360404,NA,2025,67.41871656596652,2.842182890448203
18097360404,NA,2026,67.56696201401346,2.8451309232152813
18097360404,NA,2027,72.55440479343764,2.8966571274864528
18097360404,NA,2028,77.93768947704106,2.9137410738979033
18097360405,NA,2024,15.185727688732728,-0.5073329613499358
18097360405,NA,2025,14.103885683698111,-0.5703223285335064
18097360405,NA,2026,14.521282539169272,-0.5456563846510145
18097360405,NA,2027,13.981073639527002,-0.5642222838893972
18097360405,NA,2028,13.779766063690175,-0.5553071185535622
18097360406,NA,2024,38.62093109915416,1.0733317483171159
18097360406,NA,2025,36.72477733017635,0.877565801733453
18097360406,NA,2026,38.45095575763961,0.9839768113768808
18097360406,NA,2027,38.293205867791926,0.8722908222946217
18097360406,NA,2028,39.86676241020169,0.855228676679515
18097360407,NA,2024,25.39454171418468,0.1812342243059001
18097360407,NA,2025,26.064836370687505,0.19525839202560422
18097360407,NA,2026,25.829743031390603,0.17720332207996728
18097360407,NA,2027,26.111094924492573,0.1524953775046201
18097360407,NA,2028,26.211182634742244,0.11686524755586333
18097360501,NA,2024,12.270077477185977,-0.7039886214017614
18097360501,NA,2025,11.709359196438252,-0.7235880146389059
18097360501,NA,2026,11.74851722042898,-0.7228971617238215
18097360501,NA,2027,11.253266280942976,-0.7253982344378868
18097360501,NA,2028,10.802216269163372,-0.71630459451750494
18097360502,NA,2024,27.672032685605643,0.334847126317648
18097360502,NA,2025,29.729229174203372,0.4298040026833655
18097360502,NA,2026,29.516290220300665,0.4128548877071814
18097360502,NA,2027,31.07338017504597,0.445698282626872
18097360502,NA,2028,32.323036258108736,0.4473359616415907
18097360601,NA,2024,13.148409891416476,-0.6447465902481754
18097360601,NA,2025,13.713469808545645,-0.5953115517849713
18097360601,NA,2026,13.721454464503935,-0.5967830157150297
18097360601,NA,2027,14.310919891807623,-0.5447329005651356
18097360601,NA,2028,14.925601571894802,-0.49335126981178695
18097360602,NA,2024,33.51209084091126,0.7287491406005636
18097360602,NA,2025,33.50951286231635,0.6717674038878764
18097360602,NA,2026,33.68889457479577,0.6795762121588594
18097360602,NA,2027,33.988443951157656,0.6179385156278409
18097360602,NA,2028,34.43153583755413,0.5613434959524286
18097360700,NA,2024,10.896336333147929,-0.7966451308661927
18097360700,NA,2025,11.330127600461095,-0.7478613693332601
18097360700,NA,2026,11.32207044423302,-0.7501565036819443
18097360700,NA,2027,11.747357778148247,-0.6962042129211606
18097360700,NA,2028,12.176989466689683,-0.6419699804561506
18097360800,NA,2024,38.72466027177783,1.0803281050227838
18097360800,NA,2025,38.01895346543616,0.9604017170457999
18097360800,NA,2026,37.998709478732046,0.9550683129330677
18097360800,NA,2027,37.263367075652674,0.8114414937258648
18097360800,NA,2028,36.52212499408597,0.6743826055242987
18097360900,NA,2024,30.3753724481655,0.5171828067930252
18097360900,NA,2025,30.832731213512805,0.5004355025115457
18097360900,NA,2026,30.824635203847578,0.4964869498928537
18097360900,NA,2027,31.268446265410137,0.45722400948411696
18097360900,NA,2028,31.708842462944435,0.41412622289736184
18097361000,NA,2024,5.4763942766487315,-1.1622110270571695
18097361000,NA,2025,5.98486997146575,-1.089993553828568
18097361000,NA,2026,5.79805142243103,-1.1032629917687047
18097361000,NA,2027,6.005269733082602,-1.035482753205245
18097361000,NA,2028,6.071721732209707,-0.9720845925248245
18097361100,NA,2024,16.910414100371465,-0.39100578900257066
18097361100,NA,2025,16.110279387884717,-0.4418997325397531
18097361100,NA,2026,16.230690103949893,-0.43638758968011576
18097361100,NA,2027,15.641887879454051,-0.4660909723206579
18097361100,NA,2028,15.160153980155096,-0.48066891407735574
18097361200,NA,2024,9.544934249085358,-0.8877949086359175
18097361200,NA,2025,8.51037784630921,-0.9283441842091852
18097361200,NA,2026,8.548577485607284,-0.9274437929704997
18097361200,NA,2027,7.623540233964019,-0.9398651923084469
18097361200,NA,2028,6.799395021913107,-0.9327389657333018
18097361300,NA,2024,4.781560991301679,-1.2090763532937534
18097361300,NA,2025,4.723399263588062,-1.1707361033778882
18097361300,NA,2026,4.624073278753215,-1.1783060533093328
18097361300,NA,2027,4.40676813209148,-1.1299322436292187
18097361300,NA,2028,4.124076881789313,-1.0773946382437027
18097361400,NA,2024,7.7920349406331955,-1.006024993007107
18097361400,NA,2025,7.901086100692964,-0.9673429248483386
18097361400,NA,2026,7.697396991713291,-0.9818529747167308
18097361400,NA,2027,7.535163243689877,-0.9450870586434081
18097361400,NA,2028,7.222627995097029,-0.9098545657637104
18097361401,NA,2024,24.106681069414712,0.09437020881151378
18097361401,NA,2025,29.357697421959575,0.40602348940838023
18097361401,NA,2026,27.903650884438317,0.3097717139908164
18097361401,NA,2027,31.475779542180018,0.4694745585775342
18097361401,NA,2028,34.10356736509993,0.5436100910038583
18097361402,NA,2024,13.8437045946668,-0.5978501421568615
18097361402,NA,2025,16.335808596895546,-0.4274643570533003
18097361402,NA,2026,15.67803417098123,-0.47171447665148214
18097361402,NA,2027,17.543510780391713,-0.35373117620862515
18097361402,NA,2028,18.911886152076576,-0.27781104372960863
18097361600,NA,2024,0.9032772925542883,-1.4706600088450819
18097361600,NA,2025,0.7289424425838309,-1.4264080153600283
18097361600,NA,2026,0.7742827394178095,-1.424392464643035
18097361600,NA,2027,0.6678074373524465,-1.3508534689282157
18097361600,NA,2028,0.6032264034774634,-1.2677686300730258
18097361601,NA,2024,15.95663865223178,-0.45533632479603686
18097361601,NA,2025,31.895115032561023,0.5684351616508473
18097361601,NA,2026,37.201893292964094,0.9041342079097605
18097361601,NA,2027,74.36144239828299,3.0034282316559935
18097361601,NA,2028,100,4.106660270298314
18097370201,NA,2024,44.450415073819954,1.46652055205612
18097370201,NA,2025,56.59659136827622,2.1494946064106357
18097370201,NA,2026,56.80289728303262,2.1570700965428697
18097370201,NA,2027,69.55397192024002,2.7193727533268373
18097370201,NA,2028,82.91655864092728,3.18295080130996
18097370202,NA,2024,25.446759979293596,0.18475625769354279
18097370202,NA,2025,24.71271757938287,0.10871375977872808
18097370202,NA,2026,24.71785262491881,0.10612903449749252
18097370202,NA,2027,24.001691836549742,0.02785862604223426
18097370202,NA,2028,23.304786672750243,-0.040284908217390614
18097370203,NA,2024,40.88424401750689,1.2259883647040168
18097370203,NA,2025,43.41399470779306,1.3057203852568908
18097370203,NA,2026,43.42126953204803,1.3016893381882189
18097370203,NA,2027,46.02146987161396,1.3289250831363673
18097370203,NA,2028,48.73768838992449,1.3348836919620752
18097370204,NA,2024,22.29382559451062,-0.027903817264715344
18097370204,NA,2025,17.772934572091188,-0.33547869734973823
18097370204,NA,2026,20.15638757434102,-0.1854490535183229
18097370204,NA,2027,18.378570722427224,-0.3043906025427469
18097370204,NA,2028,18.708058450298495,-0.2888321005657102
18097370301,NA,2024,32.831437717053284,0.6828402421982349
18097370301,NA,2025,39.61112793676284,1.0623115159332752
18097370301,NA,2026,40.07779550232329,1.087967703996549
18097370301,NA,2027,48.35385614781257,1.4667370785214449
18097370301,NA,2028,58.33892156606965,1.854026750574231
18097370302,NA,2024,16.049555270451553,-0.4490692565402397
18097370302,NA,2025,14.773129039992371,-0.5274862844472716
18097370302,NA,2026,16.186604158677785,-0.43920565262442857
18097370302,NA,2027,16.418760911585625,-0.4201884458774818
18097370302,NA,2028,18.044281747178974,-0.32472280976639156
18097370303,NA,2024,11.209910309572251,-0.7754950981686535
18097370303,NA,2025,12.425875600379802,-0.6777261798084451
18097370303,NA,2026,11.688501834181295,-0.7267334668099283
18097370303,NA,2027,11.999459128900185,-0.6813084855105953
18097370303,NA,2028,11.704743792873602,-0.6675045195120669
18097370304,NA,2024,5.636620737177935,-1.1514040241360535
18097370304,NA,2025,6.93757512272716,-1.0290140618742651
18097370304,NA,2026,6.052414703479209,-1.0870035754787426
18097370304,NA,2027,6.229786353320087,-1.0222169045129479
18097370304,NA,2028,5.7107579083538385,-0.9916020711785521
18097370305,NA,2024,55.44518598577395,2.208099196245366
18097370305,NA,2025,57.15735678052827,2.1853873376500963
18097370305,NA,2026,56.98570591448867,2.16875559465405
18097370305,NA,2027,58.48733496776066,2.065486501213791
18097370305,NA,2028,59.88210635135753,1.9374674560274174
18097370306,NA,2024,1.9157416467996415,-1.4023710059068868
18097370306,NA,2025,2.254424961792487,-1.328766946784563
18097370306,NA,2026,1.9479401091529736,-1.3493699076227412
18097370306,NA,2027,1.9008019599289796,-1.2780004268789005
18097370306,NA,2028,1.625321744590048,-1.212503468625144
18097380100,NA,2024,29.476070405266565,0.45652640976300396
18097380100,NA,2025,32.185295758195004,0.5870086659513777
18097380100,NA,2026,33.124914932891436,0.643525490769362
18097380100,NA,2027,37.239510386122994,0.8100318910280108
18097380100,NA,2028,42.64961999226444,1.0056990558828378
18097380101,NA,2024,3.2576664615801465,-1.3118604538710215
18097380101,NA,2025,1.852961209131373,-1.3544633079755666
18097380101,NA,2026,2.376543203869088,-1.3219727294158938
18097380101,NA,2027,1.7221872089165997,-1.2885541055269945
18097380101,NA,2028,1.530953842390403,-1.2176059841545508
18097380102,NA,2024,3.352135863987684,-1.3054886529562264
18097380102,NA,2025,2.901420690701218,-1.2873548994231934
18097380102,NA,2026,2.921219376516573,-1.287155924892047
18097380102,NA,2027,2.527707147000143,-1.240958940385359
18097380102,NA,2028,2.186815123092568,-1.1821432654555648
18097380103,NA,2024,14.039510836821778,-0.5846433433300477
18097380103,NA,2025,16.185808092339215,-0.4370653910653694
18097380103,NA,2026,14.153883734905454,-0.5691412606061578
18097380103,NA,2027,14.155054038896802,-0.5539424317741111
18097380103,NA,2028,12.314526376366992,-0.6345332969955986
18097380200,NA,2024,38.87761073520379,1.0906443542838047
18097380200,NA,2025,39.771354017489365,1.0725670551077997
18097380200,NA,2026,40.06741685896663,1.0873042800850252
18097380200,NA,2027,41.47572762684347,1.0603341487568863
18097380200,NA,2028,43.15870308566588,1.0332254110236332
18097380300,NA,2024,56.83077409042617,2.301554763103568
18097380300,NA,2025,62.51651383832423,2.528409178410613
18097380300,NA,2026,62.817623243183185,2.541543566350042
18097380300,NA,2027,69.26245933082289,2.702148362994323
18097380300,NA,2028,76.45539163996864,2.833592553515762
18097380301,NA,2024,25.75114161671765,0.20528628272131455
18097380301,NA,2025,23.51356892642977,0.03196023793836717
18097380301,NA,2026,24.12529036688058,0.06825125437348707
18097380301,NA,2027,22.73173628995893,-0.04717830489498221
18097380301,NA,2028,21.853046743056897,-0.11878114860481448
18097380302,NA,2024,36.6095471191281,0.9376673113955643
18097380302,NA,2025,29.426087342514915,0.41040090103960536
18097380302,NA,2026,33.52554648644021,0.6691346713916626
18097380302,NA,2027,30.81216779865513,0.43026421873400317
18097380302,NA,2028,31.884688316668413,0.4236342884418322
18097380402,NA,2024,33.45979446177384,0.725221838554227
18097380402,NA,2025,33.911711784175154,0.6975108208170757
18097380402,NA,2026,33.56354638759669,0.6715637020651721
18097380402,NA,2027,33.44525307062355,0.5858433948987871
18097380402,NA,2028,33.061329727380844,0.4872558263880884
18097380403,NA,2024,8.394930971042792,-0.9653606786345242
18097380403,NA,2025,7.833870254931893,-0.9716451878521253
18097380403,NA,2026,7.830877543467188,-0.9733206274037183
18097380403,NA,2027,7.275164621485106,-0.9604494063338638
18097380403,NA,2028,6.740575934812699,-0.9359193406103486
18097380404,NA,2024,14.049296742220204,-0.5839833006137745
18097380404,NA,2025,13.732179574622588,-0.5941140018100969
18097380404,NA,2026,13.734082876643228,-0.5959757820246643
18097380404,NA,2027,13.423171824145747,-0.5971866188245
18097380404,NA,2028,13.118857783556615,-0.5910427308146103
18097380501,NA,2024,30.128773811927672,0.500550147160132
18097380501,NA,2025,32.55806271561569,0.6108682406065248
18097380501,NA,2026,32.39285741647834,0.5967308910987368
18097380501,NA,2027,34.627005083036266,0.6556687083740321
18097380501,NA,2028,36.84262986932218,0.6917124503658587
18097380502,NA,2024,42.55317979751175,1.3385552515346741
18097380502,NA,2025,43.05721071608329,1.282883827143309
18097380502,NA,2026,43.4608804727072,1.3042213497708675
18097380502,NA,2027,44.63115380955551,1.246776498794464
18097380502,NA,2028,46.14180814050503,1.1945232624473767
18097380600,NA,2024,25.780492207511102,0.20726593027387039
18097380600,NA,2025,24.89786038909159,0.1205641360048689
18097380600,NA,2026,24.896979393962415,0.1175791805034494
18097380600,NA,2027,24.021815887807698,0.02904768108315589
18097380600,NA,2028,23.16506543689602,-0.047839699190976276
18097380700,NA,2024,31.060147340696247,0.5633697114993043
18097380700,NA,2025,30.660290566417295,0.48939814951914
18097380700,NA,2026,30.676360797758836,0.48700894943693446
18097380700,NA,2027,30.30836016755316,0.40049610714763617
18097380700,NA,2028,29.95769664097615,0.31944096930397814
18097380800,NA,2024,15.812056577199003,-0.46508814045781666
18097380800,NA,2025,16.67087552566436,-0.4060178359969608
18097380800,NA,2026,16.831280469060378,-0.39799663668630647
18097380800,NA,2027,18.005471492798737,-0.32643564278176723
18097380800,NA,2028,19.378650567334414,-0.25257287882488355
18097380901,NA,2024,0.08990833632893297,-1.5255203649737776
18097380901,NA,2025,0.06011216433039956,-1.469217619693068
18097380901,NA,2026,0.06353231304761014,-1.4698250719478303
18097380901,NA,2027,0.04272968418116468,-1.3877869791766786
18097380901,NA,2028,0.02891567371408571,-1.2988218732734835
18097380902,NA,2024,9.939113524812708,-0.861208185256027
18097380902,NA,2025,9.631316649575169,-0.8565966150430904
18097380902,NA,2026,9.848057667347517,-0.8443783868772825
18097380902,NA,2027,9.885543565717969,-0.8062118622842392
18097380902,NA,2028,10.089507364651356,-0.754841090173893
18097381001,NA,2024,55.39095578575116,2.2044414612612475
18097381001,NA,2025,53.55951829408955,1.9551016477425864
18097381001,NA,2026,57.04946367759936,2.1728311200516695
18097381001,NA,2027,59.09038369245977,2.1011183984313737
18097381001,NA,2028,64.58246334997192,2.191617903585804
18097381002,NA,2024,3.8360274549654134,-1.2728509861193766
18097381002,NA,2025,3.06707866143924,-1.2767516830131527
18097381002,NA,2026,3.372232279800649,-1.2583262663170294
18097381002,NA,2027,3.0457394261580557,-1.2103503474635267
18097381002,NA,2028,2.9587957891825183,-1.1404019186065872
18097381003,NA,2024,34.96102271326875,0.8264771371209102
18097381003,NA,2025,38.97057531222109,1.0213118702791772
18097381003,NA,2026,38.79553133469427,1.006002780406681
18097381003,NA,2027,42.75507043275733,1.1359257377932812
18097381003,NA,2028,46.87086404243112,1.2339436477126282
18097381004,NA,2024,39.93378933119651,1.1618818086619045
18097381004,NA,2025,38.451919147782625,0.9881144121101422
18097381004,NA,2026,38.21284202517972,0.968756099155887
18097381004,NA,2027,36.517795223957414,0.7673884371487468
18097381004,NA,2028,34.66938708253275,0.5742042212933881
18097381101,NA,2024,17.046574378249616,-0.38182200927037746
18097381101,NA,2025,17.48972759237914,-0.35360583533979484
18097381101,NA,2026,16.997498650383275,-0.38737163376154277
18097381101,NA,2027,16.70291992123939,-0.4033985511131987
18097381101,NA,2028,16.053156167649586,-0.43238387834725106
18097381102,NA,2024,5.855786181761504,-1.136621686736853
18097381102,NA,2025,5.11218046219438,-1.1458515103419329
18097381102,NA,2026,5.142450254360206,-1.145170346745109
18097381102,NA,2027,4.487267064212449,-1.1251758623320178
18097381102,NA,2028,3.9144421111501857,-1.0887296859427265
18097381201,NA,2024,4.703270292817116,-1.2143569280778705
18097381201,NA,2025,4.141207725595776,-1.208000249750833
18097381201,NA,2026,4.168139842722211,-1.2074502423070237
18097381201,NA,2027,3.6765736300957736,-1.1730767100352077
18097381201,NA,2028,3.246406643354398,-1.1248506684926105
18097381203,NA,2024,44.168420893070945,1.4475005229983302
18097381203,NA,2025,43.8749787635048,1.3352264433265013
18097381203,NA,2026,43.954921946908456,1.3358014817790849
18097381203,NA,2027,43.79750514399105,1.1975193121852243
18097381203,NA,2028,43.70345362890061,1.062680321450989
18097381204,NA,2024,65.58211819231441,2.891818075170928
18097381204,NA,2025,69.03397831936229,2.9455704295676006
18097381204,NA,2026,68.8850864298939,2.9293881065298177
18097381204,NA,2027,71.92485728981656,2.859459516375004
18097381204,NA,2028,74.61568015961551,2.7341185143634417
18097381205,NA,2024,24.722685821543138,0.13591868422366263
18097381205,NA,2025,24.071908028028712,0.06769766909284979
18097381205,NA,2026,24.03013006087783,0.06216841480952566
18097381205,NA,2027,23.29426271202613,-0.013940719220169444
18097381205,NA,2028,22.521748542504135,-0.08262413719850772
18097381206,NA,2024,17.914717510317942,-0.32326722791140705
18097381206,NA,2025,20.771431127119858,-0.14355489352619227
18097381206,NA,2026,20.923276719693323,-0.13642794555355112
18097381206,NA,2027,24.25974069010408,0.043105769184027844
18097381206,NA,2028,28.12824330699374,0.22052159280643197
18097390101,NA,2024,2.207412636922807,-1.3826982924745674
18097390101,NA,2025,2.088227795698689,-1.3394046752981816
18097390101,NA,2026,2.015766772995964,-1.3450342898463152
18097390101,NA,2027,1.8304737279659544,-1.2821558594835398
18097390101,NA,2028,1.5976891060095837,-1.213997578001201
18097390102,NA,2024,39.68754032145525,1.1452727307430257
18097390102,NA,2025,41.042497090192626,1.1539287005991108
18097390102,NA,2026,41.062547300325114,1.1509150341301293
18097390102,NA,2027,42.47351619067761,1.1192897490181373
18097390102,NA,2028,43.93727412322832,1.0753231022651333
18097390103,NA,2024,5.9838114486563,-1.1279865996935583
18097390103,NA,2025,5.938736023372898,-1.0929464345942739
18097390103,NA,2026,5.93880085668208,-1.0942660027589939
18097390103,NA,2027,5.893968900693662,-1.0420591037677855
18097390103,NA,2028,5.8494277634512,-0.9841041288422061
18097390104,NA,2024,5.7281073846387205,-1.1452334049818493
18097390104,NA,2025,6.360751320460219,-1.0659346373144372
18097390104,NA,2026,6.383997222240591,-1.0658081490602795
18097390104,NA,2027,7.0889867899171515,-0.9714499591696764
18097390104,NA,2028,7.8717843662834754,-0.8747543845815047
18097390200,NA,2024,3.2184478978835815,-1.3145056794538053
18097390200,NA,2025,2.78744321846287,-1.2946502188009965
18097390200,NA,2026,2.8313330067982587,-1.2929016437631866
18097390200,NA,2027,2.5067713283490356,-1.2421959597302128
18097390200,NA,2028,2.255252824432634,-1.1784428077178712
18097390300,NA,2024,2.6458269028458634,-1.353127994055438
18097390300,NA,2025,2.6592905252303005,-1.3028528469861709
18097390300,NA,2026,2.6578601882990767,-1.3039903777948765
18097390300,NA,2027,2.6680873405359296,-1.2326643989617827
18097390300,NA,2028,2.6764136978416353,-1.1556704471285515
18097390402,NA,2024,4.380612278371389,-1.236119663727897
18097390402,NA,2025,4.205031311817525,-1.203915114011459
18097390402,NA,2026,4.200591918670347,-1.2053758398612782
18097390402,NA,2027,4.022369684679616,-1.1526449124531384
18097390402,NA,2028,3.846629134737647,-1.092396364518544
18097390403,NA,2024,7.258515102703043,-1.0420100009011908
18097390403,NA,2025,9.022271686922126,-0.8955795599245541
18097390403,NA,2026,9.165181086420384,-0.8880292415061675
18097390403,NA,2027,11.392367846526591,-0.7171792423653086
18097390403,NA,2028,14.160841022591162,-0.5347022216517885
18097390404,NA,2024,4.548230186206958,-1.2248141202263594
18097390404,NA,2025,4.308660334784255,-1.1972821644951632
18097390404,NA,2026,4.315103847301292,-1.1980560053706062
18097390404,NA,2027,4.093192686951009,-1.1484602457185655
18097390404,NA,2028,3.886418328341808,-1.0902449446656548
18097390405,NA,2024,15.242055780845472,-0.5035337271036524
18097390405,NA,2025,14.784931444106258,-0.5267308517661832
18097390405,NA,2026,14.789596854985096,-0.5285051899525174
18097390405,NA,2027,14.346206175743063,-0.5426479658146219
18097390405,NA,2028,13.916185752129024,-0.5479308437551309
18097390406,NA,2024,2.468749169449334,-1.3650715867414418
18097390406,NA,2025,2.1742624979486105,-1.3338978798046404
18097390406,NA,2026,2.1755328833881165,-1.3348217163679836
18097390406,NA,2027,1.8981546151945088,-1.2781568485934562
18097390406,NA,2028,1.647156203143804,-1.2113228694886808
18097390409,NA,2024,9.744429273334662,-0.8743393077152607
18097390409,NA,2025,14.440610383828703,-0.548769699039227
18097390409,NA,2026,14.778706811363907,-0.5292013036050977
18097390409,NA,2027,21.115218583045685,-0.1426922997415436
18097390409,NA,2028,29.865535406526703,0.31445776930666625
18097390410,NA,2024,5.439495784689444,-1.1646997677375273
18097390410,NA,2025,5.261152751132472,-1.1363162889959724
18097390410,NA,2026,5.025247180207713,-1.1526622047100477
18097390410,NA,2027,4.597645719994698,-1.118653999741544
18097390410,NA,2028,4.014441918331719,-1.0833226507412659
18097390411,NA,2024,15.608003694442496,-0.47885116120188276
18097390411,NA,2025,14.069471471877437,-0.572525067912058
18097390411,NA,2026,14.21165625583852,-0.56544832401523
18097390411,NA,2027,12.940749053785142,-0.6256911788457281
18097390411,NA,2028,11.852722254447816,-0.6595032565762571
18097390500,NA,2024,13.684571095616132,-0.6085834266805781
18097390500,NA,2025,12.706331155584287,-0.6597751513611989
18097390500,NA,2026,12.73037379197154,-0.6601349003315348
18097390500,NA,2027,11.82177264439668,-0.6918073163570441
18097390500,NA,2028,10.978768721696802,-0.706758322853006
18097390600,NA,2024,44.732529937128554,1.485548720947803
18097390600,NA,2025,45.63902476135017,1.4481371676888142
18097390600,NA,2026,45.64514806721744,1.443844159955838
18097390600,NA,2027,46.570136896309606,1.361343768774724
18097390600,NA,2028,47.51387041958537,1.2687112959114404
18097390601,NA,2024,43.30560174896384,1.3893048355946207
18097390601,NA,2025,42.40971345901618,1.2414396786305408
18097390601,NA,2026,44.961411162985144,1.4001383117181863
18097390601,NA,2027,47.06731211413558,1.3907199958275942
18097390601,NA,2028,51.63961624895018,1.4917922553692686
18097390602,NA,2024,32.14550074578641,0.6365749572527966
18097390602,NA,2025,31.01086549591654,0.5118372861864233
18097390602,NA,2026,31.02934966920662,0.5095727132905167
18097390602,NA,2027,29.943016010483863,0.3789092851868848
18097390602,NA,2028,28.89893887514955,0.262193453823756
18097390700,NA,2024,11.801027315604118,-0.7356252590059553
18097390700,NA,2025,10.321056520316874,-0.8124486571541598
18097390700,NA,2026,10.39155375544135,-0.809637015749074
18097390700,NA,2027,9.10778937153987,-0.8521664533022795
18097390700,NA,2028,7.995740178846678,-0.8680520372385925
18097390800,NA,2024,19.731366319391643,-0.20073734788124095
18097390800,NA,2025,20.84134493830245,-0.13907994271810784
18097390800,NA,2026,20.868918924499024,-0.13990260595668222
18097390800,NA,2027,22.0530674707409,-0.08727831111458118
18097390800,NA,2028,23.30949700201248,-0.04003021856498802
18097390802,NA,2024,37.16385803430086,0.9750546421753429
18097390802,NA,2025,43.76806942962027,1.328383532005176
18097390802,NA,2026,45.49130543383546,1.4340102271295512
18097390802,NA,2027,55.78420559600671,1.9057686807537195
18097390802,NA,2028,69.44638300181403,2.454612258433343
18097390900,NA,2024,23.797243082001877,0.07349914155564524
18097390900,NA,2025,23.142449207316055,0.008206097535311412
18097390900,NA,2026,23.17967922502746,0.007805874283802865
18097390900,NA,2027,22.615461158240013,-0.054048568229734556
18097390900,NA,2028,22.11270902070912,-0.10474109077542058
18097391000,NA,2024,25.7399161218169,0.20452914213552936
18097391000,NA,2025,24.585534865446135,0.10057321674611941
18097391000,NA,2026,24.602799876712,0.09877462972377699
18097391000,NA,2027,23.49943243455483,-0.0018180064676462124
18097391000,NA,2028,22.445557233729716,-0.08674383602793412
18097391001,NA,2024,35.61696774884705,0.8707195168887281
18097391001,NA,2025,36.05251339481168,0.8345364204149408
18097391001,NA,2026,36.089506335177994,0.8330281797612129
18097391001,NA,2027,36.57585591723524,0.7708190267023344
18097391001,NA,2028,37.097147197326194,0.7054743184202753
18097391002,NA,2024,33.388531121036,0.7204152471274513
18097391002,NA,2025,36.09080235303805,0.836987169439455
18097391002,NA,2026,36.12574485715671,0.8353446195089503
18097391002,NA,2027,38.9783540634401,0.9127736706719718
18097391002,NA,2028,42.02444037136316,0.9718953085284812
