GEOID,NAME,year,percent_white,white_zscore
18097310103,NA,2024,54.72103505248802,0.1067127162305293
18097310103,NA,2025,53.38597738601362,0.08711638010526206
18097310103,NA,2026,53.49251192428645,0.08930878549385443
18097310103,NA,2027,52.28958812476885,0.07169203214881405
18097310103,NA,2028,51.17375083224746,0.05789704465180621
18097310104,NA,2024,54.989854890422386,0.11818535842824243
18097310104,NA,2025,47.605650635603105,-0.1580439825039146
18097310104,NA,2026,48.28168572298448,-0.13126856451623553
18097310104,NA,2027,42.75502278930725,-0.32586821788752635
18097310104,NA,2028,38.76613575368747,-0.4497598197667911
18097310105,NA,2024,37.57400093520479,-0.6250851625688807
18097310105,NA,2025,36.08975956502836,-0.6464662036922547
18097310105,NA,2026,36.09340648554791,-0.647205621619584
18097310105,NA,2027,34.61631783310817,-0.6652256467284984
18097310105,NA,2028,33.14274043887284,-0.6798407188622154
18097310106,NA,2024,37.586005138141694,-0.6245728494664622
18097310106,NA,2025,34.743712183739646,-0.7035559632049738
18097310106,NA,2026,35.86421485942535,-0.6569074384873169
18097310106,NA,2027,34.493778931355216,-0.6703351189179534
18097310106,NA,2028,34.002664987341035,-0.6446569549278973
18097310108,NA,2024,65.37663870180087,0.5614705533327903
18097310108,NA,2025,64.66647430496074,0.5655548550347926
18097310108,NA,2026,64.66649451378522,0.5623100665641557
18097310108,NA,2027,63.95637100120961,0.558158793273896
18097310108,NA,2028,63.24626817484801,0.551843404284928
18097310110,NA,2024,40.79621791820555,-0.4875679956312674
18097310110,NA,2025,40.52522575083303,-0.45834526427038064
18097310110,NA,2026,40.53296295776792,-0.45927657466389077
18097310110,NA,2027,40.27584635042745,-0.42924178241274535
18097310110,NA,2028,40.025198491069,-0.3982453395610122
18097310111,NA,2024,35.995132128941094,-0.6924678268490981
18097310111,NA,2025,35.33633138098411,-0.6784212703824107
18097310111,NA,2026,35.309099797188416,-0.6804057868583133
18097310111,NA,2027,34.59341761135429,-0.66618051122059
18097310111,NA,2028,33.847870819655704,-0.650990349484375
18097310112,NA,2024,59.58771343467318,0.31441189572258676
18097310112,NA,2025,58.40125513549938,0.29982880359625985
18097310112,NA,2026,58.401547342311574,0.2971111534452369
18097310112,NA,2027,57.215668076842995,0.2770934855492892
18097310112,NA,2028,56.03007573731895,0.25659330161150096
18097310113,NA,2024,73.26803261703343,0.8982579702375587
18097310113,NA,2025,71.14643021114063,0.8403885120659824
18097310113,NA,2026,72.26292182951292,0.8838713204069365
18097310113,NA,2027,71.8841136264294,0.8887197815744228
18097310113,NA,2028,72.34682260056302,0.9241920704046908
18097310201,NA,2024,30.748099682251656,-0.9163996851643939
18097310201,NA,2025,29.94140336573889,-0.907235758832219
18097310201,NA,2026,29.944764038486568,-0.9074812870780623
18097310201,NA,2027,29.144626640390925,-0.8933773077809101
18097310201,NA,2028,28.347695338344025,-0.876029716108472
18097310203,NA,2024,28.820825233903108,-0.9986515395386844
18097310203,NA,2025,27.372794600289556,-1.0161778798453514
18097310203,NA,2026,27.342458406764184,-1.0176384210884493
18097310203,NA,2027,25.844647990529023,-1.0309756450930712
18097310203,NA,2028,24.323482854054873,-1.0406801407544228
18097310204,NA,2024,12.80307997657392,-1.6822538419711472
18097310204,NA,2025,12.28976734910236,-1.655892655464659
18097310204,NA,2026,12.30295123322719,-1.6542696403311201
18097310204,NA,2027,11.813732019592932,-1.6160190388278288
18097310204,NA,2028,11.335814684992792,-1.5720698443412375
18097310305,NA,2024,7.191977320197536,-1.9217234198337798
18097310305,NA,2025,6.0427324527256,-1.9208474593291875
18097310305,NA,2026,6.063028290971854,-1.9184092630508234
18097310305,NA,2027,4.959572027790785,-1.90181513589742
18097310305,NA,2028,3.882939249701932,-1.8770038183907656
18097310306,NA,2024,4.5061379375767805,-2.0363491649949608
18097310306,NA,2025,4.110741820491649,-2.002788765488458
18097310306,NA,2026,4.075088282124878,-2.002559937471885
18097310306,NA,2027,3.6190938074248016,-1.957708701855261
18097310306,NA,2028,3.134938095964738,-1.9076082430028636
18097310308,NA,2024,23.730611000305636,-1.2158907398168595
18097310308,NA,2025,24.218340221395607,-1.1499674064164611
18097310308,NA,2026,24.223259260246625,-1.1496759627974145
18097310308,NA,2027,24.72182263417119,-1.0777937971236116
18097310308,NA,2028,25.226502821171323,-1.0037331302200725
18097310309,NA,2024,25.07711935903596,-1.1584247107668952
18097310309,NA,2025,26.685985033518236,-1.0453074584493895
18097310309,NA,2026,26.62583995238396,-1.047973303414024
18097310309,NA,2027,28.12572324279632,-0.9358622533718752
18097310309,NA,2028,29.57464327341376,-0.8258292112105828
18097310310,NA,2024,26.252309078277072,-1.108270186209165
18097310310,NA,2025,25.090453778129785,-1.1129785500702096
18097310310,NA,2026,25.442214516838614,-1.0980768670124217
18097310310,NA,2027,24.85313736596436,-1.072318401469131
18097310310,NA,2028,24.53367263917707,-1.0320802376648812
18097310311,NA,2024,21.388209681593683,-1.3158593002457777
18097310311,NA,2025,20.500046771976727,-1.3076709774614923
18097310311,NA,2026,20.737441702147727,-1.2972326783508872
18097310311,NA,2027,20.23961782899812,-1.264687105875837
18097310311,NA,2028,19.924780580946635,-1.22065279378552
18097310312,NA,2024,13.538027206624662,-1.6508879030978743
18097310312,NA,2025,13.100692936017127,-1.6214989577514693
18097310312,NA,2026,13.08860365142226,-1.6210125095538188
18097310312,NA,2027,12.629532517058635,-1.582002821167023
18097310312,NA,2028,12.1603206456982,-1.5383352299084105
18097320105,NA,2024,44.13040557850935,-0.3452721653062927
18097320105,NA,2025,43.66078344519097,-0.32535720070179547
18097320105,NA,2026,42.76471875886838,-0.36480503378743895
18097320105,NA,2027,40.93603218620897,-0.40171418815864984
18097320105,NA,2028,38.435047090787826,-0.4633062935563122
18097320106,NA,2024,39.9980530281963,-0.5216319258390107
18097320106,NA,2025,37.223294997939746,-0.598389690069012
18097320106,NA,2026,37.2046732879684,-0.6001650416879692
18097320106,NA,2027,34.39004685549434,-0.6746604078603509
18097320106,NA,2028,31.553803703963837,-0.7448519748929793
18097320107,NA,2024,86.36950546614473,1.457400150427422
18097320107,NA,2025,85.99698286569091,1.4702433681911404
18097320107,NA,2026,85.99651704402038,1.4652225153039007
18097320107,NA,2027,85.62307570994365,1.4615896512523665
18097320107,NA,2028,85.24918110613642,1.452091333967612
18097320108,NA,2024,42.58026355543129,-0.4114288333672111
18097320108,NA,2025,43.32932483744224,-0.3394153181706462
18097320108,NA,2026,43.30466506457574,-0.3419487878372463
18097320108,NA,2027,44.00137561648595,-0.27389937356446453
18097320108,NA,2028,44.67002261735416,-0.20820262492197633
18097320109,NA,2024,76.37328162362707,1.0307832000018557
18097320109,NA,2025,76.04098142805913,1.047980574411542
18097320109,NA,2026,76.05898607728851,1.0445609615300988
18097320109,NA,2027,75.76034299910056,1.0503458929259109
18097320109,NA,2028,75.47765968501535,1.0522900914373516
18097320202,NA,2024,77.86971244264993,1.0946475914552565
18097320202,NA,2025,75.98263296297159,1.045505847380318
18097320202,NA,2026,75.97109924194717,1.040840659894339
18097320202,NA,2027,74.0632182701345,0.9795813317894762
18097320202,NA,2028,72.14562435179938,0.9159600555132591
18097320203,NA,2024,71.02673717467925,0.8026043872762718
18097320203,NA,2025,71.38095825413956,0.8503355241547982
18097320203,NA,2026,71.40557667380246,0.8475793937172015
18097320203,NA,2027,71.80298885320713,0.8853371433532096
18097320203,NA,2028,72.2204584127712,0.9190218868566818
18097320204,NA,2024,47.62138929161969,-0.19628462269666705
18097320204,NA,2025,45.99432877866977,-0.22638479917103704
18097320204,NA,2026,45.913130485870646,-0.2315309062969978
18097320204,NA,2027,44.171168781251005,-0.2668195528633158
18097320204,NA,2028,42.367722652230334,-0.3024010968962901
18097320205,NA,2024,68.84604771372868,0.7095373349260721
18097320205,NA,2025,72.45530675004436,0.8959017487295489
18097320205,NA,2026,71.26463808523296,0.8416133800410872
18097320205,NA,2027,73.21295670555956,0.9441282001242626
18097320205,NA,2028,74.25513780574146,1.0022706783603184
18097320206,NA,2024,38.460082832808055,-0.5872691269400112
18097320206,NA,2025,38.653551896420595,-0.5377283615669617
18097320206,NA,2026,38.5405785453492,-0.5436153833124935
18097320206,NA,2027,38.58117882477068,-0.49990388619243
18097320206,NA,2028,38.53461250454062,-0.4592325803221208
18097320301,NA,2024,86.45029874990631,1.4608482309102369
18097320301,NA,2025,86.33832071004436,1.4847204926353568
18097320301,NA,2026,86.40272625911307,1.4824175912387756
18097320301,NA,2027,86.45040166883496,1.4960864430311245
18097320301,NA,2028,86.60809467914443,1.5076912054272917
18097320304,NA,2024,74.93144086444184,0.9692485927968253
18097320304,NA,2025,73.36923002402267,0.9346638760140621
18097320304,NA,2026,73.3692300243966,0.9307019995535403
18097320304,NA,2027,71.80701918470415,0.8855051950200984
18097320304,NA,2028,70.2448083453657,0.83818827684725
18097320305,NA,2024,74.4236231066333,0.9475760425797362
18097320305,NA,2025,68.37472277339664,0.7228323894063752
18097320305,NA,2026,68.52715210155286,0.7257339819105086
18097320305,NA,2027,62.682619552502786,0.5050475158726466
18097320305,NA,2028,56.95627527835169,0.29448870309273334
18097320306,NA,2024,76.22907503450591,1.024628778467149
18097320306,NA,2025,73.45699843199756,0.9383863878466719
18097320306,NA,2026,74.38778603098636,0.973818076753408
18097320306,NA,2027,72.81564483418704,0.9275615920652892
18097320306,NA,2028,71.98297057512,0.9093050855023359
18097320400,NA,2024,59.9466087048562,0.3297287601805839
18097320400,NA,2025,60.17707096641964,0.3751462850871821
18097320400,NA,2026,59.90139243866727,0.3606004820083556
18097320400,NA,2027,59.69789732116342,0.3805943420958627
18097320400,NA,2028,59.28612785889802,0.389814488758144
18097320500,NA,2024,66.42872270893234,0.6063711955938076
18097320500,NA,2025,66.69141918627372,0.6514386195349618
18097320500,NA,2026,66.70439382445328,0.6485755477314671
18097320500,NA,2027,66.99489694771016,0.6848554063370842
18097320500,NA,2028,67.30049796832718,0.7177219854271275
18097320600,NA,2024,67.70724117529086,0.6609355648770057
18097320600,NA,2025,65.56456251998699,0.6036453717058833
18097320600,NA,2026,65.58481451001289,0.6011830942576456
18097320600,NA,2027,63.48538237711739,0.5385201051354911
18097320600,NA,2028,61.409316174109904,0.47668461777537685
18097320700,NA,2024,83.252286693609,1.3243640772562573
18097320700,NA,2025,81.37156266663484,1.2740659301008352
18097320700,NA,2026,81.55125912804895,1.2770521228675995
18097320700,NA,2027,80.1342682116802,1.2327242961328178
18097320700,NA,2028,79.06189874789676,1.1989390285995936
18097320800,NA,2024,88.7726614897835,1.5599615886618212
18097320800,NA,2025,88.70766036208894,1.585211034661947
18097320800,NA,2026,88.73757263656232,1.5812530170853973
18097320800,NA,2027,88.74577707384572,1.5917961044405782
18097320800,NA,2028,88.80326069181358,1.5975062978373982
18097320901,NA,2024,51.62561425523962,-0.025393067074278172
18097320901,NA,2025,50.65945592878419,-0.028523274533395895
18097320901,NA,2026,50.702136891449506,-0.02880943731766515
18097320901,NA,2027,49.80883542305136,-0.031747257391214326
18097320901,NA,2028,48.94937370150833,-0.03311321899077919
18097320902,NA,2024,28.23245384794749,-1.023761942261602
18097320902,NA,2025,27.600296890751707,-1.0065288502260208
18097320902,NA,2026,27.746181664242084,-1.0005485772073262
18097320902,NA,2027,27.325468730983623,-0.9692302541789684
18097320902,NA,2028,27.01454303371048,-0.9305755667395216
18097320903,NA,2024,21.972713007214978,-1.290913977870188
18097320903,NA,2025,26.8577704701573,-1.0380215416222107
18097320903,NA,2026,24.87950385497129,-1.1218967416008518
18097320903,NA,2027,27.49073261114177,-0.9623392898606177
18097320903,NA,2028,28.37509851373167,-0.874908516747892
18097321001,NA,2024,33.26313262400996,-0.8090635849793331
18097321001,NA,2025,32.23414986226885,-0.809993753884958
18097321001,NA,2026,32.22216285239864,-0.8110776505178309
18097321001,NA,2027,31.172192947283406,-0.8088344115320997
18097321001,NA,2028,30.11247865046108,-0.8038237073843854
18097321002,NA,2024,64.38010975346086,0.5189408793629706
18097321002,NA,2025,66.67860872060888,0.6508952906639145
18097321002,NA,2026,66.6586202296361,0.6466379244342852
18097321002,NA,2027,68.91910748477343,0.7650887043766115
18097321002,NA,2028,71.16137829338514,0.8756896840786765
18097321100,NA,2024,61.77695121749778,0.4078437717368629
18097321100,NA,2025,63.13519960632773,0.5006090696871969
18097321100,NA,2026,63.090314830471335,0.49558944986075226
18097321100,NA,2027,64.34726481371007,0.5744577892288926
18097321100,NA,2028,65.54483992992996,0.6458893367576721
18097321200,NA,2024,86.94554140915461,1.4819841034494763
18097321200,NA,2025,86.28767720553454,1.482572555249543
18097321200,NA,2026,86.28188718716909,1.4773024019698606
18097321200,NA,2027,85.61384085930852,1.4612045881269513
18097321200,NA,2028,84.94106492071411,1.4394847777859658
18097321300,NA,2024,86.81434423734774,1.4763848953662557
18097321300,NA,2025,86.06804559052424,1.4732573437223502
18097321300,NA,2026,85.9901521015189,1.4649530835294171
18097321300,NA,2027,85.05679582888006,1.437977628765209
18097321300,NA,2028,84.00172169476679,1.4010516031848872
18097321400,NA,2024,69.37156901489926,0.7319654336182482
18097321400,NA,2025,69.31132716860428,0.7625564885905859
18097321400,NA,2026,69.35737720663785,0.7608779008433143
18097321400,NA,2027,69.3818272374878,0.784382607571305
18097321400,NA,2028,69.44611088521117,0.8055096157448616
18097321600,NA,2024,46.77481208154243,-0.23241468474337518
18097321600,NA,2025,46.50898844057003,-0.20455659554520858
18097321600,NA,2026,46.74973021764428,-0.1961171456523476
18097321600,NA,2027,46.85228618204983,-0.15502570943828042
18097321600,NA,2028,47.1356178363424,-0.10732293693424068
18097321700,NA,2024,80.72605825839024,1.2165501779188514
18097321700,NA,2025,81.0311259986207,1.2596270271495649
18097321700,NA,2026,81.02773980939423,1.2548912409792161
18097321700,NA,2027,81.32648228789323,1.2824357312701125
18097321700,NA,2028,81.62222665602806,1.3036946991693006
18097321800,NA,2024,92.45840734973964,1.7172611533364472
18097321800,NA,2025,92.41088311444382,1.7422754138902314
18097321800,NA,2026,92.4028660041335,1.7364070496314077
18097321800,NA,2027,92.33563712968304,1.7414815500986063
18097321800,NA,2028,92.2550403238874,1.7387356649307193
18097321900,NA,2024,81.08531063398813,1.2318822828541998
18097321900,NA,2025,81.20149985153498,1.2668530746315037
18097321900,NA,2026,81.21628213070898,1.2628723487716744
18097321900,NA,2027,81.35910801338623,1.2837961175203776
18097321900,NA,2028,81.51436820332925,1.2992816767188595
18097322000,NA,2024,44.494193902657926,-0.32974647601664525
18097322000,NA,2025,45.504668143471015,-0.2471527218273541
18097322000,NA,2026,45.3642342792453,-0.25476600683782136
18097322000,NA,2027,46.154071907745355,-0.18413896543947714
18097322000,NA,2028,46.837874077712634,-0.11950510586430199
18097322100,NA,2024,51.60650924733244,-0.026208426988143813
18097322100,NA,2025,52.464809851023006,0.048047002775327856
18097322100,NA,2026,52.452924936015904,0.045302454420983136
18097322100,NA,2027,53.28545000378523,0.113216221631359
18097322100,NA,2028,54.103745966420426,0.17777762872523048
18097322200,NA,2024,70.4620100566836,0.7785030701491787
18097322200,NA,2025,71.42807579839986,0.8523339153764171
18097322200,NA,2026,71.45350629091091,0.8496082827110695
18097322200,NA,2027,72.47302544401222,0.9132754819351723
18097322200,NA,2028,73.5208317922081,0.972226589629825
18097322300,NA,2024,78.72112351103726,1.1309839519926268
18097322300,NA,2025,78.56707659128202,1.1551195706900879
18097322300,NA,2026,78.56710290010348,1.1507310276424598
18097322300,NA,2027,78.4131089276572,1.1609575725084502
18097322300,NA,2028,78.25914159782936,1.1660942655155886
18097322400,NA,2024,59.88585051604833,0.3271357336906861
18097322400,NA,2025,61.103722331639275,0.4144482475053793
18097322400,NA,2026,61.19016889846981,0.41515515055354707
18097322400,NA,2027,62.62385950410893,0.502597413669799
18097322400,NA,2028,64.20823737234578,0.5912023192236131
18097322500,NA,2024,32.679470404693234,-0.8339730107791465
18097322500,NA,2025,33.31432290468468,-0.7641804934597553
18097322500,NA,2026,33.2956749555025,-0.7656352493018311
18097322500,NA,2027,33.894880821586675,-0.6953072150637862
18097322500,NA,2028,34.4769421384744,-0.6252519322958048
18097322600,NA,2024,10.671706331053525,-1.7732162032782066
18097322600,NA,2025,11.109755770577014,-1.7059403567392897
18097322600,NA,2026,11.109738256419448,-1.704779050212444
18097322600,NA,2027,11.547755657524531,-1.6271093848779405
18097322600,NA,2028,11.98575802395414,-1.5454774496370356
18097322601,NA,2024,6.130715847360239,-1.9670157362403284
18097322601,NA,2025,7.732744863891055,-1.8491691488416522
18097322601,NA,2026,7.310720824775746,-1.865593701352551
18097322601,NA,2027,8.421854433136431,-1.7574492618028568
18097322601,NA,2028,9.168596046100022,-1.6607414715446769
18097322602,NA,2024,30.52818182218853,-0.9257852980000322
18097322602,NA,2025,32.36265269938515,-0.8045435771901019
18097322602,NA,2026,32.143170064446515,-0.8144214618758138
18097322602,NA,2027,33.637918432850874,-0.7060217078509705
18097322602,NA,2028,34.96755264552264,-0.6051786313365174
18097322700,NA,2024,33.67827673308582,-0.7913461432141958
18097322700,NA,2025,35.44281506926793,-0.6739049894248041
18097322700,NA,2026,35.37009777197563,-0.6778237065672486
18097322700,NA,2027,36.9451464014827,-0.5681210976106409
18097322700,NA,2028,38.37673223330095,-0.4656922426297937
18097330103,NA,2024,63.20987176533744,0.4689976838492913
18097330103,NA,2025,61.61056399511887,0.4359448672241991
18097330103,NA,2026,61.5888911765939,0.4320333000256256
18097330103,NA,2027,59.94917299467096,0.39107171742163277
18097330103,NA,2028,58.29031969177043,0.3490710543039302
18097330105,NA,2024,63.186998481932335,0.46802150218647176
18097330105,NA,2025,61.36996406681231,0.4257403289317591
18097330105,NA,2026,61.56564887241158,0.43104943956538166
18097330105,NA,2027,60.2132153408722,0.4020814213234485
18097330105,NA,2028,59.157103281607704,0.3845354555252934
18097330106,NA,2024,33.13062302251795,-0.8147188046884177
18097330106,NA,2025,28.98241115170721,-0.9479093901134759
18097330106,NA,2026,29.385056411808403,-0.9311740414136913
18097330106,NA,2027,25.86475974479262,-1.0301370505927043
18097330106,NA,2028,22.647871288546515,-1.1092376925436773
18097330107,NA,2024,83.55468790238356,1.337269898846975
18097330107,NA,2025,83.28878294183178,1.3553807827318851
18097330107,NA,2026,83.267826292386,1.3497154245392606
18097330107,NA,2027,82.96416357020934,1.3507216947272924
18097330107,NA,2028,82.6428757257932,1.3454544977404266
18097330108,NA,2024,92.28377782539192,1.7098083475264556
18097330108,NA,2025,91.48908448572396,1.7031792700513815
18097330108,NA,2026,92.19367978304405,1.7275520733715957
18097330108,NA,2027,92.34215816463556,1.7417534559689851
18097330108,NA,2028,93.03743755124589,1.7707474029364338
18097330109,NA,2024,68.52425925248323,0.695804107841384
18097330109,NA,2025,64.14688516902555,0.5435175781689798
18097330109,NA,2026,64.45876900370563,0.553516923063917
18097330109,NA,2027,60.9262409613707,0.4318122621110612
18097330109,NA,2028,58.08338618590047,0.3406043816945732
18097330202,NA,2024,20.26770944516208,-1.3636797974003492
18097330202,NA,2025,19.743973010827386,-1.339738250722384
18097330202,NA,2026,19.744880231736715,-1.3392483914849533
18097330202,NA,2027,19.22329553689244,-1.3070644277936254
18097330202,NA,2028,18.703080765277893,-1.2706385721769586
18097330203,NA,2024,89.55906607548008,1.593523614826499
18097330203,NA,2025,89.86401271839549,1.6342552799472079
18097330203,NA,2026,89.88230810751264,1.62971034551859
18097330203,NA,2027,90.21900143882952,1.6532247512950113
18097330203,NA,2028,90.57042864430018,1.6698098739864173
18097330204,NA,2024,55.9605332991474,0.15961178795784658
18097330204,NA,2025,55.016491051734846,0.15627117684733965
18097330204,NA,2026,55.022561064955816,0.15407666908777262
18097330204,NA,2027,54.090257640477425,0.14677407288279368
18097330204,NA,2028,53.163649543653584,0.13931363711917044
18097330206,NA,2024,51.9976137361904,-0.009516943587717047
18097330206,NA,2025,49.330632825969474,-0.08488250261792775
18097330206,NA,2026,49.29066497602013,-0.08855787694923191
18097330206,NA,2027,46.55329144044345,-0.16749281413056036
18097330206,NA,2028,43.78321454124892,-0.24448632685874883
18097330208,NA,2024,67.72580791279972,0.6617279525886226
18097330208,NA,2025,67.61080076969313,0.6904322494973673
18097330208,NA,2026,66.91311789435042,0.6574109608584161
18097330208,NA,2027,65.76340515799762,0.6335062187642756
18097330208,NA,2028,64.09023005650162,0.5863740566154818
18097330209,NA,2024,42.87191677150696,-0.3989817125759789
18097330209,NA,2025,39.98656580563397,-0.4811913892716466
18097330209,NA,2026,39.98423148838525,-0.4825047017799574
18097330209,NA,2027,37.09508951827883,-0.56186895911168
18097330209,NA,2028,34.20416089966225,-0.6364127611489568
18097330211,NA,2024,16.55857021340584,-1.5219777399719445
18097330211,NA,2025,14.129533763311676,-1.5778628449194838
18097330211,NA,2026,14.194656412599306,-1.5741926430668465
18097330211,NA,2027,11.856794261665224,-1.6142234839049723
18097330211,NA,2028,9.568424806261278,-1.6443825005899302
18097330212,NA,2024,30.237848846797597,-0.9381760738090366
18097330212,NA,2025,26.83993746277496,-1.038777891002625
18097330212,NA,2026,26.57295228068479,-1.0502120697863684
18097330212,NA,2027,22.864915680439527,-1.1552207554427387
18097330212,NA,2028,18.92606327367648,-1.261515255543013
18097330213,NA,2024,82.22484120416944,1.2805149529930686
18097330213,NA,2025,84.13370963984367,1.391216565829797
18097330213,NA,2026,84.17439733038638,1.3880911118934187
18097330213,NA,2027,86.15743020522264,1.4838704893689236
18097330213,NA,2028,88.17521779955166,1.5718099586628373
18097330401,NA,2024,70.71877899704735,0.789461406419728
18097330401,NA,2025,69.92737425611588,0.7886848259458998
18097330401,NA,2026,70.13362526322719,0.7937369394407208
18097330401,NA,2027,69.66199813021854,0.7960648192136822
18097330401,NA,2028,69.34558377276579,0.8013965546634245
18097330500,NA,2024,45.02426672808079,-0.30712412823332375
18097330500,NA,2025,47.25175667551708,-0.17305364810348056
18097330500,NA,2026,47.25165460476632,-0.17487038996720183
18097330500,NA,2027,49.47893833498318,-0.045502889053923905
18097330500,NA,2028,51.70611787651941,0.07967881195387995
18097330600,NA,2024,36.7553226850152,-0.6600245580824226
18097330600,NA,2025,33.779236605374514,-0.7444621598145165
18097330600,NA,2026,34.24656556235263,-0.7253834884282712
18097330600,NA,2027,31.9475326361915,-0.7765052775086578
18097330600,NA,2028,30.00022283818234,-0.808416647551643
18097330700,NA,2024,46.13219310829518,-0.2598402557361212
18097330700,NA,2025,45.22654695865623,-0.25894864504460896
18097330700,NA,2026,45.226546960405095,-0.26059439234647236
18097330700,NA,2027,44.3209008140794,-0.26057621587675095
18097330700,NA,2028,43.41525466933755,-0.2595413840654455
18097330701,NA,2024,18.340571393477163,-1.4459258306636278
18097330701,NA,2025,12.573376044211834,-1.6438639910769208
18097330701,NA,2026,12.573371504212908,-1.6428225905814784
18097330701,NA,2027,6.806167081208109,-1.824818150159431
18097330701,NA,2028,1.0389581244541355,-1.9933651441868696
18097330702,NA,2024,44.189886374128534,-0.34273365516129045
18097330702,NA,2025,44.17418840349647,-0.3035822126815098
18097330702,NA,2026,44.154804529579735,-0.3059618822899602
18097330702,NA,2027,44.1029238212574,-0.2696651449175093
18097330702,NA,2028,44.03389951531371,-0.2342295654195181
18097330804,NA,2024,36.47961031314421,-0.671791358539802
18097330804,NA,2025,39.29518579239739,-0.5105148137188511
18097330804,NA,2026,39.32294540037756,-0.510497332364111
18097330804,NA,2027,42.20109226731683,-0.3489653124143435
18097330804,NA,2028,45.115842478384856,-0.18996193069400494
18097330805,NA,2024,16.15721723608642,-1.5391066064244896
18097330805,NA,2025,13.482055574004017,-1.6053242661377438
18097330805,NA,2026,13.666228612728029,-1.596561303863506
18097330805,NA,2027,11.50131706348042,-1.6290457226563233
18097330805,NA,2028,9.77181865294113,-1.6360606529347792
18097330806,NA,2024,17.808340758284107,-1.468640269044185
18097330806,NA,2025,18.18204412164352,-1.4059841688817458
18097330806,NA,2026,18.138956020515696,-1.4072281116183303
18097330806,NA,2027,18.41409804664987,-1.340805321607957
18097330806,NA,2028,18.63020688476951,-1.2736202028483377
18097330900,NA,2024,11.79200258357332,-1.7254044117104408
18097330900,NA,2025,10.834955231577917,-1.717595441770846
18097330900,NA,2026,11.290087773320511,-1.6971447486685358
18097330900,NA,2027,10.96350869228332,-1.6514705761238995
18097330900,NA,2028,10.984272940710492,-1.5864531547908802
18097331000,NA,2024,4.0450769985232675,-2.056026236544993
18097331000,NA,2025,3.98135526259712,-2.008276423335469
18097331000,NA,2026,3.9746570734650466,-2.0068112498374675
18097331000,NA,2027,3.89882792228412,-1.9460447024243126
18097331000,NA,2028,3.817341503964211,-1.8796877464223247
18097340101,NA,2024,66.04283672927532,0.5899024267420091
18097340101,NA,2025,63.775402766048735,0.5277619358758765
18097340101,NA,2026,63.74968146091544,0.5235008286728307
18097340101,NA,2027,61.4436619034127,0.4533870263352027
18097340101,NA,2028,59.11835136654583,0.38294992312716797
18097340102,NA,2024,37.42030803107486,-0.6316444392612528
18097340102,NA,2025,37.070689229235974,-0.6048621417498813
18097340102,NA,2026,37.08001258836631,-0.6054420027122617
18097340102,NA,2027,36.74956762635281,-0.5762760940899511
18097340102,NA,2028,36.42900294729127,-0.5453834754582948
18097340109,NA,2024,26.293603974418644,-1.1065078104423154
18097340109,NA,2025,25.421331262669675,-1.0989450797160898
18097340109,NA,2026,25.41306884113438,-1.0993106206750343
18097340109,NA,2027,24.528128022509225,-1.0858702301369363
18097340109,NA,2028,23.63698126978927,-1.06876831398353
18097340111,NA,2024,40.58621093473663,-0.49653063395020075
18097340111,NA,2025,38.52925277051101,-0.5430002467208301
18097340111,NA,2026,38.53497806430409,-0.5438524549821268
18097340111,NA,2027,36.48798536231568,-0.5871832205961681
18097340111,NA,2028,34.445618066172614,-0.6265335549303611
18097340112,NA,2024,47.31267380409851,-0.20945992388142506
18097340112,NA,2025,45.56075378425258,-0.2447739677145004
18097340112,NA,2026,45.49979875867845,-0.24902748237477362
18097340112,NA,2027,43.589311498340464,-0.29108110215691885
18097340112,NA,2028,41.55916708884112,-0.33548310173118046
18097340113,NA,2024,53.35603887763975,0.04845766766114207
18097340113,NA,2025,50.96702846907729,-0.015478234215990462
18097340113,NA,2026,50.60250647186933,-0.03302685180865257
18097340113,NA,2027,47.68522742359733,-0.12029477870318019
18097340113,NA,2028,44.493616518855255,-0.21542027039705372
18097340114,NA,2024,54.433851201571215,0.09445633816019387
18097340114,NA,2025,51.720599765354216,0.016482902277547274
18097340114,NA,2026,51.72008973862294,0.014281107787953483
18097340114,NA,2027,49.00579758440517,-0.0652313138414254
18097340114,NA,2028,46.29097390166152,-0.14188149542556713
18097340115,NA,2024,40.91632946089708,-0.48244189793065145
18097340115,NA,2025,43.161672604256864,-0.3465259338944107
18097340115,NA,2026,43.81436592417528,-0.3203728494802463
18097340115,NA,2027,46.83072869402478,-0.15592458631707423
18097340115,NA,2028,50.40290976896828,0.026358126441359788
18097340201,NA,2024,16.09008104017112,-1.5419718322953568
18097340201,NA,2025,13.712750349444145,-1.5955398340042268
18097340201,NA,2026,13.758995739035331,-1.592634416629423
18097340201,NA,2027,11.487266588517407,-1.6296315815961797
18097340201,NA,2028,9.2786105441067,-1.6562402346232348
18097340202,NA,2024,42.17880590874247,-0.4285621668793058
18097340202,NA,2025,41.814926147089906,-0.4036453432354531
18097340202,NA,2026,41.78621048577441,-0.40622586678088807
18097340202,NA,2027,41.369768806118635,-0.3836287869899288
18097340202,NA,2028,40.92865514958126,-0.3612804618230684
18097340300,NA,2024,5.77626380440563,-1.9821429734870806
18097340300,NA,2025,4.469740568747946,-1.9875625910697707
18097340300,NA,2026,4.469133960009903,-1.9858797512493833
18097340300,NA,2027,3.16121710734923,-1.9768006655644852
18097340300,NA,2028,1.8524595973624225,-1.9600807777456386
18097340301,NA,2024,24.66723369562022,-1.175917733582753
18097340301,NA,2025,25.515328006260084,-1.0949584061701576
18097340301,NA,2026,25.51532704405285,-1.094981970563673
18097340301,NA,2027,26.36341943127935,-1.0093445694813343
18097340301,NA,2028,27.21151085729868,-0.9225166394532517
18097340400,NA,2024,19.947272322904695,-1.3773553522953024
18097340400,NA,2025,18.680689388628014,-1.384835182025841
18097340400,NA,2026,18.68121105076855,-1.3842741359948623
18097340400,NA,2027,17.41586272155743,-1.3824284760440415
18097340400,NA,2028,16.151297473270017,-1.375044640264528
18097340500,NA,2024,40.5395804212077,-0.498520722186708
18097340500,NA,2025,44.306590405630885,-0.2979666611296623
18097340500,NA,2026,43.952420029731776,-0.3145289376733131
18097340500,NA,2027,46.81598220641812,-0.15653946671212027
18097340500,NA,2028,49.022785451210744,-0.03010958143195377
18097340600,NA,2024,33.432965432118095,-0.8018154925177446
18097340600,NA,2025,34.830251304337324,-0.6998855890026678
18097340600,NA,2026,34.82712756393021,-0.7008079560889772
18097340600,NA,2027,36.21801587680346,-0.5984400668588115
18097340600,NA,2028,37.60562316029051,-0.4972421264431334
18097340800,NA,2024,74.89959158346832,0.9678893352075368
18097340800,NA,2025,73.39360968374837,0.9356978878401608
18097340800,NA,2026,73.39361837538242,0.9317343728516985
18097340800,NA,2027,71.88765383779669,0.8888673968318408
18097340800,NA,2028,70.3816979707625,0.843789108075522
18097340901,NA,2024,42.34726451664558,-0.4213727222741457
18097340901,NA,2025,39.57964490637887,-0.49845008060904356
18097340901,NA,2026,39.74187174100708,-0.4927639329960041
18097340901,NA,2027,37.21829897605363,-0.5567315269250642
18097340901,NA,2028,34.81639941470146,-0.6113630571685224
18097340902,NA,2024,51.03384594561788,-0.05064844306291102
18097340902,NA,2025,55.566710589740055,0.17960757758669763
18097340902,NA,2026,53.37051014498682,0.08414437813601464
18097340902,NA,2027,55.67441148639155,0.2128281169759488
18097340902,NA,2028,55.81438648559128,0.24776838815894944
18097340904,NA,2024,48.13938599762216,-0.1741776572538439
18097340904,NA,2025,44.41505444232171,-0.2933663878729144
18097340904,NA,2026,44.8655504983951,-0.2758755857459541
18097340904,NA,2027,41.76575084681488,-0.36711762852908236
18097340904,NA,2028,39.00964501393997,-0.43979665224958725
18097341000,NA,2024,93.17803008499811,1.7479730763195116
18097341000,NA,2025,92.67096941174772,1.7533064254073873
18097341000,NA,2026,92.64872010062038,1.7468141987085832
18097341000,NA,2027,92.08645250022612,1.731091364483783
18097341000,NA,2028,91.48607351555071,1.7072734317545202
18097341100,NA,2024,38.70540900735221,-0.5767991428647808
18097341100,NA,2025,37.665872136776656,-0.5796187145645418
18097341100,NA,2026,37.65974088177125,-0.580901761732207
18097341100,NA,2027,36.60875186564858,-0.5821476516350461
18097341100,NA,2028,35.55233485357699,-0.5812523005929375
18097341200,NA,2024,7.169925739057855,-1.9226645330427359
18097341200,NA,2025,6.633282297973355,-1.8958005337052253
18097341200,NA,2026,6.632854384336582,-1.8942881880455604
18097341200,NA,2027,6.095266887833724,-1.8544603675741718
18097341200,NA,2028,5.557145058482519,-1.8085037830579807
18097341600,NA,2024,17.07694136563638,-1.4998547939838243
18097341600,NA,2025,17.29073319140491,-1.4437872413186634
18097341600,NA,2026,17.313843347622818,-1.4421556182776352
18097341600,NA,2027,17.56872887521052,-1.3760544564500508
18097341600,NA,2028,17.84273520321364,-1.305839561858586
18097341700,NA,2024,45.109326208278546,-0.30349397582593113
18097341700,NA,2025,43.72534656601286,-0.3226188921605439
18097341700,NA,2026,43.72875590287879,-0.32399677223306594
18097341700,NA,2027,42.35012499849976,-0.34275113402360774
18097341700,NA,2028,40.97406725809125,-0.3594224279892612
18097341701,NA,2024,41.2569001708136,-0.4679070855897283
18097341701,NA,2025,33.044314462054864,-0.7756323318351488
18097341701,NA,2026,38.19645240927938,-0.5581824458532718
18097341701,NA,2027,35.26606871534471,-0.638133155973566
18097341701,NA,2028,37.361042326644686,-0.5072491373247071
18097341702,NA,2024,60.382826212059115,0.3483455684450813
18097341702,NA,2025,54.88779426044778,0.15081277399557447
18097341702,NA,2026,55.3281227185679,0.16701127431440893
18097341702,NA,2027,50.447258789470595,-0.005127087068538126
18097341702,NA,2028,45.90151478076012,-0.15781619318047022
18097341902,NA,2024,52.245557817607725,0.001064767021885059
18097341902,NA,2025,48.85314398768784,-0.10513418419053903
18097341902,NA,2026,48.9542120452601,-0.10280012817834279
18097341902,NA,2027,45.70751844744484,-0.20275878701344827
18097341902,NA,2028,42.5369681988775,-0.29547642499248655
18097341903,NA,2024,23.140581065046668,-1.241071925793241
18097341903,NA,2025,21.621584305998994,-1.2601033294040234
18097341903,NA,2026,21.59698239525879,-1.2608478132665553
18097341903,NA,2027,20.019616924727103,-1.2738604254172017
18097341903,NA,2028,18.40507047925736,-1.2828316460600364
18097341904,NA,2024,28.14461960649208,-1.0275105154051194
18097341904,NA,2025,28.196791742564933,-0.9812297796925683
18097341904,NA,2026,28.459174229513803,-0.9703671809087437
18097341904,NA,2027,28.9076400697606,-0.9032588741617739
18097341904,NA,2028,29.55292097167869,-0.8267179779491509
18097342000,NA,2024,43.82495331023035,-0.3583081994374509
18097342000,NA,2025,43.11441996726907,-0.34853005478902005
18097342000,NA,2026,43.29168266100144,-0.34249834064644663
18097342000,NA,2027,42.87630328323826,-0.320811217196324
18097342000,NA,2028,42.59870072481184,-0.2929506422090878
18097342200,NA,2024,35.224209953997345,-0.7253690976160714
18097342200,NA,2025,31.87072350796312,-0.8254077158719678
18097342200,NA,2026,31.929487970109435,-0.8234667511049388
18097342200,NA,2027,28.68528133062037,-0.9125305077203135
18097342200,NA,2028,25.492748013347462,-0.9928397233428539
18097342300,NA,2024,61.2850975942659,0.3868525358357166
18097342300,NA,2025,59.7177879283854,0.3556667641177624
18097342300,NA,2026,59.81401199962915,0.3569016164271295
18097342300,NA,2027,58.42011721362175,0.3273150827722773
18097342300,NA,2028,57.1071780435426,0.3006628811377381
18097342400,NA,2024,67.2600529622498,0.6418505509037906
18097342400,NA,2025,64.6333672812217,0.5641506904788357
18097342400,NA,2026,64.62791800648459,0.5606771002313135
18097342400,NA,2027,61.990836041522336,0.47620240170960126
18097342400,NA,2028,59.34876077300555,0.39237711087237864
18097342500,NA,2024,58.25383227451253,0.25748476786482094
18097342500,NA,2025,55.680471759131095,0.18443251754995674
18097342500,NA,2026,56.13617947553783,0.20121679398145145
18097342500,NA,2027,54.2963830696992,0.15536883040943983
18097342500,NA,2028,52.803853979942026,0.12459262211757277
18097342600,NA,2024,58.58448240503747,0.2715961915948878
18097342600,NA,2025,59.58316668013398,0.34995708792447894
18097342600,NA,2026,59.58316913706019,0.3471299017455915
18097342600,NA,2027,60.5818583170612,0.4174526300394609
18097342600,NA,2028,61.58054994507313,0.4836906377638574
18097350100,NA,2024,28.52473001903952,-1.01128823511401
18097350100,NA,2025,30.86771927915165,-0.8679480238946058
18097350100,NA,2026,30.66810508179395,-0.8768618335936206
18097350100,NA,2027,32.51071221913548,-0.7530225273325346
18097350100,NA,2028,34.00129216777069,-0.644713123762446
18097350300,NA,2024,23.818133758193675,-1.2121554601101152
18097350300,NA,2025,24.181082538620327,-1.1515476124175348
18097350300,NA,2026,24.14733968157837,-1.1528896833917306
18097350300,NA,2027,24.460078470514915,-1.0887076743154451
18097350300,NA,2028,24.747505272572255,-1.0233312876456828
18097350400,NA,2024,48.78563537381311,-0.14659714861093553
18097350400,NA,2025,51.45093428627422,0.005045609977465074
18097350400,NA,2026,51.419662870524895,0.0015638610641345795
18097350400,NA,2027,54.02977803301204,0.14425227067995913
18097350400,NA,2028,56.61424905350094,0.280494719578795
18097350500,NA,2024,15.939798811146254,-1.5483855488407035
18097350500,NA,2025,19.686689317186666,-1.342167817719363
18097350500,NA,2026,18.533740849104536,-1.3905166367100794
18097350500,NA,2027,20.947961970961448,-1.2351514674610122
18097350500,NA,2028,22.36094075216448,-1.1209774391012046
18097350600,NA,2024,4.24333228229253,-2.047565135043079
18097350600,NA,2025,4.069834788839659,-2.0045237509219986
18097350600,NA,2026,4.071331043954508,-2.0027189835822257
18097350600,NA,2027,3.900404963134646,-1.9459789449689076
18097350600,NA,2028,3.730672551164451,-1.8832338016909793
18097350700,NA,2024,9.0517417226696,-1.842352746428288
18097350700,NA,2025,9.87555553240162,-1.7582863556747168
18097350700,NA,2026,9.88243674481196,-1.756731447900572
18097350700,NA,2027,10.716415007023352,-1.6617735761913481
18097350700,NA,2028,11.555557777341567,-1.5630790682305093
18097350800,NA,2024,9.653880991081374,-1.8166547606220187
18097350800,NA,2025,10.251374304157768,-1.7423467954495915
18097350800,NA,2026,10.260998999934658,-1.7407066841063115
18097350800,NA,2027,10.879518414894427,-1.654972696514764
18097350800,NA,2028,11.509767215116437,-1.5649525864765215
18097350900,NA,2024,48.52735922396386,-0.1576198092828268
18097350900,NA,2025,51.34423230079895,5.200704050908728e-4
18097350900,NA,2026,51.54948836205929,0.007059450780648186
18097350900,NA,2027,54.66199475131549,0.17061364403707024
18097350900,NA,2028,57.92917437855428,0.3342948143782103
18097351000,NA,2024,49.516434693528026,-0.11540823347042244
18097351000,NA,2025,51.39634069187471,0.002730137863683494
18097351000,NA,2026,51.48614725381044,0.004378184266569465
18097351000,NA,2027,53.56796237093567,0.12499606511357361
18097351000,NA,2028,55.76741540198877,0.24584656894800402
18097351200,NA,2024,11.04979377538217,-1.7570802588421066
18097351200,NA,2025,12.22649665640698,-1.6585761483939525
18097351200,NA,2026,12.164152079019956,-1.6601450904873782
18097351200,NA,2027,13.165273543665704,-1.559664169220251
18097351200,NA,2028,14.011614503457432,-1.4625896471355013
18097351500,NA,2024,49.24893541258285,-0.1268245171867262
18097351500,NA,2025,52.31400123777762,0.04165077365122156
18097351500,NA,2026,52.221956094670134,0.03552540698343445
18097351500,NA,2027,55.126343242519624,0.18997546030996443
18097351500,NA,2028,57.95614213205396,0.3353981984770384
18097351600,NA,2024,80.41328977456283,1.203201903724336
18097351600,NA,2025,83.05800496666492,1.3455928218575106
18097351600,NA,2026,82.98486752145044,1.3377376126829594
18097351600,NA,2027,85.49814966608203,1.456380643029521
18097351600,NA,2028,87.95012434084646,1.5626002726172994
18097351700,NA,2024,49.110037398898726,-0.13275238034301645
18097351700,NA,2025,50.65869519611961,-0.028555539404215544
18097351700,NA,2026,50.98554175670449,-0.016812742025411446
18097351700,NA,2027,53.002757745416744,0.1014288772725853
18097351700,NA,2028,55.26655090844426,0.22535372671510928
18097352100,NA,2024,20.82778807599716,-1.339776867529062
18097352100,NA,2025,21.885507739534113,-1.2489095738499911
18097352100,NA,2026,22.132289714712,-1.238187938343747
18097352100,NA,2027,23.55105186138779,-1.1266111165069994
18097352100,NA,2028,25.155238300416283,-1.0066489140287844
18097352300,NA,2024,3.006594080800947,-2.100346414084771
18097352300,NA,2025,2.4134636432781953,-2.074775238112128
18097352300,NA,2026,2.4327494087854986,-2.072081111755004
18097352300,NA,2027,1.882450982510224,-2.0301210385906336
18097352300,NA,2028,1.356639998310201,-1.9803672084076505
18097352400,NA,2024,23.931272939186943,-1.2073269275432776
18097352400,NA,2025,21.02035528847349,-1.285603189587056
18097352400,NA,2026,20.916179085939692,-1.2896666193534259
18097352400,NA,2027,17.82816740900576,-1.3652367164969685
18097352400,NA,2028,14.657858739012632,-1.436148601036526
18097352500,NA,2024,57.50063350008139,0.22533989303265056
18097352500,NA,2025,55.87527573612992,0.19269471719729508
18097352500,NA,2026,55.88634989301584,0.1906413602329494
18097352500,NA,2027,54.28422171698178,0.1548617417004102
18097352500,NA,2028,52.694354546948944,0.1201124590518328
18097352600,NA,2024,39.55918764303696,-0.5403617397381028
18097352600,NA,2025,38.102007739731846,-0.5611209432128319
18097352600,NA,2026,38.1074464535663,-0.5619501205151904
18097352600,NA,2027,36.661598307272406,-0.5799441275302439
18097352600,NA,2028,35.22168115709002,-0.5947809777564521
18097352700,NA,2024,72.30433131884882,0.8571293085119199
18097352700,NA,2025,75.35228293904981,1.0187708811564118
18097352700,NA,2026,75.15927596914281,1.006475701387958
18097352700,NA,2027,77.73821283705395,1.1328166086481621
18097352700,NA,2028,80.00544821227236,1.2375443012064506
18097352800,NA,2024,20.68598634176248,-1.3458286551217877
18097352800,NA,2025,20.735278192120848,-1.2976941331151917
18097352800,NA,2026,21.213250757333896,-1.2770914000872702
18097352800,NA,2027,21.874336703899548,-1.1965246651374233
18097352800,NA,2028,22.917040693171533,-1.098224641680625
18097353300,NA,2024,78.23100870295282,1.1100669249154564
18097353300,NA,2025,79.46528246426747,1.1932150775752597
18097353300,NA,2026,79.4733476225065,1.1890929018646974
18097353300,NA,2027,80.72183892848328,1.2572240769689158
18097353300,NA,2028,81.97693626306989,1.3182076225433634
18097353500,NA,2024,50.61865145140401,-0.06836803515543785
18097353500,NA,2025,50.5122340324739,-0.034767380626685246
18097353500,NA,2026,51.26973410662463,-0.004782712042284788
18097353500,NA,2027,52.29891306999675,0.07208085192464504
18097353500,NA,2028,53.89621765315547,0.1692866196051767
18097353600,NA,2024,28.486074046578615,-1.0129379873951525
18097353600,NA,2025,28.645209362855343,-0.96221109249068415
18097353600,NA,2026,28.70207447913174,-0.9600850699137298
18097353600,NA,2027,28.962475789372416,-0.9009724036586336
18097353600,NA,2028,29.2700100080037,-0.8382932639182542
18097354200,NA,2024,59.202228262062704,0.2979602324381106
18097354200,NA,2025,58.68478978030303,0.3118543272965228
18097354200,NA,2026,58.68045133284442,0.30891732405280836
18097354200,NA,2027,58.15715251873445,0.3163503134123886
18097354200,NA,2028,57.63050327973799,0.32207470337722227
18097354201,NA,2024,66.51469628173199,0.6100403594723685
18097354201,NA,2025,65.389342973120975,0.5962138043394126
18097354201,NA,2026,66.41763774644859,0.6364369936246815
18097354201,NA,2027,66.34049769632811,0.6575690937628315
18097354201,NA,2028,67.27211976347645,0.7165608927915862
18097354202,NA,2024,70.95626918067411,0.799596967556716
18097354202,NA,2025,72.37407409103274,0.8924564368987632
18097354202,NA,2026,72.45266056416733,0.8919030730825258
18097354202,NA,2027,74.00340750172028,0.9770874179917295
18097354202,NA,2028,75.61598122108744,1.0579495092093663
18097354400,NA,2024,88.03130666663873,1.5283221877424384
18097354400,NA,2025,90.4924257774428,1.6609080938929663
18097354400,NA,2026,90.34590554398422,1.6493346987512538
18097354400,NA,2027,92.5712734476025,1.751306815349166
18097354400,NA,2028,94.68501033619482,1.8381577496156978
18097354500,NA,2024,65.44739911167282,0.564490452721401
18097354500,NA,2025,64.9669106259539,0.5782972276680384
18097354500,NA,2026,64.88227581297987,0.5714442163744482
18097354500,NA,2027,64.24709959808007,0.5702812267145325
18097354500,NA,2028,63.5393581235788,0.5638351628479723
18097354700,NA,2024,44.779428996317314,-0.3175732666399462
18097354700,NA,2025,44.7653494028887,-0.2785093662440468
18097354700,NA,2026,44.76251185451347,-0.28023727238412394
18097354700,NA,2027,44.74285499649855,-0.24298210388902128
18097354700,NA,2028,44.720455049243775,-0.2061391848429616
18097354800,NA,2024,34.070611174441126,-0.7746021681337257
18097354800,NA,2025,34.55852169092476,-0.7114104272051351
18097354800,NA,2026,33.933527644183876,-0.7386345683482052
18097354800,NA,2027,33.5657048540023,-0.7090327783563328
18097354800,NA,2028,32.718441495878636,-0.6972008859541786
18097354900,NA,2024,33.71322213682405,-0.789854749883168
18097354900,NA,2025,33.178228489594304,-0.7699526509161259
18097354900,NA,2026,33.178379679452405,-0.7706004275980036
18097354900,NA,2027,32.64368635922156,-0.7474779397691802
18097354900,NA,2028,32.10914220400142,-0.7221303317863068
18097355000,NA,2024,45.4266757479536,-0.289950192196429
18097355000,NA,2025,42.83794339934717,-0.3602562250509107
18097355000,NA,2026,44.02187855226029,-0.3115887174005418
18097355000,NA,2027,42.953635965900304,-0.31758669677264434
18097355000,NA,2028,42.82844555241907,-0.28355064566978405
18097355100,NA,2024,55.05644358551569,0.1210272181625846
18097355100,NA,2025,55.69071391097703,0.18486691680952622
18097355100,NA,2026,55.475945038598205,0.1732686804079919
18097355100,NA,2027,55.56275362240063,0.20817234854131939
18097355100,NA,2028,55.252120340054205,0.22476330083114293
18097355300,NA,2024,59.683445039800965,0.31849751105917523
18097355300,NA,2025,58.32324571463238,0.2965201986103343
18097355300,NA,2026,58.30910095750405,0.2931978433882326
18097355300,NA,2027,56.92176119652976,0.2648385280642163
18097355300,NA,2028,55.52133240912567,0.2357780973075923
18097355400,NA,2024,46.750392904651065,-0.2334568417560049
18097355400,NA,2025,44.44268401728748,-0.29219453774924015
18097355400,NA,2026,44.66538547106169,-0.28434868954720344
18097355400,NA,2027,42.94446290837008,-0.3179691833273015
18097355400,NA,2028,41.67738336722484,-0.33064628943264157
18097355500,NA,2024,83.6202000634378,1.3400658144652182
18097355500,NA,2025,85.60734836401228,1.453717842932591
18097355500,NA,2026,85.45134984480116,1.442145265848497
18097355500,NA,2027,87.07398585250405,1.5220878678738639
18097355500,NA,2028,88.47042938059575,1.583888523691169
18097355600,NA,2024,37.25835927783825,-0.6385560575202556
18097355600,NA,2025,35.74770562880555,-0.6609736996621538
18097355600,NA,2026,35.26514863069872,-0.6822662656882785
18097355600,NA,2027,33.09464490825102,-0.7286744403750993
18097355600,NA,2028,30.553739186724467,-0.7857695576696493
18097355700,NA,2024,73.82866020480907,0.9221843283893233
18097355700,NA,2025,74.72841031291735,0.9923106400924075
18097355700,NA,2026,74.68703331989924,0.9864853911937964
18097355700,NA,2027,75.51914524121726,1.040288733783517
18097355700,NA,2028,76.31947388099944,1.0867328713310314
18097355900,NA,2024,85.59923491119088,1.4245266893751276
18097355900,NA,2025,83.40728548416809,1.360406818024304
18097355900,NA,2026,84.90591595705256,1.4190567273101695
18097355900,NA,2027,84.68608747929393,1.4225203007207017
18097355900,NA,2028,85.64099773854262,1.4681224891714912
18097356200,NA,2024,51.803298029427694,-0.017809912567292873
18097356200,NA,2025,51.31141038821129,-8.720017629652449e-4
18097356200,NA,2026,51.42435267101041,0.0017623830879381168
18097356200,NA,2027,51.111315212560434,0.022561898041243287
18097356200,NA,2028,50.88377294338644,0.0460326158411251
18097356400,NA,2024,38.59657822951705,-0.5814438022165451
18097356400,NA,2025,35.7996307893077,-0.6587714035417238
18097356400,NA,2026,35.82574280239682,-0.6585359833784651
18097356400,NA,2027,33.08562515922087,-0.7290505344657607
18097356400,NA,2028,30.37703768948586,-0.792999289367341
18097356900,NA,2024,69.98215937446899,0.7580240934944841
18097356900,NA,2025,68.87973799741246,0.7442515445491326
18097356900,NA,2026,69.1531976839989,0.7522348610852866
18097356900,NA,2027,68.39263724642986,0.7431366140370437
18097356900,NA,2028,67.85424464341197,0.740378499106499
18097357000,NA,2024,92.94175528542988,1.7378893851134904
18097357000,NA,2025,94.11098552077252,1.8143816702326911
18097357000,NA,2026,94.16456225823605,1.8109806923208434
18097357000,NA,2027,95.42758086818948,1.8704055107124236
18097357000,NA,2028,96.73414513514513,1.9219979832318808
18097357100,NA,2024,76.75536521677762,1.0470896913215297
18097357100,NA,2025,77.28631161180043,1.1007986265039238
18097357100,NA,2026,77.4952372496673,1.1053583217400866
18097357100,NA,2027,78.3761496471103,1.1594164911588114
18097357100,NA,2028,79.42016006741943,1.2135972700875666
18097357200,NA,2024,66.75504164968403,0.6202977736259502
18097357200,NA,2025,67.57569728823165,0.6889434093996464
18097357200,NA,2026,67.43547011569832,0.6795224388286496
18097357200,NA,2027,67.91358602442934,0.723161741885253
18097357200,NA,2028,68.16190115850868,0.7529662479029482
18097357300,NA,2024,46.11776848717101,-0.2604558669881285
18097357300,NA,2025,43.43885621066809,-0.3347697760868491
18097357300,NA,2026,43.72120582889701,-0.32431637132291163
18097357300,NA,2027,41.52380807134958,-0.3772058524726247
18097357300,NA,2028,39.55008276396104,-0.4176846724813545
18097357400,NA,2024,41.14104720064982,-0.4728514367374881
18097357400,NA,2025,38.234462666908165,-0.555503146957004
18097357400,NA,2026,38.2285981081529,-0.556821699438438
18097357400,NA,2027,35.31056106163542,-0.6362779703732062
18097357400,NA,2028,32.38692301490202,-0.7107649457258443
18097357500,NA,2024,86.6857243326739,1.470895679402264
18097357500,NA,2025,86.73871810805136,1.5017025034319258
18097357500,NA,2026,86.54547182401886,1.4884600952901959
18097357500,NA,2027,86.36589236544727,1.4925626809504087
18097357500,NA,2028,86.02439026756046,1.483808972664925
18097357600,NA,2024,66.90961343500048,0.6268945590433654
18097357600,NA,2025,66.93177966106127,0.6616330019116405
18097357600,NA,2026,66.93175847746173,0.6582000277484819
18097357600,NA,2027,66.95387904904037,0.6831450938605964
18097357600,NA,2028,66.97597463961394,0.7044441319119965
18097357601,NA,2024,59.6871569800185,0.3186559285416881
18097357601,NA,2025,55.35857702046154,0.1707800314083022
18097357601,NA,2026,55.21337569503172,0.16215396505185264
18097357601,NA,2027,50.71774029677603,0.006151108831448154
18097357601,NA,2028,46.09546844457492,-0.14988059006969506
18097357602,NA,2024,43.93338291918731,-0.3536806610951918
18097357602,NA,2025,42.36528995177788,-0.38030282372914875
18097357602,NA,2026,42.86089187962772,-0.3607339687970167
18097357602,NA,2027,41.87645753065727,-0.36250152120163254
18097357602,NA,2028,41.315214001262234,-0.3454644284181707
18097357800,NA,2024,78.30860575158734,1.1133785970800671
18097357800,NA,2025,78.21994872617752,1.1403968747326796
18097357800,NA,2026,78.22565859499335,1.136277488589783
18097357800,NA,2027,78.14895258198429,1.1499431152008035
18097357800,NA,2028,78.07853714502336,1.1587048446131014
18097357900,NA,2024,70.22843632027549,0.768534654405816
18097357900,NA,2025,69.76250627273934,0.7816922983030005
18097357900,NA,2026,69.78435263190615,0.7789520227170356
18097357900,NA,2027,69.35184490849298,0.7831324423259612
18097357900,NA,2028,68.93574146016476,0.7846278797808014
18097358000,NA,2024,90.5368380728456,1.6352527831903934
18097358000,NA,2025,91.74592027613016,1.7140724181770524
18097358000,NA,2026,92.18073556118344,1.7270041368168814
18097358000,NA,2027,94.10009753806462,1.8150537892573664
18097358000,NA,2028,96.35332277009464,1.9064166578508195
18097358100,NA,2024,67.96181696456162,0.6718003022600293
18097358100,NA,2025,66.30346521775627,0.6349843705445128
18097358100,NA,2026,66.49541937539828,0.6397295359069216
18097358100,NA,2027,65.13262021957414,0.607204545954284
18097358100,NA,2028,63.914089280505046,0.5791672667954788
18097360101,NA,2024,42.789157233115944,-0.4025137085019636
18097360101,NA,2025,43.85584342680061,-0.3170841431590602
18097360101,NA,2026,43.86111123549773,-0.3183940928496131
18097360101,NA,2027,44.938654402097086,-0.2348179078393907
18097360101,NA,2028,46.021806336771455,-0.15289447101596884
18097360102,NA,2024,17.73431623775747,-1.4717994735299296
18097360102,NA,2025,18.740264798537456,-1.3823084167188535
18097360102,NA,2026,18.46685553053259,-1.3933479317399338
18097360102,NA,2027,19.078119324894868,-1.3131178019234793
18097360102,NA,2028,19.48345546541749,-1.2387095857572374
18097360201,NA,2024,15.33184196857254,-1.5743318159766972
18097360201,NA,2025,13.138695449435104,-1.6198871613302808
18097360201,NA,2026,13.152681098052858,-1.6183000734012452
18097360201,NA,2027,10.984465528551958,-1.650596744462592
18097360201,NA,2028,8.827856202853063,-1.6746828228285457
18097360202,NA,2024,24.225251799268857,-1.1947805533570286
18097360202,NA,2025,24.656334835163666,-1.1313907890436428
18097360202,NA,2026,24.67325954007789,-1.1306271852342369
18097360202,NA,2027,25.136827936570867,-1.0604894307489032
18097360202,NA,2028,25.61606692450809,-0.9877941371148045
18097360301,NA,2024,19.66844147988575,-1.389255242274494
18097360301,NA,2025,15.083701035269556,-1.5373938533756426
18097360301,NA,2026,15.327889580825302,-1.5262222138998995
18097360301,NA,2027,11.1380696623231,-1.6441919535067269
18097360301,NA,2028,7.134749698348824,-1.7439561790506108
18097360302,NA,2024,17.64798233150822,-1.4754840156512978
18097360302,NA,2025,17.805580926789325,-1.4219510609528403
18097360302,NA,2026,17.7172246085324,-1.4250802513131924
18097360302,NA,2027,17.669873709340155,-1.371837047042104
18097360302,NA,2028,17.496905716195272,-1.3199891556275452
18097360401,NA,2024,13.516596802781828,-1.651802505819647
18097360401,NA,2025,10.475667142808623,-1.7328338879568825
18097360401,NA,2026,10.430673430157958,-1.7335242652849399
18097360401,NA,2027,7.2745583851053155,-1.805287761794516
18097360401,NA,2028,4.03413998091095,-1.870817449083097
18097360404,NA,2024,17.37592829543574,-1.4870946863454202
18097360404,NA,2025,16.870516539924328,-1.4616098439326208
18097360404,NA,2026,16.935873514758896,-1.458155304487866
18097360404,NA,2027,16.519599461615734,-1.419799728238996
18097360404,NA,2028,16.153554488978525,-1.3749522945953345
18097360405,NA,2024,22.816310566421755,-1.2549110807997474
18097360405,NA,2025,22.354476248467183,-1.229019264068775
18097360405,NA,2026,22.06485885911339,-1.241042326278071
18097360405,NA,2027,21.153221944463947,-1.226592796612683
18097360405,NA,2028,20.02355561022515,-1.2166114190870871
18097360407,NA,2024,25.37035960723257,-1.1459098589189833
18097360407,NA,2025,23.14168971445589,-1.1956312659320067
18097360407,NA,2026,23.372891415913035,-1.1856725357765765
18097360407,NA,2027,21.47092326465065,-1.2133456886590002
18097360407,NA,2028,19.74410396567585,-1.228045167211145
18097360501,NA,2024,40.319649681549805,-0.5079068846952558
18097360501,NA,2025,38.51795183337469,-0.5434795521244505
18097360501,NA,2026,38.59602567973144,-0.5412682733734531
18097360501,NA,2027,36.937569273060554,-0.5684370391312117
18097360501,NA,2028,35.346413971387754,-0.5896775417620591
18097360502,NA,2024,26.8041042250095,-1.08472077730564
18097360502,NA,2025,23.728295692111377,-1.170751611130396
18097360502,NA,2026,23.820020225003613,-1.1667453092654092
18097360502,NA,2027,20.95350748884321,-1.234920237468025
18097360502,NA,2028,18.211849275214984,-1.290737280620931
18097360601,NA,2024,54.43890124680495,0.09467186303549376
18097360601,NA,2025,52.28069575241071,0.040238191764073686
18097360601,NA,2026,52.28264275356326,0.03809430908887547
18097360601,NA,2027,50.12845597110925,-0.018420123900394034
18097360601,NA,2028,47.976348887364786,-0.07292447385499182
18097360602,NA,2024,44.75153733380408,-0.3187636217371464
18097360602,NA,2025,42.72062058120037,-0.365232224831054
18097360602,NA,2026,42.63286854612004,-0.3703863311485043
18097360602,NA,2027,40.46676003376982,-0.42128130503233857
18097360602,NA,2028,38.23469276902446,-0.47150377922258324
18097360700,NA,2024,79.43137961007255,1.161296127446601
18097360700,NA,2025,77.23793743701444,1.0987469379500525
18097360700,NA,2026,78.12409747034587,1.1319783462132464
18097360700,NA,2027,77.2234146182467,1.111351203421342
18097360700,NA,2028,76.9888536006851,1.1141205044458122
18097360800,NA,2024,28.60275604981868,-1.0079582549305697
18097360800,NA,2025,24.935682742031972,-1.1195428369988756
18097360800,NA,2026,24.988043022345774,-1.117302214555259
18097360800,NA,2027,21.409799261386834,-1.2158943600630763
18097360800,NA,2028,17.872847589090114,-1.3046075153051246
18097360900,NA,2024,54.23860949786785,0.08612384965833136
18097360900,NA,2025,55.34349611487289,0.17014040661852284
18097360900,NA,2026,54.65099186569486,0.13834792547742655
18097360900,NA,2027,54.78079492316897,0.17556722339435543
18097360900,NA,2028,54.38536534986617,0.18930006976279992
18097361000,NA,2024,86.88239805081626,1.4792892831454973
18097361000,NA,2025,85.97991529300594,1.4695194831083453
18097361000,NA,2026,85.9899052494665,1.4649426341362768
18097361000,NA,2027,85.10562089452982,1.4400134746191955
18097361000,NA,2028,84.2298626828913,1.4103859787230821
18097361100,NA,2024,85.8480850834826,1.435147069959686
18097361100,NA,2025,86.19393042876693,1.478596483518969
18097361100,NA,2026,86.26303352522729,1.4765043153270803
18097361100,NA,2027,86.7702194216954,1.50942179931846
18097361100,NA,2028,87.37738770125712,1.5391667856215607
18097361200,NA,2024,79.16552703380985,1.1499501214812715
18097361200,NA,2025,77.76680009512987,1.121177531691976
18097361200,NA,2026,78.0101024570475,1.1271528699881062
18097361200,NA,2027,77.00519214687294,1.1022520387263113
18097361200,NA,2028,76.18618265098378,1.0812792682448773
18097361300,NA,2024,70.33428689301519,0.773052125128204
18097361300,NA,2025,67.90858980021272,0.703062342890969
18097361300,NA,2026,68.05903343068313,0.7059182421560546
18097361300,NA,2027,65.8854611710513,0.6385955560713035
18097361300,NA,2028,63.8293751990848,0.5757011949780014
18097361400,NA,2024,75.87900964178705,1.0096887538494494
18097361400,NA,2025,76.65675837060365,1.0740974541380843
18097361400,NA,2026,76.65754556087674,1.069898337910127
18097361400,NA,2027,77.43660287253915,1.1202404576976848
18097361400,NA,2028,78.21627132434858,1.1643402307172634
18097361401,NA,2024,23.904016470193632,-1.2084901739715777
18097361401,NA,2025,18.88682094192157,-1.376092547131187
18097361401,NA,2026,19.28448613082374,-1.3587371456319037
18097361401,NA,2027,14.70241104988554,-1.4955705530131094
18097361401,NA,2028,10.484073732437489,-1.6069187769147741
18097361402,NA,2024,74.34904737257474,0.9443933135071351
18097361402,NA,2025,70.46561943993945,0.8115133597185721
18097361402,NA,2026,72.46745662583501,0.8925293991097549
18097361402,NA,2027,70.69620594499314,0.839187909041607
18097361402,NA,2028,70.82253426244962,0.8618258998475777
18097361600,NA,2024,51.226049495061886,-0.04244561633388081
18097361600,NA,2025,49.325458858536734,-0.08510194552949817
18097361600,NA,2026,49.316313396090855,-0.08747216418265907
18097361600,NA,2027,47.40180262902433,-0.13211266743040506
18097361600,NA,2028,45.48042830624549,-0.17504492230751734
18097361601,NA,2024,36.61399825125558,-0.6660559755357521
18097361601,NA,2025,33.602985670575734,-0.7519374713239232
18097361601,NA,2026,34.01540084851178,-0.735168827264196
18097361601,NA,2027,31.68136162573229,-0.78760373976126
18097361601,NA,2028,29.664889523952255,-0.8221367910086479
18097370201,NA,2024,72.27910227110445,0.8560525879842076
18097370201,NA,2025,69.25964358332546,0.7603644383735286
18097370201,NA,2026,69.56246857891189,0.7695595397348277
18097370201,NA,2027,66.99222643862521,0.6847440548258005
18097370201,NA,2028,64.6491862940929,0.6092437192481605
18097370202,NA,2024,76.88410505812261,1.0525840259200876
18097370202,NA,2025,76.28581107817485,1.0583645074297896
18097370202,NA,2026,76.45652000993333,1.0613888076363411
18097370202,NA,2027,76.08076983145708,1.063706645839965
18097370202,NA,2028,75.83963310071914,1.0671002131291991
18097370203,NA,2024,45.66053684455816,-0.2799695125489545
18097370203,NA,2025,41.31874153387206,-0.42468996665383385
18097370203,NA,2026,41.59269549483328,-0.41441747061491274
18097370203,NA,2027,37.67406655762717,-0.5377275065724089
18097370203,NA,2028,33.961449554484325,-0.6463432820163195
18097370204,NA,2024,89.93917123347674,1.6097456708648845
18097370204,NA,2025,85.97257067672453,1.469207976705935
18097370204,NA,2026,87.17760945053926,1.5152188542878955
18097370204,NA,2027,84.826378059468,1.428369959952078
18097370204,NA,2028,83.40957755068943,1.3768240592481333
18097370301,NA,2024,79.4285812137377,1.1611766980171219
18097370301,NA,2025,79.73089642912316,1.204480533448227
18097370301,NA,2026,79.73089642912761,1.1999950949273932
18097370301,NA,2027,80.0332116445221,1.2285105671694467
18097370301,NA,2028,80.33552685992112,1.2510494502794947
18097370302,NA,2024,71.58372034577184,0.8263752097021562
18097370302,NA,2025,69.94517211801545,0.7894396847048196
18097370302,NA,2026,69.94540464016059,0.7857694493250641
18097370302,NA,2027,68.30738931965031,0.7395820537720356
18097370302,NA,2028,66.6696941904439,0.6919126847745807
18097370303,NA,2024,54.96264998265833,0.11702431252033202
18097370303,NA,2025,51.62100915598397,0.012258976717639375
18097370303,NA,2026,51.21522997008813,-0.007089904325689979
18097370303,NA,2027,47.31465558584051,-0.1357464146500322
18097370303,NA,2028,43.103650905035295,-0.27229063433837336
18097370304,NA,2024,65.58840626071105,0.5705083291574035
18097370304,NA,2025,64.45668124027964,0.5566569248604373
18097370304,NA,2026,64.1319865210614,0.5396840276137924
18097370304,NA,2027,62.60469552472457,0.5017983382879984
18097370304,NA,2028,60.80811196603111,0.4520863818359068
18097370306,NA,2024,74.4884041176837,0.950340754316408
18097370306,NA,2025,72.55942390620905,0.9003176582207136
18097370306,NA,2026,71.5653730903588,0.8543436703872429
18097370306,NA,2027,68.34887165447718,0.7413117317201768
18097370306,NA,2028,64.34514949138561,0.5968040707780089
18097380100,NA,2024,62.73992311652212,0.4489413043031015
18097380100,NA,2025,60.224540186919235,0.3771595919144525
18097380100,NA,2026,60.300897160273784,0.3775117527750653
18097380100,NA,2027,57.88276443636806,0.3049092260849094
18097380100,NA,2028,55.52581237936257,0.23596139503473434
18097380101,NA,2024,67.3045850400085,0.6437510824954028
18097380101,NA,2025,64.26671754381232,0.5486000154988343
18097380101,NA,2026,63.00935195622268,0.49216224358653293
18097380101,NA,2027,58.66261261750504,0.33742634951685996
18097380101,NA,2028,53.107904063114425,0.13703281395719807
18097380102,NA,2024,35.446157048848704,-0.7158968814819584
18097380102,NA,2025,33.68960254956683,-0.7482637991634309
18097380102,NA,2026,32.15943759216726,-0.8137328478216815
18097380102,NA,2027,28.819610868680304,-0.9069294044859848
18097380102,NA,2028,24.0008832665339,-1.0538792845082148
18097380103,NA,2024,60.80528209358563,0.36637506065188996
18097380103,NA,2025,51.785570676883815,0.01923850640122662
18097380103,NA,2026,55.515357287064695,0.1749370241578766
18097380103,NA,2027,50.85037895106016,0.011681707732014518
18097380103,NA,2028,49.39495400827324,-0.01488232611195177
18097380200,NA,2024,68.38166909141589,0.6897186719174201
18097380200,NA,2025,67.23665653709224,0.6745637113172288
18097380200,NA,2026,67.23852382961483,0.6711855862451245
18097380200,NA,2027,66.09737870063712,0.6474318252755087
18097380200,NA,2028,64.95824315482072,0.6218887631063673
18097380300,NA,2024,51.573145506779,-0.0276323183969334
18097380300,NA,2025,49.56851162337392,-0.07479337535110539
18097380300,NA,2026,49.60731264422666,-0.07515399417869953
18097380300,NA,2027,47.70443294259354,-0.11949397125516652
18097380300,NA,2028,45.87954017823326,-0.15871528279156752
18097380301,NA,2024,74.98363471904827,0.9714761122515659
18097380301,NA,2025,75.07770438562218,1.0071252111744786
18097380301,NA,2026,75.83547068276029,1.0350994228974775
18097380301,NA,2027,76.88802957487432,1.0973667419372242
18097380301,NA,2028,78.55080085912711,1.1780274875837773
18097380302,NA,2024,63.52974154675678,0.48264902587926756
18097380302,NA,2025,62.28739551750619,0.4646512481293982
18097380302,NA,2026,62.2878037069846,0.46161868013366064
18097380302,NA,2027,61.046267609941026,0.4368169815437517
18097380302,NA,2028,59.80513335744294,0.41104956917763624
18097380402,NA,2024,72.20556968592116,0.8529143782219999
18097380402,NA,2025,70.86951271185863,0.8286436406308203
18097380402,NA,2026,71.10076987197921,0.8346767418125143
18097380402,NA,2027,70.31669505268071,0.8233635437002648
18097380402,NA,2028,69.88795818189068,0.8235877727286118
18097380403,NA,2024,82.30583363317811,1.2839715325590717
18097380403,NA,2025,80.49029892740724,1.2366889880710417
18097380403,NA,2026,80.53450547899531,1.2340123405264989
18097380403,NA,2027,78.78633860129457,1.1765200315353326
18097380403,NA,2028,77.07135195854194,1.1174959200598615
18097380404,NA,2024,87.13322001294166,1.489993815403625
18097380404,NA,2025,85.63507999544231,1.4548940215658572
18097380404,NA,2026,85.68438961350269,1.4520099768638643
18097380404,NA,2027,84.31094520751617,1.4068780925948137
18097380404,NA,2028,83.02667674875455,1.3611576947402986
18097380501,NA,2024,72.98937831271694,0.8863656145437193
18097380501,NA,2025,70.37839268626485,0.8078138210102167
18097380501,NA,2026,70.70869892449691,0.8180801470940066
18097380501,NA,2027,68.63876689796719,0.7533994170452315
18097380501,NA,2028,66.82285820949575,0.6981793818925439
18097380502,NA,2024,54.986845681604535,0.11805693198348788
18097380502,NA,2025,52.838831601646966,0.06391034614085248
18097380502,NA,2026,52.69302493160737,0.0554660290095516
18097380502,NA,2027,50.32579001505682,-0.01019193844125268
18097380502,NA,2028,47.84919830628578,-0.0781268326395668
18097380600,NA,2024,43.90069969912906,-0.35507550937900384
18097380600,NA,2025,41.825015656065574,-0.4032174180011491
18097380600,NA,2026,41.82496993684344,-0.40458515633030434
18097380600,NA,2027,39.749193559001576,-0.45120148461992216
18097380600,NA,2028,37.673370548030675,-0.4944702459314506
18097380700,NA,2024,51.91698768778391,-0.012957886831678983
18097380700,NA,2025,49.812605821152175,-0.06444063499194444
18097380700,NA,2026,49.88416948503687,-0.06343448062769619
18097380700,NA,2027,47.948831432186005,-0.10930335204890781
18097380700,NA,2028,46.12035907785644,-0.14886219122631658
18097380800,NA,2024,77.47143593443873,1.0776500219694165
18097380800,NA,2025,75.46445718875765,1.0235285152697138
18097380800,NA,2026,75.46627343074113,1.019471085214473
18097380800,NA,2027,73.46315199805889,0.9545605270887652
18097380800,NA,2028,71.46209946753682,0.8879936737952754
18097380901,NA,2024,64.08841506070817,0.5064919884379621
18097380901,NA,2025,61.19975966122944,0.4185214682008478
18097380901,NA,2026,61.21372297263511,0.41615220842126593
18097380901,NA,2027,58.351554562753286,0.3244562440456662
18097380901,NA,2028,55.50205825887699,0.23498949654768608
18097380902,NA,2024,76.33996538220543,1.0293613357520295
18097380902,NA,2025,74.5065041150159,0.9828989569312646
18097380902,NA,2026,74.50144601937754,0.9786293711763997
18097380902,NA,2027,72.65893180753982,0.9210271704251016
18097380902,NA,2028,70.81219924490938,0.8614030431934205
18097381001,NA,2024,46.2389934339576,-0.2552822516381374
18097381001,NA,2025,44.89403699292157,-0.2730513536440639
18097381001,NA,2026,45.05707474128562,-0.26776825145241673
18097381001,NA,2027,43.917998716048345,-0.2773759181387564
18097381001,NA,2028,42.91037586485896,-0.28019847160162303
18097381002,NA,2024,88.33086194573914,1.5411065512848132
18097381002,NA,2025,87.88076436632936,1.5501399857552225
18097381002,NA,2026,87.96553410486507,1.5485721701623296
18097381002,NA,2027,87.71842726102268,1.5489589709069036
18097381002,NA,2028,87.602741722651,1.548387132574669
18097381003,NA,2024,55.31490564367905,0.13205781299434227
18097381003,NA,2025,55.928542773658165,0.19495392620042165
18097381003,NA,2026,55.93016147932869,0.19249593055160863
18097381003,NA,2027,56.54697089241112,0.2492109958407572
18097381003,NA,2028,57.165336503345515,0.3030424312088858
18097381004,NA,2024,39.64122131212616,-0.536860722324887
18097381004,NA,2025,36.68447604955402,-0.6212425588549432
18097381004,NA,2026,36.69460969580096,-0.6217563347287558
18097381004,NA,2027,33.75752377886242,-0.7010345553596891
18097381004,NA,2028,30.83000003380779,-0.7744663608422199
18097381101,NA,2024,69.24014894094032,0.7263567125591419
18097381101,NA,2025,62.834595180348586,0.4878595672356725
18097381101,NA,2026,64.81138226870299,0.568443250783711
18097381101,NA,2027,60.77987617561175,0.4257093283353152
18097381101,NA,2028,58.40773117213112,0.3538749383371842
18097381102,NA,2024,54.82919308428439,0.11132866425409596
18097381102,NA,2025,51.78950300416528,0.019405287765645905
18097381102,NA,2026,51.787227167421555,0.017123074792569727
18097381102,NA,2027,48.74315114459069,-0.07618281300368321
18097381102,NA,2028,45.69695294696035,-0.16618582896212436
18097381201,NA,2024,63.47201531725342,0.4801853967750911
18097381201,NA,2025,60.48762093203779,0.38831760661737175
18097381201,NA,2026,60.48394143329134,0.38526012493659473
18097381201,NA,2027,57.493554641848,0.2886804481824191
18097381201,NA,2028,54.50034738148236,0.19400455303901126
18097381203,NA,2024,37.81697757780461,-0.6147154513735711
18097381203,NA,2025,35.294244152575914,-0.6802063113711466
18097381203,NA,2026,35.152358487427534,-0.6870407390537114
18097381203,NA,2027,32.390084976552686,-0.7580522895749775
18097381203,NA,2028,29.5163684570144,-0.8282135220052486
18097381204,NA,2024,59.67426127508968,0.31810556808588053
18097381204,NA,2025,59.393896421145215,0.34192958925037326
18097381204,NA,2026,59.00234894790475,0.32254344017367126
18097381204,NA,2027,58.066364285568795,0.3125647404567498
18097381204,NA,2028,56.82480552407748,0.28910962558282133
18097381205,NA,2024,53.852256207643,0.06963513701450817
18097381205,NA,2025,52.536150120387376,0.0510727497722019
18097381205,NA,2026,52.68271214804477,0.055029482791814216
18097381205,NA,2027,51.61671577789204,0.04363545179564873
18097381205,NA,2028,50.66689133090606,0.03715891701627274
18097381206,NA,2024,52.15682075637249,-0.0027223364934328117
18097381206,NA,2025,48.68407802715319,-0.11230476017685309
18097381206,NA,2026,48.6276455130768,-0.11662388231794141
18097381206,NA,2027,45.05124291016188,-0.23012333458485731
18097381206,NA,2028,41.42611142195647,-0.340927066765243
18097381207,NA,2024,62.83826146806033,0.45313816986994354
18097381207,NA,2025,58.47741026452866,0.3030587627064502
18097381207,NA,2026,61.37769496575035,0.42309323971265606
18097381207,NA,2027,60.07080164906125,0.39614323526745887
18097381207,NA,2028,61.51866230652846,0.48115850855683945
18097390101,NA,2024,74.89105760790335,0.9675251238125249
18097390101,NA,2025,73.66243786937692,0.9470996681051921
18097390101,NA,2026,73.66308095709043,0.9431408830487148
18097390101,NA,2027,72.4354992004982,0.9117107600805879
18097390101,NA,2028,71.20840812600845,0.8776139070024628
18097390102,NA,2024,82.55298760168711,1.2945195228794173
18097390102,NA,2025,88.63108214505638,1.5819631311668143
18097390102,NA,2026,88.04139631203854,1.5517834621873947
18097390102,NA,2027,92.55488826967304,1.750623606916969
18097390102,NA,2028,95.84179919306511,1.8854876998240904
18097390103,NA,2024,91.97638222749652,1.6966893763414974
18097390103,NA,2025,93.19439798245187,1.7755065437977051
18097390103,NA,2026,93.23086577866825,1.7714567690079996
18097390103,NA,2027,94.51048311825208,1.8321655282963583
18097390103,NA,2028,95.81875679891732,1.884544921579625
18097390104,NA,2024,65.19905848175569,0.5538918182899285
18097390104,NA,2025,61.68309154071612,0.43902097003733365
18097390104,NA,2026,62.78135675046257,0.4825110718992093
18097390104,NA,2027,60.44506045214862,0.41174860563293564
18097390104,NA,2028,59.13165785069676,0.3834943571684988
18097390200,NA,2024,71.76494362237796,0.8341094224238632
18097390200,NA,2025,70.9676150041527,0.8328044423622964
18097390200,NA,2026,70.5149649755091,0.8098792746365747
18097390200,NA,2027,69.14493761448223,0.7745050835899195
18097390200,NA,2028,67.41047044817331,0.7222215031779236
18097390300,NA,2024,78.337793371225,1.1146242607903014
18097390300,NA,2025,76.8363596337981,1.0817148627571886
18097390300,NA,2026,76.83809295598724,1.0775410157554843
18097390300,NA,2027,75.34020063115288,1.032827327687189
18097390300,NA,2028,73.84411962190762,0.9854538927731622
18097390402,NA,2024,94.54365850661613,1.806255107796952
18097390402,NA,2025,90.10014725348982,1.6442704280085463
18097390402,NA,2026,93.4931171638048,1.7825580249960504
18097390402,NA,2027,92.810366251922,1.76127620479932
18097390402,NA,2028,95.1926624883582,1.858928308514477
18097390403,NA,2024,85.49610022989958,1.4201251269542803
18097390403,NA,2025,85.21637623631297,1.4371355850887697
18097390403,NA,2026,85.21637623631297,1.4321986942530591
18097390403,NA,2027,84.93665224272637,1.432968033417021
18097390403,NA,2028,84.65692824913975,1.4278593420479546
18097390404,NA,2024,87.69016777274572,1.5137631265532356
18097390404,NA,2025,88.80375345908976,1.589286620614469
18097390404,NA,2026,88.34995865500578,1.5648450883662934
18097390404,NA,2027,88.9752163792367,1.6013629744981095
18097390404,NA,2028,89.17858453176724,1.6128626513772226
18097390405,NA,2024,56.146610523169215,0.16755315652926586
18097390405,NA,2025,53.8197511461802,0.10551397887858961
18097390405,NA,2026,53.86391498564342,0.10503049638862319
18097390405,NA,2027,51.61323002259902,0.043490107178762574
18097390405,NA,2028,49.39790004094253,-0.014761789353042138
18097390406,NA,2024,62.26548297938494,0.42869323786784913
18097390406,NA,2025,58.571803101807525,0.3070622357304194
18097390406,NA,2026,58.570746736238696,0.30427346369969005
18097390406,NA,2027,54.874997509650335,0.1794951637375099
18097390406,NA,2028,51.1782335180312,0.05808045348539266
18097390407,NA,2024,82.02018677058368,1.2717807497856464
18097390407,NA,2025,79.65749232841473,1.201367253399586
18097390407,NA,2026,79.65769791605096,1.1968965586463152
18097390407,NA,2027,77.29541189687534,1.1143532549136195
18097390407,NA,2028,74.93332874990257,1.0300188222227793
18097390408,NA,2024,71.43423483815886,0.8199954954825309
18097390408,NA,2025,72.64041242474903,0.9037526153485321
18097390408,NA,2026,69.92004637282893,0.7846960188952665
18097390408,NA,2027,68.2517765295312,0.7372631819653952
18097390408,NA,2028,64.00849485182435,0.5830298653703185
18097390410,NA,2024,85.1879176616388,1.4069725695969195
18097390410,NA,2025,83.40848136528501,1.3604575387985653
18097390410,NA,2026,82.33890812962439,1.3103937701983417
18097390410,NA,2027,79.46735899488546,1.2049163588381473
18097390410,NA,2028,75.54830123992201,1.0551803866338505
18097390411,NA,2024,55.51986491180743,0.140805025872717
18097390411,NA,2025,54.48083491995531,0.13355245225420612
18097390411,NA,2026,51.67353066824729,0.012310234846570746
18097390411,NA,2027,47.72768205106424,-0.11852455932588256
18097390411,NA,2028,41.070515932970174,-0.3554762359486193
18097390500,NA,2024,14.652098611781842,-1.603341774388458
18097390500,NA,2025,15.4223921663041,-1.5230289836922732
18097390500,NA,2026,15.423960981024992,-1.5221554548008314
18097390500,NA,2027,16.19771962941394,-1.4332210665034535
18097390500,NA,2028,16.973442909793757,-1.3414066065441799
18097390600,NA,2024,43.293896264059846,-0.3809725516076808
18097390600,NA,2025,43.45446978469065,-0.3341075592893776
18097390600,NA,2026,43.45415674911674,-0.33562071655819264
18097390600,NA,2027,43.61401962627622,-0.29005085387873736
18097390600,NA,2028,43.77346204676804,-0.2448853496151025
18097390601,NA,2024,79.88549017071125,1.1806765720612677
18097390601,NA,2025,89.06548300219126,1.6003873269348754
18097390601,NA,2026,89.7814127191208,1.6254393841508605
18097390601,NA,2027,99.89735125416378,2.05678034477474
18097390601,NA,2028,100,2.0556202490614606
18097390602,NA,2024,40.33726682913038,-0.5071550234029892
18097390602,NA,2025,38.85935727671251,-0.5289995606119461
18097390602,NA,2026,38.94638522577602,-0.5264373469077148
18097390602,NA,2027,37.60665040850533,-0.5405385399188041
18097390602,NA,2028,36.33285599098654,-0.5493173227006546
18097390700,NA,2024,13.370032206818207,-1.6580575619243738
18097390700,NA,2025,10.238188014244288,-1.7429060641131542
18097390700,NA,2026,10.253223017804537,-1.7410358460214717
18097390700,NA,2027,7.1529705714535865,-1.8103575767148639
18097390700,NA,2028,4.069428887675421,-1.8693736054722674
18097390800,NA,2024,56.94392399538179,0.20158075008932336
18097390800,NA,2025,51.849189002810945,0.021936743460537575
18097390800,NA,2026,52.99404077707814,0.06820820749333978
18097390800,NA,2027,49.21592788170421,-0.05646956638937212
18097390800,NA,2028,46.43666837120757,-0.13592041450029882
18097390802,NA,2024,61.325867570092754,0.3885925091526603
18097390802,NA,2025,60.78175044355025,0.40079248923388355
18097390802,NA,2026,59.37027421284285,0.3381179338924465
18097390802,NA,2027,57.345847829805905,0.28252155629155107
18097390802,NA,2028,53.975421482920666,0.17252723978995532
18097390900,NA,2024,63.928645741823686,0.4996733836660122
18097390900,NA,2025,65.46309215354327,0.5993417202159979
18097390900,NA,2026,65.46302987741127,0.5960278788477543
18097390900,NA,2027,66.99734957465186,0.6849576728742448
18097390900,NA,2028,68.53160475847376,0.7680926496436703
18097391000,NA,2024,65.74267152450093,0.5770920329070846
18097391000,NA,2025,64.93385145121891,0.5768950925266272
18097391000,NA,2026,65.03316150208776,0.5778312966899555
18097391000,NA,2027,64.3383767783477,0.5740871871682139
18097391000,NA,2028,63.73036021542231,0.5716500025596118
18097391001,NA,2024,47.084997133493715,-0.21917666576582848
18097391001,NA,2025,49.44281124484117,-0.08012469167833768
18097391001,NA,2026,44.12716696394225,-0.30713179676293245
18097391001,NA,2027,40.86952212842596,-0.40448744045404283
18097391001,NA,2028,32.57913743545792,-0.7029005036539699
18097391002,NA,2024,75.97761460434444,1.0138969977909402
18097391002,NA,2025,77.2981457502103,1.1013005465145052
18097391002,NA,2026,77.2793316712356,1.0962189111163048
18097391002,NA,2027,78.56450378584898,1.1672702438845728
18097391002,NA,2028,79.8328572735618,1.2304827527768687
