GEOID,value,zscore_raw,zscore
18011810605,1533.9894731666666,0.9719323113356957,0.9719323113356957
18057110805,1183.8185559166668,-0.20916479459436785,-0.20916479459436785
18057110807,1183.8185559166668,-0.20916479459436785,-0.20916479459436785
18057110810,1183.8185559166668,-0.20916479459436785,-0.20916479459436785
18057110813,1183.8185559166668,-0.20916479459436785,-0.20916479459436785
18057110822,1183.8185559166668,-0.20916479459436785,-0.20916479459436785
18057111103,1414.382142711914,0.568506827124873,0.568506827124873
18059410801,1566.338442979678,1.0810426707168235,1.0810426707168235
18059410802,1728.508953583333,1.6280301882565258,1.6280301882565258
18059410901,1559.134928773659,1.0567458220576853,1.0567458220576853
18059410902,1565.6176145,1.0786113767706969,1.0786113767706969
18063210106,1779.9770320833336,1.8016276961293243,1.8016276961293243
18063210108,1779.9770320833334,1.8016276961293234,1.8016276961293234
18063210109,1779.9770320833331,1.8016276961293227,1.8016276961293227
18063210611,1779.9770320833334,1.8016276961293234,1.8016276961293234
18063210616,1779.9770320833334,1.8016276961293234,1.8016276961293234
18063210617,1779.9770320833334,1.8016276961293234,1.8016276961293234
18097310104,1533.9894731666666,0.9719323113356957,0.9719323113356957
18097310105,1533.9894731666666,0.9719323113356957,0.9719323113356957
18097310106,1505.1855584982811,0.8747791253388179,0.8747791253388179
18097310108,1642.943023993705,1.3394234912806782,1.3394234912806782
18097310110,1448.7711515,0.6844980667012147,0.6844980667012147
18097310111,1448.7711515,0.6844980667012147,0.6844980667012147
18097310113,1779.9770320833334,1.8016276961293234,1.8016276961293234
18097310201,1533.9894731666666,0.9719323113356957,0.9719323113356957
18097310203,1533.9894731666666,0.9719323113356957,0.9719323113356957
18097310204,1527.6115675380431,0.9504201710956649,0.9504201710956649
18097310305,1448.7711515,0.6844980667012147,0.6844980667012147
18097310306,1448.7711515,0.6844980667012147,0.6844980667012147
18097310308,399.0258600723619,-2.8562046718523693,-2.8562046718523693
18097310309,1448.7711515,0.6844980667012147,0.6844980667012147
18097310310,1448.7711515,0.6844980667012147,0.6844980667012147
18097310311,175.51811187666652,-3.6100775423352514,-3.6100775423352514
18097310312,1448.7711515,0.6844980667012147,0.6844980667012147
18097320105,1276.76159075,0.10432425903721869,0.10432425903721869
18097320106,1276.76159075,0.10432425903721869,0.10432425903721869
18097320107,1276.76159075,0.10432425903721869,0.10432425903721869
18097320108,1276.76159075,0.10432425903721869,0.10432425903721869
18097320109,1276.76159075,0.10432425903721869,0.10432425903721869
18097320202,1349.28089325,0.34892577814528997,0.34892577814528997
18097320301,1349.28089325,0.34892577814528997,0.34892577814528997
18097320305,1349.28089325,0.34892577814528997,0.34892577814528997
18097320306,1349.28089325,0.34892577814528997,0.34892577814528997
18097320400,1349.28089325,0.34892577814528997,0.34892577814528997
18097320500,1349.28089325,0.34892577814528997,0.34892577814528997
18097320600,1349.28089325,0.34892577814528997,0.34892577814528997
18097320700,1349.2269342715656,0.34874377904105747,0.34874377904105747
18097320800,1283.135171810336,0.12582181287147687,0.12582181287147687
18097320901,1276.76159075,0.10432425903721869,0.10432425903721869
18097320902,1276.76159075,0.10432425903721869,0.10432425903721869
18097320903,1277.4074689848128,0.1065027520997247,0.1065027520997247
18097321001,29.05022283834045,-4.104101435619761,-4
18097321002,0.2601137920215548,-4.201208056412434,-4
18097321100,204.34283010855705,-3.5128541876651957,-3.5128541876651957
18097321200,1312.549587742472,0.22503416837747686,0.22503416837747686
18097321300,1349.28089325,0.34892577814528997,0.34892577814528997
18097321400,1349.28089325,0.34892577814528997,0.34892577814528997
18097321600,1315.8996245765006,0.2363335613724849,0.2363335613724849
18097321700,1357.1711247814787,0.375538866691117,0.375538866691117
18097321800,1260.8693400612517,0.05072103166869627,0.05072103166869627
18097321900,1125.2578280182872,-0.4066852134375866,-0.4066852134375866
18097322000,1124.1200227644133,-0.4105229350365596,-0.4105229350365596
18097322100,1382.211927,0.45999939031977555,0.45999939031977555
18097322200,1382.211927,0.45999939031977555,0.45999939031977555
18097322300,1382.211927,0.45999939031977555,0.45999939031977555
18097322400,1382.211927,0.45999939031977555,0.45999939031977555
18097322500,1382.211927,0.45999939031977555,0.45999939031977555
18097322601,1352.7936113672242,0.3607738814509099,0.3607738814509099
18097322602,1379.4420106194148,0.4506566949112876,0.4506566949112876
18097322700,1083.6193009095875,-0.5471284696894041,-0.5471284696894041
18097330103,1183.8185559166668,-0.20916479459436785,-0.20916479459436785
18097330105,1183.8185559166668,-0.20916479459436785,-0.20916479459436785
18097330106,1183.8185559166668,-0.20916479459436785,-0.20916479459436785
18097330107,1183.8185559166668,-0.20916479459436785,-0.20916479459436785
18097330108,1183.8185559166668,-0.20916479459436785,-0.20916479459436785
18097330109,1183.8185559166668,-0.20916479459436785,-0.20916479459436785
18097330204,1472.8939566666666,0.765862263342718,0.765862263342718
18097330210,1472.8939566666666,0.765862263342718,0.765862263342718
18097330211,1472.8939566666666,0.765862263342718,0.765862263342718
18097330212,1472.8939566666666,0.765862263342718,0.765862263342718
18097330401,1260.4613552815183,0.04934493325826602,0.04934493325826602
18097330500,1085.81941675,-0.5397076636663645,-0.5397076636663645
18097330600,1085.81941675,-0.5397076636663645,-0.5397076636663645
18097330701,1085.81941675,-0.5397076636663645,-0.5397076636663645
18097330702,1413.2459365057173,0.5646744989794703,0.5646744989794703
18097330803,1472.8939566666666,0.765862263342718,0.765862263342718
18097330804,1469.901385757595,0.755768572902197,0.755768572902197
18097330805,1085.81941675,-0.5397076636663645,-0.5397076636663645
18097330806,1085.81941675,-0.5397076636663645,-0.5397076636663645
18097330900,1085.81941675,-0.5397076636663645,-0.5397076636663645
18097331000,1083.718461558295,-0.5467940091461632,-0.5467940091461632
18097340101,1464.549948992156,0.7377186259623849,0.7377186259623849
18097340102,1113.8873445471318,-0.44503689959780374,-0.44503689959780374
18097340108,1049.45928525,-0.6623473346680163,-0.6623473346680163
18097340111,1241.5842058319165,-0.014326107038939004,-0.014326107038939004
18097340112,1194.290846999653,-0.1738426359533586,-0.1738426359533586
18097340113,1759.3950937106658,1.7322065459170308,1.7322065459170308
18097340114,1776.2406130516208,1.7890250684195326,1.7890250684195326
18097340115,1143.1398265833334,-0.3463707335279288,-0.3463707335279288
18097340201,1049.45928525,-0.6623473346680163,-0.6623473346680163
18097340202,1049.45928525,-0.6623473346680163,-0.6623473346680163
18097340301,1049.45928525,-0.6623473346680163,-0.6623473346680163
18097340302,1049.45928525,-0.6623473346680163,-0.6623473346680163
18097340400,922.3402808454362,-1.0911090644828056,-1.0911090644828056
18097340500,917.7478813166668,-1.1065988425469033,-1.1065988425469033
18097340600,917.7478813166668,-1.1065988425469033,-1.1065988425469033
18097340700,918.5980133649592,-1.103731418519283,-1.103731418519283
18097340800,1049.45928525,-0.6623473346680163,-0.6623473346680163
18097340901,1143.1398265833334,-0.3463707335279288,-0.3463707335279288
18097340903,1049.45928525,-0.6623473346680163,-0.6623473346680163
18097340904,1049.45928525,-0.6623473346680163,-0.6623473346680163
18097341000,1043.3955795912204,-0.6827997047878432,-0.6827997047878432
18097341100,917.7478813166668,-1.1065988425469033,-1.1065988425469033
18097341200,917.7478813166668,-1.1065988425469033,-1.1065988425469033
18097341600,917.7478813166668,-1.1065988425469033,-1.1065988425469033
18097341701,917.7478813166668,-1.1065988425469033,-1.1065988425469033
18097341702,1031.2562115063365,-0.7237447741998754,-0.7237447741998754
18097341902,1159.815663198308,-0.2901245366147584,-0.2901245366147584
18097341903,1058.7272958600165,-0.6310871129591855,-0.6310871129591855
18097341904,1049.45928525,-0.6623473346680163,-0.6623473346680163
18097342101,1198.2701587147092,-0.16042075161425756,-0.16042075161425756
18097342200,1233.1973906666667,-0.04261413049171166,-0.04261413049171166
18097342300,1233.1973906666667,-0.04261413049171166,-0.04261413049171166
18097342400,1235.712367159295,-0.03413132592229449,-0.03413132592229449
18097342500,1233.1973906666667,-0.04261413049171166,-0.04261413049171166
18097342600,1280.9151462706282,0.11833385310419611,0.11833385310419611
18097350100,1109.50690425,-0.459811756968235,-0.459811756968235
18097350300,1157.5801647518294,-0.29766468519757694,-0.29766468519757694
18097350400,1382.211927,0.45999939031977555,0.45999939031977555
18097350500,958.0740514,-0.970582056365131,-0.970582056365131
18097350600,958.0740514,-0.970582056365131,-0.970582056365131
18097350700,958.0740514,-0.970582056365131,-0.970582056365131
18097350800,1051.3157343987632,-0.6560856875440059,-0.6560856875440059
18097350900,1382.211927,0.45999939031977555,0.45999939031977555
18097351000,1179.9237483405025,-0.2223016535673761,-0.2223016535673761
18097351200,1109.50690425,-0.459811756968235,-0.459811756968235
18097351500,1165.2944392350546,-0.2716450850033596,-0.2716450850033596
18097351600,1265.9303600912283,0.06779142734119536,0.06779142734119536
18097351700,1325.505699228118,0.26873404471209134,0.26873404471209134
18097351900,958.0740514,-0.970582056365131,-0.970582056365131
18097352100,958.0740514,-0.970582056365131,-0.970582056365131
18097352300,958.0740514,-0.970582056365131,-0.970582056365131
18097352400,959.6696434630858,-0.9652002582913346,-0.9652002582913346
18097352500,1007.1598471424908,-0.8050197882332532,-0.8050197882332532
18097352600,993.4246391985312,-0.8513474915141523,-0.8513474915141523
18097352700,1004.772204056461,-0.8130731079122555,-0.8130731079122555
18097352800,1122.708137858663,-0.4152851042914598,-0.4152851042914598
18097353300,1301.426652333333,0.18751744104799978,0.18751744104799978
18097353500,1301.426652333333,0.18751744104799978,0.18751744104799978
18097353600,1232.3984092453231,-0.045309027748890375,-0.045309027748890375
18097354201,1642.1252063319712,1.3366650609660249,1.3366650609660249
18097354202,1504.220519901079,0.871524131168492,0.871524131168492
18097354400,1221.769982299588,-0.08115781954685297,-0.08115781954685297
18097354500,1010.5633034,-0.793540216007574,-0.793540216007574
18097354700,1010.5633034,-0.793540216007574,-0.793540216007574
18097354800,1010.5633034,-0.793540216007574,-0.793540216007574
18097354900,1010.5633034,-0.793540216007574,-0.793540216007574
18097355000,1010.5633034,-0.793540216007574,-0.793540216007574
18097355100,1010.5633034,-0.793540216007574,-0.793540216007574
18097355300,1005.5216619631364,-0.8105452493123971,-0.8105452493123971
18097355400,1008.1374145952864,-0.8017225352848479,-0.8017225352848479
18097355500,1089.85998969805,-0.5260791503314495,-0.5260791503314495
18097355600,1035.8561425333169,-0.7082295930246049,-0.7082295930246049
18097355700,1097.0819438008446,-0.5017201054485739,-0.5017201054485739
18097355900,1218.6420046206986,-0.09170822565414424,-0.09170822565414424
18097356200,1427.397132961805,0.6124052965882286,0.6124052965882286
18097356400,1113.956088609034,-0.4448050316482888,-0.4448050316482888
18097357000,887.805141068463,-1.2075931916165055,-1.2075931916165055
18097357100,1224.38387975,-0.07234136289155788,-0.07234136289155788
18097357200,1224.38387975,-0.07234136289155788,-0.07234136289155788
18097357300,1224.38387975,-0.07234136289155788,-0.07234136289155788
18097357400,1224.38387975,-0.07234136289155788,-0.07234136289155788
18097357500,1224.38387975,-0.07234136289155788,-0.07234136289155788
18097357601,1224.38387975,-0.07234136289155788,-0.07234136289155788
18097357602,1224.38387975,-0.07234136289155788,-0.07234136289155788
18097357800,409.40073942449715,-2.821211074801498,-2.821211074801498
18097357900,208.5655867579084,-3.498611184000688,-3.498611184000688
18097358100,1429.55617225,0.6196875548491445,0.6196875548491445
18097360101,958.0740514,-0.970582056365131,-0.970582056365131
18097360102,958.0740514,-0.970582056365131,-0.970582056365131
18097360201,1080.2781991910467,-0.5583977252900033,-0.5583977252900033
18097360202,1085.81941675,-0.5397076636663645,-0.5397076636663645
18097360301,871.2237825416667,-1.2635207218699847,-1.2635207218699847
18097360302,875.8663149686771,-1.2478618497489347,-1.2478618497489347
18097360401,1563.750430877623,1.0723135231683805,1.0723135231683805
18097360402,1472.8939566666666,0.765862263342718,0.765862263342718
18097360405,1565.6176145,1.0786113767706969,1.0786113767706969
18097360406,1472.8939566666666,0.765862263342718,0.765862263342718
18097360407,1474.5183138340751,0.7713410836984739,0.7713410836984739
18097360501,1565.6176145,1.0786113767706969,1.0786113767706969
18097360502,1557.5192144514658,1.0512961532932463,1.0512961532932463
18097360601,871.2237825416667,-1.2635207218699847,-1.2635207218699847
18097360602,871.2237825416668,-1.2635207218699842,-1.2635207218699842
18097360700,871.2237825416667,-1.2635207218699847,-1.2635207218699847
18097360800,871.2237825416665,-1.263520721869985,-1.263520721869985
18097360900,913.0847183558708,-1.1223272997264138,-1.1223272997264138
18097361000,871.2237825416667,-1.2635207218699847,-1.2635207218699847
18097361100,871.450761472972,-1.2627551409902897,-1.2627551409902897
18097361200,876.0405220678222,-1.2472742638287544,-1.2472742638287544
18097361300,871.2237825416667,-1.2635207218699847,-1.2635207218699847
18097361401,1726.746151226337,1.6220844038992015,1.6220844038992015
18097361402,1318.350620246841,0.24460056399971694,0.24460056399971694
18097361601,1657.649954854739,1.389028734381662,1.389028734381662
18097361602,1728.508953583333,1.6280301882565258,1.6280301882565258
18097370201,1428.914285633231,0.6175225251791912,0.6175225251791912
18097370203,1233.5030918427865,-0.04158302608923863,-0.04158302608923863
18097370204,1429.55617225,0.6196875548491445,0.6196875548491445
18097370303,1222.9695915100506,-0.07711163839094387,-0.07711163839094387
18097370304,1429.55617225,0.6196875548491445,0.6196875548491445
18097370305,1429.55617225,0.6196875548491445,0.6196875548491445
18097370306,1429.5561722500004,0.6196875548491461,0.6196875548491461
18097380101,1596.341192,1.1822394243368548,1.1822394243368548
18097380102,1596.341192,1.1822394243368548,1.1822394243368548
18097380103,1590.0119190676437,1.1608913180984644,1.1608913180984644
18097380200,893.7797846274921,-1.1874412204820923,-1.1874412204820923
18097380301,1580.6497863416569,1.1293136303943145,1.1293136303943145
18097380302,1200.6900367877545,-0.15225870603028083,-0.15225870603028083
18097380402,1600.9895787499995,1.1979180425978577,1.1979180425978577
18097380403,1224.38387975,-0.07234136289155788,-0.07234136289155788
18097380404,1534.4600739245118,0.973519608183488,0.973519608183488
18097380501,1200.2781818333333,-0.15364785821501964,-0.15364785821501964
18097380502,1200.2781818333333,-0.15364785821501964,-0.15364785821501964
18097380600,1323.2489794128744,0.2611223182340292,0.2611223182340292
18097380700,1405.275253480091,0.5377900542980403,0.5377900542980403
18097380800,1200.2781818333333,-0.15364785821501964,-0.15364785821501964
18097380901,1365.028494393946,0.4020411147429799,0.4020411147429799
18097380902,1600.98957875,1.1979180425978593,1.1979180425978593
18097381002,1357.8836195116114,0.3779420515996722,0.3779420515996722
18097381003,1200.2781818333333,-0.15364785821501964,-0.15364785821501964
18097381004,1200.2781818333333,-0.15364785821501964,-0.15364785821501964
18097381101,1438.488933998246,0.6498170102924241,0.6498170102924241
18097381102,1523.451831213059,0.9363897296944924,0.9363897296944924
18097381203,1200.2781818333333,-0.15364785821501964,-0.15364785821501964
18097381204,1200.2781818333333,-0.15364785821501964,-0.15364785821501964
18097381205,1358.7190278461371,0.38075981377685986,0.38075981377685986
18097381206,1203.1329115996457,-0.14401909437682572,-0.14401909437682572
18097381207,1596.341192,1.1822394243368548,1.1822394243368548
18097390102,1349.5279133568677,0.34975895622763675,0.34975895622763675
18097390103,1538.1873203084194,0.9860912973223056,0.9860912973223056
18097390104,1724.6080108278268,1.6148726358386647,1.6148726358386647
18097390200,1728.508953583333,1.6280301882565258,1.6280301882565258
18097390300,1728.508953583333,1.6280301882565258,1.6280301882565258
18097390405,1600.98957875,1.1979180425978593,1.1979180425978593
18097390406,1728.508953583333,1.6280301882565258,1.6280301882565258
18097390408,1601.9318295334926,1.2010961753856515,1.2010961753856515
18097390409,1600.98957875,1.1979180425978593,1.1979180425978593
18097390410,1600.98957875,1.1979180425978593,1.1979180425978593
18097390411,1600.98957875,1.1979180425978593,1.1979180425978593
18097390500,1109.50690425,-0.459811756968235,-0.459811756968235
18097390601,1085.81941675,-0.5397076636663645,-0.5397076636663645
18097390602,1086.238458705744,-0.5382942703295354,-0.5382942703295354
18097390700,917.7478813166668,-1.1065988425469033,-1.1065988425469033
18097390801,1233.1973906666667,-0.04261413049171166,-0.04261413049171166
18097390802,1305.7268228817006,0.2020215552947479,0.2020215552947479
18097390900,1301.426652333333,0.18751744104799978,0.18751744104799978
18097391001,909.913184631896,-1.1330246167171103,-1.1330246167171103
18097391002,1606.2321296006164,1.215600726488291,1.215600726488291
