GEOID,NAME,value,zscore_raw,zscore
18097310103,"Census Tract 3101.03, Marion County, Indiana",53.14833297336622,0.07324106631043445,0.07324106631043445
18097310104,Census Tract 3101.04; Marion County; Indiana,64.6867900032457,0.5586046183137411,0.5586046183137411
18097310105,Census Tract 3101.05; Marion County; Indiana,38.775510204081634,-0.531349676936181,-0.531349676936181
18097310106,Census Tract 3101.06; Marion County; Indiana,35.531220876048465,-0.6678202455661919,-0.6678202455661919
18097310108,Census Tract 3101.08; Marion County; Indiana,66.08942879296976,0.6176064192820284,0.6176064192820284
18097310110,Census Tract 3101.10; Marion County; Indiana,40.954883924660535,-0.4396746317006148,-0.4396746317006148
18097310111,Census Tract 3101.11; Marion County; Indiana,35.73398712840944,-0.6592909120324734,-0.6592909120324734
18097310112,Census Tract 3101.12; Marion County; Indiana,60.72655866470299,0.392018050954485,0.392018050954485
18097310113,Census Tract 3101.13; Marion County; Indiana,67.76061776061776,0.6879047452458811,0.6879047452458811
18097310201,Census Tract 3102.01; Marion County; Indiana,31.34619553435942,-0.8438627406594256,-0.8438627406594256
18097310203,Census Tract 3102.03; Marion County; Indiana,30.522317188983855,-0.878519065945777,-0.878519065945777
18097310204,Census Tract 3102.04; Marion County; Indiana,13.087121212121213,-1.6119281021184588,-1.6119281021184588
18097310305,Census Tract 3103.05; Marion County; Indiana,8.579009433962264,-1.8015611821575863,-1.8015611821575863
18097310306,Census Tract 3103.06; Marion County; Indiana,5.2576480167500295,-1.9412737772446351,-1.9412737772446351
18097310308,Census Tract 3103.08; Marion County; Indiana,23.31575864089045,-1.181661925130905,-1.181661925130905
18097310309,Census Tract 3103.09; Marion County; Indiana,24.427972929423134,-1.1348767894517464,-1.1348767894517464
18097310310,Census Tract 3103.10; Marion County; Indiana,24.57496136012365,-1.1286937420439824,-1.1286937420439824
18097310311,Census Tract 3103.11; Marion County; Indiana,20.27439024390244,-1.3095966536903718,-1.3095966536903718
18097310312,Census Tract 3103.12; Marion County; Indiana,14.154929577464788,-1.5670108952752995,-1.5670108952752995
18097320105,Census Tract 3201.05; Marion County; Indiana,50.16223231667748,-0.05236883262290605,-0.05236883262290605
18097320106,Census Tract 3201.06; Marion County; Indiana,42.37650200267023,-0.37987446967304905,-0.37987446967304905
18097320107,Census Tract 3201.07; Marion County; Indiana,86.79245283018868,1.4884761775082174,1.4884761775082174
18097320108,Census Tract 3201.08; Marion County; Indiana,41.22935396194857,-0.4281290886638271,-0.4281290886638271
18097320109,Census Tract 3201.09; Marion County; Indiana,76.29213483146067,1.0467817960298897,1.0467817960298897
18097320202,Census Tract 3202.02; Marion County; Indiana,79.93291239147592,1.1999305856823475,1.1999305856823475
18097320203,Census Tract 3202.03; Marion County; Indiana,70.37177541729893,0.7977427202719615,0.7977427202719615
18097320204,"Census Tract 3202.04, Marion County, Indiana",52.69638900576659,0.054230107665566483,0.054230107665566483
18097320205,Census Tract 3202.05; Marion County; Indiana,71.14058355437666,0.8300825250877002,0.8300825250877002
18097320206,Census Tract 3202.06; Marion County; Indiana,38.7905604719764,-0.5307165895601923,-0.5307165895601923
18097320301,Census Tract 3203.01; Marion County; Indiana,86.96575524289887,1.4957661188223756,1.4957661188223756
18097320303,Census Tract 3203.03; Marion County; Indiana,40.62588102621934,-0.4535140917768873,-0.4535140917768873
18097320304,"Census Tract 3203.04, Marion County, Indiana",76.5095401901446,1.0559269214866243,1.0559269214866243
18097320305,Census Tract 3203.05; Marion County; Indiana,79.77888730385165,1.1934515423030336,1.1934515423030336
18097320306,Census Tract 3203.06; Marion County; Indiana,75.07288629737609,0.9954942800521751,0.9954942800521751
18097320400,Census Tract 3204; Marion County; Indiana,61.6581956797967,0.4312072293387947,0.4312072293387947
18097320500,Census Tract 3205; Marion County; Indiana,66.43792888334373,0.6322660259607519,0.6322660259607519
18097320600,Census Tract 3206; Marion County; Indiana,70.29856533540132,0.7946631486013073,0.7946631486013073
18097320700,Census Tract 3207; Marion County; Indiana,86.06143970655663,1.4577262145514465,1.4577262145514465
18097320800,Census Tract 3208; Marion County; Indiana,89.0382626680455,1.582945848557254,1.582945848557254
18097320901,Census Tract 3209.01; Marion County; Indiana,52.15475024485798,0.03144615031177987,0.03144615031177987
18097320902,Census Tract 3209.02; Marion County; Indiana,28.069756330625896,-0.9816856892329576,-0.9816856892329576
18097320903,Census Tract 3209.03; Marion County; Indiana,24.064885496183205,-1.1501500106310376,-1.1501500106310376
18097321001,Census Tract 3210.01; Marion County; Indiana,34.43643512450852,-0.7138722523183969,-0.7138722523183969
18097321002,Census Tract 3210.02; Marion County; Indiana,62.69151138716356,0.4746735074355661,0.4746735074355661
18097321100,Census Tract 3211; Marion County; Indiana,59.894459102902374,0.3570159013698311,0.3570159013698311
18097321200,Census Tract 3212; Marion County; Indiana,87.6753507014028,1.5256151507451894,1.5256151507451894
18097321300,Census Tract 3213; Marion County; Indiana,86.9785575048733,1.4963046441494186,1.4963046441494186
18097321400,Census Tract 3214; Marion County; Indiana,68.57305719171575,0.7220798942319308,0.7220798942319308
18097321600,Census Tract 3216; Marion County; Indiana,45.50337896378444,-0.2483428355391607,-0.2483428355391607
18097321700,Census Tract 3217; Marion County; Indiana,80.49792531120332,1.2236977736986043,1.2236977736986043
18097321800,Census Tract 3218; Marion County; Indiana,92.45339747444378,1.7266030079080397,1.7266030079080397
18097321900,Census Tract 3219; Marion County; Indiana,80.74522413466994,1.2341003634948982,1.2341003634948982
18097322000,Census Tract 3220; Marion County; Indiana,44.46601941747573,-0.2919792171452198,-0.2919792171452198
18097322100,Census Tract 3221; Marion County; Indiana,50.53693459160429,-0.036607034781891236,-0.036607034781891236
18097322200,Census Tract 3222; Marion County; Indiana,70.24432809773124,0.7923816669215447,0.7923816669215447
18097322300,Census Tract 3223; Marion County; Indiana,78.88146911519199,1.1557017739802602,1.1557017739802602
18097322400,Census Tract 3224; Marion County; Indiana,59.19025438910785,0.32739363035563185,0.32739363035563185
18097322500,Census Tract 3225; Marion County; Indiana,32.67716535433071,-0.787875684698858,-0.787875684698858
18097322600,"Census Tract 3226, Marion County, Indiana",10.798752261214926,-1.7081880161979373,-1.7081880161979373
18097322601,Census Tract 3226.01; Marion County; Indiana,6.041666666666667,-1.9082941443721497,-1.9082941443721497
18097322602,Census Tract 3226.02; Marion County; Indiana,30.14991671293726,-0.8941840389446483,-0.8941840389446483
18097322700,Census Tract 3227; Marion County; Indiana,31.55365723438334,-0.8351358937883491,-0.8351358937883491
18097330103,Census Tract 3301.03; Marion County; Indiana,65.2892561983471,0.5839472730256412,0.5839472730256412
18097330105,Census Tract 3301.05; Marion County; Indiana,66.57272924344244,0.6379363839141079,0.6379363839141079
18097330106,Census Tract 3301.06; Marion County; Indiana,34.53679825431462,-0.7096504915537892,-0.7096504915537892
18097330107,Census Tract 3301.07; Marion County; Indiana,84.13765017308084,1.3768022817537922,1.3768022817537922
18097330108,Census Tract 3301.08; Marion County; Indiana,89.8825413774693,1.6184603122524903,1.6184603122524903
18097330109,Census Tract 3301.09; Marion County; Indiana,74.22159320663162,0.9596847574054611,0.9596847574054611
18097330202,"Census Tract 3302.02, Marion County, Indiana",21.718652035799135,-1.2488439870623833,-1.2488439870623833
18097330203,Census Tract 3302.03; Marion County; Indiana,89.04682274247492,1.58330592686926,1.58330592686926
18097330204,Census Tract 3302.04; Marion County; Indiana,56.6290665358836,0.21965762799677674,0.21965762799677674
18097330206,Census Tract 3302.06; Marion County; Indiana,55.16676897892368,0.15814628947951226,0.15814628947951226
18097330208,Census Tract 3302.08; Marion County; Indiana,71.88973521944142,0.8615954832070944,0.8615954832070944
18097330209,"Census Tract 3302.09, Marion County, Indiana",45.5400141656841,-0.24680178098773067,-0.24680178098773067
18097330210,Census Tract 3302.10; Marion County; Indiana,11.454802259887003,-1.6805913664186236,-1.6805913664186236
18097330211,Census Tract 3302.11; Marion County; Indiana,18.661971830985916,-1.3774228046377721,-1.3774228046377721
18097330212,Census Tract 3302.12; Marion County; Indiana,34.5910780669145,-0.7073672189656669,-0.7073672189656669
18097330213,Census Tract 3302.13; Marion County; Indiana,79.62723272068341,1.1870722138561272,1.1870722138561272
18097330401,Census Tract 3304.01; Marion County; Indiana,70.13386396526772,0.7877350089184323,0.7877350089184323
18097330500,Census Tract 3305; Marion County; Indiana,42.781719188252765,-0.36282906646031315,-0.36282906646031315
18097330600,Census Tract 3306; Marion County; Indiana,37.18801996672213,-0.5981272277282932,-0.5981272277282932
18097330700,"Census Tract 3307, Marion County, Indiana",47.445472638857545,-0.16664894163153807,-0.16664894163153807
18097330701,Census Tract 3307.01; Marion County; Indiana,24.11764705882353,-1.1479306030112806,-1.1479306030112806
18097330702,Census Tract 3307.02; Marion County; Indiana,44.641638225255974,-0.2845918370022704,-0.2845918370022704
18097330803,Census Tract 3308.03; Marion County; Indiana,7.459152261425527,-1.8486678146641067,-1.8486678146641067
18097330804,Census Tract 3308.04; Marion County; Indiana,33.99184697397303,-0.732573789565855,-0.732573789565855
18097330805,Census Tract 3308.05; Marion County; Indiana,19.549477071600965,-1.3400900230629929,-1.3400900230629929
18097330806,Census Tract 3308.06; Marion County; Indiana,16.984924623115578,-1.447967556642424,-1.447967556642424
18097330900,Census Tract 3309; Marion County; Indiana,10.528020732102364,-1.7195762994206494,-1.7195762994206494
18097331000,Census Tract 3310; Marion County; Indiana,4.213221601489758,-1.9852074256868917,-1.9852074256868917
18097340101,Census Tract 3401.01; Marion County; Indiana,68.46464217455936,0.7175194319724397,0.7175194319724397
18097340102,Census Tract 3401.02; Marion County; Indiana,38.2646420824295,-0.5528392717310688,-0.5528392717310688
18097340108,Census Tract 3401.08; Marion County; Indiana,12.3948401570387,-1.6410488061267445,-1.6410488061267445
18097340109,"Census Tract 3401.09, Marion County, Indiana",28.14915065283525,-0.9783459783741627,-0.9783459783741627
18097340110,"Census Tract 3401.10, Marion County, Indiana",8.768404614396204,-1.7935943008605741,-1.7935943008605741
18097340111,Census Tract 3401.11; Marion County; Indiana,42.57695450830836,-0.37144246356577293,-0.37144246356577293
18097340112,Census Tract 3401.12; Marion County; Indiana,48.76051853536502,-0.11133172324407149,-0.11133172324407149
18097340113,Census Tract 3401.13; Marion County; Indiana,57.730496453900706,0.2659891206657819,0.2659891206657819
18097340114,Census Tract 3401.14; Marion County; Indiana,57.10933833880807,0.23986019300098924,0.23986019300098924
18097340115,Census Tract 3401.15; Marion County; Indiana,36.279323513366066,-0.636351414649611,-0.636351414649611
18097340201,Census Tract 3402.01; Marion County; Indiana,18.956773726153106,-1.365022004894347,-1.365022004894347
18097340202,Census Tract 3402.02; Marion County; Indiana,43.05070827345514,-0.3515140788925768,-0.3515140788925768
18097340300,"Census Tract 3403, Marion County, Indiana",4.633298828286364,-1.9675369369564042,-1.9675369369564042
18097340301,Census Tract 3403.01; Marion County; Indiana,23.82191384793293,-1.1603705784180012,-1.1603705784180012
18097340302,Census Tract 3403.02; Marion County; Indiana,23.49775784753363,-1.17400615441829,-1.17400615441829
18097340400,Census Tract 3404; Marion County; Indiana,21.218123297846,-1.2698986571541957,-1.2698986571541957
18097340500,Census Tract 3405; Marion County; Indiana,34.843834627189025,-0.6967350502476746,-0.6967350502476746
18097340600,Census Tract 3406; Marion County; Indiana,31.840626596288097,-0.8230645684413352,-0.8230645684413352
18097340700,Census Tract 3407; Marion County; Indiana,34.52048417132216,-0.710336741131908,-0.710336741131908
18097340800,Census Tract 3408; Marion County; Indiana,76.39484978540773,1.0511024859421112,1.0511024859421112
18097340901,Census Tract 3409.01; Marion County; Indiana,44.13296948647978,-0.3059889150696517,-0.3059889150696517
18097340902,"Census Tract 3409.02, Marion County, Indiana",53.912418605530725,0.10538221962943486,0.10538221962943486
18097340903,Census Tract 3409.03; Marion County; Indiana,35.16785910842047,-0.6831050065824544,-0.6831050065824544
18097340904,Census Tract 3409.04; Marion County; Indiana,49.66144731273805,-0.07343428250694245,-0.07343428250694245
18097341000,Census Tract 3410; Marion County; Indiana,93.54640442532268,1.772580189663721,1.772580189663721
18097341100,Census Tract 3411; Marion County; Indiana,39.8841139546113,-0.4847164180240154,-0.4847164180240154
18097341200,Census Tract 3412; Marion County; Indiana,13.600395647873391,-1.590337286063587,-1.590337286063587
18097341600,Census Tract 3416; Marion County; Indiana,16.550615961435458,-1.4662366886548752,-1.4662366886548752
18097341700,"Census Tract 3417, Marion County, Indiana",45.23937114074578,-0.25944828702326117,-0.25944828702326117
18097341701,Census Tract 3417.01; Marion County; Indiana,33.612774451097806,-0.7485194212645411,-0.7485194212645411
18097341702,Census Tract 3417.02; Marion County; Indiana,63.69515011547344,0.5168914276340048,0.5168914276340048
18097341902,Census Tract 3419.02; Marion County; Indiana,55.09478672985782,0.15511836642209506,0.15511836642209506
18097341903,Census Tract 3419.03; Marion County; Indiana,24.461456293395052,-1.1334683165139572,-1.1334683165139572
18097341904,Census Tract 3419.04; Marion County; Indiana,26.48482182138143,-1.0483557336858205,-1.0483557336858205
18097342000,Census Tract 3420; Marion County; Indiana,42.94774992449411,-0.355845007181404,-0.355845007181404
18097342101,Census Tract 3421.01; Marion County; Indiana,37.63385146804836,-0.579373389106863,-0.579373389106863
18097342200,Census Tract 3422; Marion County; Indiana,37.321830457614404,-0.5924985084821586,-0.5924985084821586
18097342300,Census Tract 3423; Marion County; Indiana,61.393003466750706,0.42005195665768086,0.42005195665768086
18097342400,Census Tract 3424; Marion County; Indiana,70.06410256410257,0.7848005055117321,0.7848005055117321
18097342500,Census Tract 3425; Marion County; Indiana,57.32421875,0.24889910690099917,0.24889910690099917
18097342600,Census Tract 3426; Marion County; Indiana,57.58377425044092,0.2598172720689909,0.2598172720689909
18097350100,Census Tract 3501; Marion County; Indiana,25,-1.11081455217875,-1.11081455217875
18097350300,Census Tract 3503; Marion County; Indiana,23.65290412876137,-1.167479948189693,-1.167479948189693
18097350400,Census Tract 3504; Marion County; Indiana,46.51898734177215,-0.20562141373138013,-0.20562141373138013
18097350500,Census Tract 3505; Marion County; Indiana,16.290480863591757,-1.4771792345050863,-1.4771792345050863
18097350600,Census Tract 3506; Marion County; Indiana,4.400880176035207,-1.9773135944693039,-1.9773135944693039
18097350700,Census Tract 3507; Marion County; Indiana,8.188446438586652,-1.8179901589458751,-1.8179901589458751
18097350800,Census Tract 3508; Marion County; Indiana,9.21280276816609,-1.7749007558000076,-1.7749007558000076
18097350900,Census Tract 3509; Marion County; Indiana,44.61028192371476,-0.2859108353617842,-0.2859108353617842
18097351000,Census Tract 3510; Marion County; Indiana,48.72173058013766,-0.11296333305770138,-0.11296333305770138
18097351200,Census Tract 3512; Marion County; Indiana,12.364512244078684,-1.6423245454670223,-1.6423245454670223
18097351500,Census Tract 3515; Marion County; Indiana,47.26952436876101,-0.17405018055990998,-0.17405018055990998
18097351600,Census Tract 3516; Marion County; Indiana,78.84979190314037,1.1543692765658207,1.1543692765658207
18097351700,Census Tract 3517; Marion County; Indiana,45.8302852962692,-0.2345915672113161,-0.2345915672113161
18097351900,Census Tract 3519; Marion County; Indiana,4.681724845995893,-1.9654999034168237,-1.9654999034168237
18097352100,Census Tract 3521; Marion County; Indiana,18.391393442622952,-1.388804646016658,-1.388804646016658
18097352300,Census Tract 3523; Marion County; Indiana,3.8616251005631534,-1.9999972824346144,-1.9999972824346144
18097352400,Census Tract 3524; Marion County; Indiana,27.88376871147637,-0.9895092319497427,-0.9895092319497427
18097352500,Census Tract 3525; Marion County; Indiana,59.46624803767661,0.33900326388399654,0.33900326388399654
18097352600,Census Tract 3526; Marion County; Indiana,41.21168582375479,-0.4288722963811857,-0.4288722963811857
18097352700,Census Tract 3527; Marion County; Indiana,67.90994623655914,0.6941862263235034,0.6941862263235034
18097352800,Census Tract 3528; Marion County; Indiana,18.64520456069752,-1.3781281174749653,-1.3781281174749653
18097353300,Census Tract 3533; Marion County; Indiana,76.89471528062269,1.0721292568225813,1.0721292568225813
18097353500,Census Tract 3535; Marion County; Indiana,46.18789965568126,-0.2195485701032847,-0.2195485701032847
18097353600,Census Tract 3536; Marion County; Indiana,27.54863813229572,-1.003606452043801,-1.003606452043801
18097354200,"Census Tract 3542, Marion County, Indiana",59.306923927040856,0.33230131785623174,0.33230131785623174
18097354201,Census Tract 3542.01; Marion County; Indiana,64.49422946367956,0.5505045866355477,0.5505045866355477
18097354202,Census Tract 3542.02; Marion County; Indiana,68.77384196185287,0.7305258769980457,0.7305258769980457
18097354400,Census Tract 3544; Marion County; Indiana,86.6943866943867,1.4843510394693242,1.4843510394693242
18097354500,Census Tract 3545; Marion County; Indiana,67.4015748031496,0.6728016543640373,0.6728016543640373
18097354700,Census Tract 3547; Marion County; Indiana,45.04041146216018,-0.26781749757313594,-0.26781749757313594
18097354800,Census Tract 3548; Marion County; Indiana,36.55502392344498,-0.6247541161565674,-0.6247541161565674
18097354900,Census Tract 3549; Marion County; Indiana,34.21480878763222,-0.7231949326217689,-0.7231949326217689
18097355000,Census Tract 3550; Marion County; Indiana,43.05293005671078,-0.35142061989628776,-0.35142061989628776
18097355100,Census Tract 3551; Marion County; Indiana,53.24873096446701,0.07746429351043921,0.07746429351043921
18097355300,Census Tract 3553; Marion County; Indiana,61.56599552572707,0.4273288429862171,0.4273288429862171
18097355400,Census Tract 3554; Marion County; Indiana,50.11047282368537,-0.05454608832559544,-0.05454608832559544
18097355500,Census Tract 3555; Marion County; Indiana,80.24285352896534,1.2129682154983836,1.2129682154983836
18097355600,Census Tract 3556; Marion County; Indiana,41.05747126436781,-0.43535930986321886,-0.43535930986321886
18097355700,Census Tract 3557; Marion County; Indiana,73.26869806094183,0.9196013587845678,0.9196013587845678
18097355900,Census Tract 3559; Marion County; Indiana,81.21873578899499,1.2540185638108523,1.2540185638108523
18097356200,Census Tract 3562; Marion County; Indiana,51.48157070585401,0.003128948857477009,0.003128948857477009
18097356400,Census Tract 3564; Marion County; Indiana,41.83764495985727,-0.4025414144512302,-0.4025414144512302
18097356900,Census Tract 3569; Marion County; Indiana,69.99054820415878,0.7817064518340873,0.7817064518340873
18097357000,Census Tract 3570; Marion County; Indiana,91.12820512820512,1.6708589805573821,1.6708589805573821
18097357100,Census Tract 3571; Marion County; Indiana,74.29543245869776,0.9627907950296668,0.9627907950296668
18097357200,Census Tract 3572; Marion County; Indiana,64.98422712933754,0.5711162686707817,0.5711162686707817
18097357300,Census Tract 3573; Marion County; Indiana,45.9215863001352,-0.23075100348402436,-0.23075100348402436
18097357400,Census Tract 3574; Marion County; Indiana,44.4206519152986,-0.2938875946644312,-0.2938875946644312
18097357500,Census Tract 3575; Marion County; Indiana,87.36059479553903,1.5123749883830597,1.5123749883830597
18097357600,"Census Tract 3576, Marion County, Indiana",65.18709151569543,0.5796497301971071,0.5796497301971071
18097357601,Census Tract 3576.01; Marion County; Indiana,64.52851930094104,0.5519469837574289,0.5519469837574289
18097357602,Census Tract 3576.02; Marion County; Indiana,43.693421846710926,-0.3244784239494286,-0.3244784239494286
18097357800,Census Tract 3578; Marion County; Indiana,78.58136300417246,1.1430778531522725,1.1430778531522725
18097357900,Census Tract 3579; Marion County; Indiana,70.55495689655173,0.8054482231135563,0.8054482231135563
18097358000,Census Tract 3580; Marion County; Indiana,85.76835730507192,1.4453977450649365,1.4453977450649365
18097358100,Census Tract 3581; Marion County; Indiana,68.36909871244636,0.7135004098430707,0.7135004098430707
18097360101,Census Tract 3601.01; Marion County; Indiana,41.98152812762385,-0.39648898948662453,-0.39648898948662453
18097360102,Census Tract 3601.02; Marion County; Indiana,18.20245120290513,-1.3967524744269408,-1.3967524744269408
18097360201,Census Tract 3602.01; Marion County; Indiana,17.33198585144012,-1.4333684754909302,-1.4333684754909302
18097360202,Census Tract 3602.02; Marion County; Indiana,23.16417910447761,-1.1880380967467314,-1.1880380967467314
18097360301,Census Tract 3603.01; Marion County; Indiana,22.339093413473577,-1.2227452088550308,-1.2227452088550308
18097360302,Census Tract 3603.02; Marion County; Indiana,16.660953033938977,-1.461595375410888,-1.461595375410888
18097360401,Census Tract 3604.01; Marion County; Indiana,16.31650288037953,-1.4760846220741781,-1.4760846220741781
18097360402,Census Tract 3604.02; Marion County; Indiana,5.63687324820928,-1.925321721881106,-1.925321721881106
18097360404,"Census Tract 3604.04, Marion County, Indiana",15.048903898717494,-1.5294059927446277,-1.5294059927446277
18097360405,Census Tract 3604.05; Marion County; Indiana,25.222288085358624,-1.1014640355196952,-1.1014640355196952
18097360406,Census Tract 3604.06; Marion County; Indiana,3.8451049904554138,-2.000692198514001,-2.000692198514001
18097360407,Census Tract 3604.07; Marion County; Indiana,26.41729982466394,-1.0511960368632982,-1.0511960368632982
18097360501,Census Tract 3605.01; Marion County; Indiana,40.70447006791976,-0.450208254928037,-0.450208254928037
18097360502,Census Tract 3605.02; Marion County; Indiana,30.856445142159423,-0.8644640211718587,-0.8644640211718587
18097360601,Census Tract 3606.01; Marion County; Indiana,56.688298095038725,0.22214919509866718,0.22214919509866718
18097360602,Census Tract 3606.02; Marion County; Indiana,47.355511267821555,-0.17043315389458547,-0.17043315389458547
18097360700,Census Tract 3607; Marion County; Indiana,76.71232876712328,1.0644571941022076,1.0644571941022076
18097360800,Census Tract 3608; Marion County; Indiana,31.752254018032144,-0.8267819483623182,-0.8267819483623182
18097360900,Census Tract 3609; Marion County; Indiana,56.64335664335665,0.22025873933286483,0.22025873933286483
18097361000,Census Tract 3610; Marion County; Indiana,87.61682242990655,1.5231531673385281,1.5231531673385281
18097361100,Census Tract 3611; Marion County; Indiana,86.12147947064811,1.4602517786789049,1.4602517786789049
18097361200,Census Tract 3612; Marion County; Indiana,78.6503433860854,1.1459795030953375,1.1459795030953375
18097361300,Census Tract 3613; Marion County; Indiana,71.36752136752136,0.8396286318840025,0.8396286318840025
18097361400,"Census Tract 3614, Marion County, Indiana",74.0136984217953,0.9509396928834175,0.9509396928834175
18097361401,Census Tract 3614.01; Marion County; Indiana,27.604166666666668,-1.0012706521521841,-1.0012706521521841
18097361402,Census Tract 3614.02; Marion County; Indiana,71.87663355985363,0.8610443637620768,0.8610443637620768
18097361600,"Census Tract 3616, Marion County, Indiana",54.537476163748934,0.13167517681406396,0.13167517681406396
18097361601,Census Tract 3616.01; Marion County; Indiana,36.17398149970478,-0.6407826114546448,-0.6407826114546448
18097361602,Census Tract 3616.02; Marion County; Indiana,42.24583572659391,-0.38537092797065464,-0.38537092797065464
18097370201,Census Tract 3702.01; Marion County; Indiana,73.5399284862932,0.9310106280065278,0.9310106280065278
18097370202,"Census Tract 3702.02, Marion County, Indiana",74.45940884522905,0.9696884383805409,0.9696884383805409
18097370203,Census Tract 3702.03; Marion County; Indiana,48.19738167170191,-0.1350199952291156,-0.1350199952291156
18097370204,Census Tract 3702.04; Marion County; Indiana,88.42406876790831,1.5571098696029286,1.5571098696029286
18097370301,"Census Tract 3703.01, Marion County, Indiana",79.01655831089268,1.1613842817620863,1.1613842817620863
18097370302,"Census Tract 3703.02, Marion County, Indiana",72.97667026441007,0.9073172511052388,0.9073172511052388
18097370303,Census Tract 3703.03; Marion County; Indiana,60.25964204688682,0.3723772699102108,0.3723772699102108
18097370304,Census Tract 3703.04; Marion County; Indiana,67.96619411123228,0.6965522851625058,0.6965522851625058
18097370305,Census Tract 3703.05; Marion County; Indiana,49.020113460546675,-0.10041189967997444,-0.10041189967997444
18097370306,Census Tract 3703.06; Marion County; Indiana,80.64874884151993,1.2300421440256406,1.2300421440256406
18097380100,"Census Tract 3801, Marion County, Indiana",63.02564026261891,0.488728591005052,0.488728591005052
18097380101,Census Tract 3801.01; Marion County; Indiana,74.27566807313643,0.9619594089652763,0.9619594089652763
18097380102,Census Tract 3801.02; Marion County; Indiana,41.958256599140576,-0.3974679030186451,-0.3974679030186451
18097380103,Census Tract 3801.03; Marion County; Indiana,56.38342402678945,0.20932471082871856,0.20932471082871856
18097380200,Census Tract 3802; Marion County; Indiana,69.60542540073983,0.7655063159458275,0.7655063159458275
18097380300,"Census Tract 3803, Marion County, Indiana",60.76968784014518,0.393832273578306,0.393832273578306
18097380301,Census Tract 3803.01; Marion County; Indiana,71.79711412330565,0.8576993899864425,0.8576993899864425
18097380302,Census Tract 3803.02; Marion County; Indiana,64.69455145844799,0.5589311028216731,0.5589311028216731
18097380402,Census Tract 3804.02; Marion County; Indiana,75.33489262173082,1.006515538779129,1.006515538779129
18097380403,Census Tract 3804.03; Marion County; Indiana,83.84279475982532,1.3643992307796016,1.3643992307796016
18097380404,Census Tract 3804.04; Marion County; Indiana,88.91108891108891,1.5775963025791204,1.5775963025791204
18097380501,Census Tract 3805.01; Marion County; Indiana,72.86274509803921,0.9025250052036299,0.9025250052036299
18097380502,Census Tract 3805.02; Marion County; Indiana,58.01587301587302,0.27799344511043605,0.27799344511043605
18097380600,Census Tract 3806; Marion County; Indiana,45.96938775510204,-0.2287402420872839,-0.2287402420872839
18097380700,Census Tract 3807; Marion County; Indiana,54.6141996919199,0.1349025411019279,0.1349025411019279
18097380800,Census Tract 3808; Marion County; Indiana,79.52243125904486,1.1826637552949608,1.1826637552949608
18097380901,Census Tract 3809.01; Marion County; Indiana,66.57077100115075,0.6378540107309416,0.6378540107309416
18097380902,Census Tract 3809.02; Marion County; Indiana,78.24561403508773,1.1289546205749512,1.1289546205749512
18097381001,"Census Tract 3810.01, Marion County, Indiana",42.59620555095063,-0.37063267119817805,-0.37063267119817805
18097381002,Census Tract 3810.02; Marion County; Indiana,89.42541138386835,1.5992312041623142,1.5992312041623142
18097381003,Census Tract 3810.03; Marion County; Indiana,54.58057395143488,0.1334880791163879,0.1334880791163879
18097381004,Census Tract 3810.04; Marion County; Indiana,42.091224326487065,-0.3918746345010629,-0.3918746345010629
18097381101,Census Tract 3811.01; Marion County; Indiana,68.22381930184805,0.7073892521225591,0.7073892521225591
18097381102,Census Tract 3811.02; Marion County; Indiana,57.96263943018411,0.2757541819083517,0.2757541819083517
18097381201,"Census Tract 3812.01, Marion County, Indiana",68.39085698029677,0.7144156682820432,0.7144156682820432
18097381203,Census Tract 3812.03; Marion County; Indiana,41.70514004309018,-0.4081152149076894,-0.4081152149076894
18097381204,Census Tract 3812.04; Marion County; Indiana,63.5626102292769,0.511316156193475,0.511316156193475
18097381205,Census Tract 3812.05; Marion County; Indiana,53.670227334976715,0.09519447831914672,0.09519447831914672
18097381206,Census Tract 3812.06; Marion County; Indiana,56.66744785563627,0.22127213274706425,0.22127213274706425
18097381207,Census Tract 3812.07; Marion County; Indiana,58.01144492131617,0.27780717794341764,0.27780717794341764
18097390101,"Census Tract 3901.01, Marion County, Indiana",75.73781793433609,1.0234645346814157,1.0234645346814157
18097390102,Census Tract 3901.02; Marion County; Indiana,73.76693766937669,0.9405597369691426,0.9405597369691426
18097390103,Census Tract 3901.03; Marion County; Indiana,90.40635502597006,1.640494458790955,1.640494458790955
18097390104,Census Tract 3901.04; Marion County; Indiana,65.15646258503402,0.5783613285900823,0.5783613285900823
18097390200,Census Tract 3902; Marion County; Indiana,74.41035917989826,0.9676251711925734,0.9676251711925734
18097390300,Census Tract 3903; Marion County; Indiana,79.95977589426806,1.20106059510221,1.20106059510221
18097390402,"Census Tract 3904.02, Marion County, Indiana",81.2509072041537,1.2553718498086224,1.2553718498086224
18097390403,"Census Tract 3904.03, Marion County, Indiana",85.77674300447596,1.4457504883163295,1.4457504883163295
18097390404,"Census Tract 3904.04, Marion County, Indiana",88.05833730433751,1.5417254276642527,1.5417254276642527
18097390405,Census Tract 3904.05; Marion County; Indiana,57.99200799200799,0.27698956627968957,0.27698956627968957
18097390406,Census Tract 3904.06; Marion County; Indiana,66.03633114949375,0.6153728744697728,0.6153728744697728
18097390407,Census Tract 3904.07; Marion County; Indiana,84.33681073025335,1.385179942232822,1.385179942232822
18097390408,Census Tract 3904.08; Marion County; Indiana,78.87915297553852,1.1556043458955316,1.1556043458955316
18097390409,Census Tract 3904.09; Marion County; Indiana,68.85817791493358,0.7340734568558064,0.7340734568558064
18097390410,Census Tract 3904.10; Marion County; Indiana,90.24514811031663,1.633713312838214,1.633713312838214
18097390411,Census Tract 3904.11; Marion County; Indiana,65.29032258064517,0.5839921302451673,0.5839921302451673
18097390500,Census Tract 3905; Marion County; Indiana,21.802120141342755,-1.2453329130876978,-1.2453329130876978
18097390600,"Census Tract 3906, Marion County, Indiana",41.191868768903326,-0.4297058979717661,-0.4297058979717661
18097390601,Census Tract 3906.01; Marion County; Indiana,67.60482481332568,0.681351337101366,0.681351337101366
18097390602,Census Tract 3906.02; Marion County; Indiana,41.181930693069305,-0.4301239417166436,-0.4301239417166436
18097390700,Census Tract 3907; Marion County; Indiana,16.947520462205105,-1.4495409573451519,-1.4495409573451519
18097390800,"Census Tract 3908, Marion County, Indiana",54.605805964410976,0.1345494601494462,0.1345494601494462
18097390801,Census Tract 3908.01; Marion County; Indiana,NA,NA,NA
18097390802,Census Tract 3908.02; Marion County; Indiana,66.3214990138067,0.6273684200771025,0.6273684200771025
18097390900,Census Tract 3909; Marion County; Indiana,62.38881829733164,0.46194076571219456,0.46194076571219456
18097391000,"Census Tract 3910, Marion County, Indiana",66.397691167048,0.6305734321542121,0.6305734321542121
18097391001,Census Tract 3910.01; Marion County; Indiana,61.627322953289806,0.4299085724942436,0.4299085724942436
18097391002,Census Tract 3910.02; Marion County; Indiana,75.12506468863205,0.9976891566506866,0.9976891566506866
