GEOID,NEIGH_NAME_max
"18097360800",Irvington
"18097354800",Near Eastside
"18097310110",Northwest High School
"18097310310",Traders Point
"18097330109",I-69/Fall Creek
"18097330804",Lawrence
"18097322602",Millersville
"18097322601",Meadows
"18097320305",Castleton
"18097341702",Speedway
"18097340903",Speedway
"18097310113",Traders Point
"18097354202",Near Eastside
"18097390602",Lawrence-Fort Ben-Oaklandon
"18097341701",Near Westside
"18097310112",Traders Point
"18097390801",Stout Field
"18097390601",Lawrence-Fort Ben-Oaklandon
"18097390406",South Franklin
"18097391002",Downtown
"18097320205",Nora / Far Northside
"18097320306",Keystone at the Crossing
"18097340115",Speedway
"18097370204",Valley Mills
"18097354201",Near Eastside
"18097361601",Southeast Warren
"18097380103",West Newton
"18097330210",Lawrence
"18097330211",Lawrence-Fort Ben-Oaklandon
"18097320206",North Central
"18097340904",Speedway
"18097390802",Valley Mills
"18097357601",University Heights
"18097340302",Speedway
"18097340301",International Marketplace
"18097330213",Lawrence-Fort Ben-Oaklandon
"18097357602",University Heights
"18097330212",Lawrence-Fort Ben-Oaklandon
"18097380102",Sunshine Gardens
"18097370306",Valley Mills
"18097370305",West Newton
"18097330701",Lawrence
"18097380302",University Heights
"18097390409",South Franklin
"18097361402",Southeast
"18097380301",University Heights
"18097380101",Southern Dunes
"18097381206",South Perry
"18097381004",Southport
"18097390411",I-65 / South Emerson
"18097381003",Southport
"18097360407",Far Eastside
"18097330702",Lawrence-Fort Ben-Oaklandon
"18097370203",Maywood
"18097340108",Speedway
"18097340400",International Marketplace
"18097340600",Near Westside
"18097356400",West Indianapolis
"18097356900",Near Southside
"18097357000",Near Southside
"18097357100",Near Southeast
"18097352800",Near Northside
"18097357200",Near Southeast
"18097357300",Near Southeast
"18097357400",Southeast
"18097357500",Southeast
"18097340700",Speedway
"18097340800",Speedway
"18097357800",Near Southside
"18097357900",University Heights
"18097358000",North Perry
"18097358100",West Indianapolis
"18097360101",Near Eastside
"18097360102",Forest Manor
"18097360201",Devington
"18097390200",Wanamaker
"18097390300",Wanamaker
"18097341000",Speedway
"18097341100",Speedway
"18097341200",Near Westside
"18097360301",Far Eastside
"18097360302",Eastside
"18097360401",Far Eastside
"18097360405",Far Eastside
"18097360501",Southeast Warren
"18097360502",Southeast Warren
"18097360601",Southeast Warren
"18097360602",East Warren
"18097360700",Irvington
"18097310111",Northwest High School
"18097341600",Near Westside
"18097341902",Garden City
"18097342101",Garden City
"18097340112",Speedway
"18097340114",Key Meadows
"18097310204",Snacks / Guion Creek
"18097310312",Snacks / Guion Creek
"18097360900",Irvington
"18097361000",Irvington
"18097361200",Southeast
"18097361300",Southeast Warren
"18097310203",Snacks / Guion Creek
"18097340202",Speedway
"18097340201",Speedway
"18097330206",Lawrence-Fort Ben-Oaklandon
"18097330806",Lawrence
"18097310309",Snacks / Guion Creek
"18097330805",Lawrence
"18097341904",Speedway
"18097341903",Garden City
"18097340113",Key Meadows
"18097340111",Key Meadows
"18097342200",Stout Field
"18097310311",Snacks / Guion Creek
"18097355100",Near Eastside
"18097360402",Far Eastside
"18097342300",West Indianapolis
"18097342400",West Indianapolis
"18097342500",West Indianapolis
"18097342600",West Indianapolis
"18097350100",Wynnedale / Spring Hill
"18097350300",Meridian Kessler
"18097350400",Near Northside
"18097370201",Valley Mills
"18097380200",University Heights
"18097380402",University Heights
"18097380501",University Heights
"18097350500",Near Northside
"18097350600",Meadows
"18097351000",Near NW - Riverside
"18097351200",Near Northside
"18097351500",Near Northside
"18097351600",Near Northside
"18097351700",Near Northside
"18097352100",Near Eastside
"18097352300",Near Eastside
"18097352400",Near Eastside
"18097352500",Near Eastside
"18097352600",Near Eastside
"18097352700",Near Eastside
"18097350700",Meadows
"18097322000",Meridian Kessler
"18097342000",Chapel Hill / Ben Davis
"18097380502",University Heights
"18097310201",St Vincent / Greenbriar
"18097310305",Northwest High School
"18097340500",Marian - Cold Springs
"18097354700",Near Eastside
"18097360202",Far Eastside
"18097310104",Traders Point
"18097310105",Park 100
"18097310106",St Vincent / Greenbriar
"18097310108",Eagle Creek
"18097391001",Near Southside
"18097356200",Near Southside
"18097353300",Near Northside
"18097353500",Near Northside
"18097353600",Near Westside
"18097390700",Near Westside
"18097390900",Near Northside
"18097330208",Lawrence-Fort Ben-Oaklandon
"18097390500",Near NW - Riverside
"18097390408",South Franklin
"18097390410",South Franklin
"18097381207",Linden Wood
"18097390103",Poplar Grove
"18097390104",Wanamaker
"18097361401",Southeast Warren
"18097360406",Far Eastside
"18097370303",Camby
"18097390407",South Franklin
"18097370304",West Newton
"18097361602",Southeast Warren
"18097330803",Far Eastside
"18097380404",University Heights
"18097390102",Southeast
"18097380403",Beech Grove
"18097390405",South Perry
"18097330108",I-69/Fall Creek
"18097322200",Meridian Kessler
"18097354500",Near Eastside
"18097321900",Meridian Kessler
"18097350900",Near Northside
"18097361100",Irvington
"18097350800",Near Northside
"18097331000",Forest Manor
"18097351900",Martindale - Brightwood
"18097320202",Ravenswood
"18097320203",Nora / Far Northside
"18097320400",Glendale
"18097320500",Glendale
"18097320600",Ravenswood
"18097320301",North Central
"18097320700",North Central
"18097322500",Millersville
"18097322700",Forest Manor
"18097320903",Delaware Trails
"18097321001",Wynnedale / Spring Hill
"18097321002",Wynnedale / Spring Hill
"18097320800",St Vincent / Greenbriar
"18097321600",Millersville
"18097321700",Millersville
"18097310306",Northwest High School
"18097330103",I-69/Fall Creek
"18097310308",Snacks / Guion Creek
"18097321100",Wynnedale / Spring Hill
"18097321200",Meridian Kessler
"18097321400",Millersville
"18097320106",St Vincent / Greenbriar
"18097320107",Nora / Far Northside
"18097320108",St Vincent / Greenbriar
"18097320109",St Vincent / Greenbriar
"18097320303",Castleton
"18097330105",I-69/Fall Creek
"18097330106",I-69/Fall Creek
"18097330107",Lawrence-Fort Ben-Oaklandon
"18097321800",Meridian Kessler
"18097322100",Meridian Kessler
"18097322300",Meridian Kessler
"18097322400",Millersville
"18097320901",St Vincent / Greenbriar
"18097320902",St Vincent / Greenbriar
"18097340901",Speedway
"18097320105",St Vincent / Greenbriar
"18097321300",Glendale
"18097330203",Lawrence-Fort Ben-Oaklandon
"18097330204",Lawrence-Fort Ben-Oaklandon
"18097330401",Millersville
"18097354400",Near Eastside
"18097354900",Near Eastside
"18097355000",Near Eastside
"18097355300",Near Eastside
"18097355400",Near Eastside
"18097355500",Southeast
"18097355600",Near Southeast
"18097355700",Near Eastside
"18097380600",University Heights
"18097330500",Millersville
"18097330600",Lawrence-Fort Ben-Oaklandon
"18097330900",Lawrence
"18097340101",Chapel Hill / Ben Davis
"18097355900",Fountain Square
"18097380700",Southdale
"18097380800",Homecroft
"18097380901",South Perry
"18097380902",South Perry
"18097381002",Southport
"18097381101",Southdale
"18097381102",South Perry
"18097340102",Chapel Hill / Ben Davis
"18097381203",South Perry
"18097381204",South Perry
"18097381205",Southport
