GEOID,NAME,year,estimate
18097310103,NA,2024,147232.80187586255
18097310103,NA,2025,150134.59071968743
18097310103,NA,2026,152804.4965923955
18097310103,NA,2027,155256.6365512518
18097310103,NA,2028,157505.11802043807
18097310104,NA,2024,71132.62009877981
18097310104,NA,2025,71482.75406510323
18097310104,NA,2026,71596.48759346856
18097310104,NA,2027,71633.35042312939
18097310104,NA,2028,71645.28974972303
18097310105,NA,2024,60752.94150048958
18097310105,NA,2025,61023.02346136926
18097310105,NA,2026,61107.502409653345
18097310105,NA,2027,61133.87374943868
18097310105,NA,2028,61142.100810738135
18097310106,NA,2024,65221.64641833257
18097310106,NA,2025,68757.88665595268
18097310106,NA,2026,71309.09585937762
18097310106,NA,2027,73124.43446525576
18097310106,NA,2028,74403.9077251083
18097310108,NA,2024,127043.4113135461
18097310108,NA,2025,126280.96261510118
18097310108,NA,2026,126039.7416470212
18097310108,NA,2027,125963.21806906974
18097310108,NA,2028,125938.92128278666
18097310110,NA,2024,62238.81535289686
18097310110,NA,2025,62831.451046312446
18097310110,NA,2026,63174.963720552856
18097310110,NA,2027,63373.44599523176
18097310110,NA,2028,63487.92052446592
18097310111,NA,2024,52777.86468640738
18097310111,NA,2025,52740.69873500068
18097310111,NA,2026,52733.01804748757
18097310111,NA,2027,52731.43022709397
18097310111,NA,2028,52731.10195578325
18097310112,NA,2024,158885.21423671243
18097310112,NA,2025,158425.9720105781
18097310112,NA,2026,169989.42632444948
18097310112,NA,2027,169648.75324105524
18097310112,NA,2028,181871.65007394462
18097310113,NA,2024,143282.08531243654
18097310113,NA,2025,177886.15061664843
18097310113,NA,2026,153245.5746216466
18097310113,NA,2027,169831.82433730055
18097310113,NA,2028,158218.60329194108
18097310201,NA,2024,69694.50418563109
18097310201,NA,2025,69826.12165339825
18097310201,NA,2026,69799.12417373901
18097310201,NA,2027,69804.65691666117
18097310201,NA,2028,69803.52285097951
18097310203,NA,2024,59592.5441644992
18097310203,NA,2025,59712.42967087441
18097310203,NA,2026,59726.37977861805
18097310203,NA,2027,59728.00143188302
18097310203,NA,2028,59728.189921920886
18097310204,NA,2024,98384.94564086427
18097310204,NA,2025,99991.70192657967
18097310204,NA,2026,100435.55373201997
18097310204,NA,2027,100557.249461314
18097310204,NA,2028,100590.5478427143
18097310305,NA,2024,46880.7943385794
18097310305,NA,2025,46936.79908387034
18097310305,NA,2026,46943.13078703618
18097310305,NA,2027,46943.84620583494
18097310305,NA,2028,46943.92703558429
18097310306,NA,2024,54390.939757284934
18097310306,NA,2025,54207.87222479365
18097310306,NA,2026,54157.497501086546
18097310306,NA,2027,54143.61426751346
18097310306,NA,2028,54139.78641557791
18097310308,NA,2024,73256.99416650328
18097310308,NA,2025,73271.48413806435
18097310308,NA,2026,78077.78741131301
18097310308,NA,2027,79461.30449906683
18097310308,NA,2028,83613.03635284585
18097310309,NA,2024,41920.098436597626
18097310309,NA,2025,41919.77117573934
18097310309,NA,2026,41919.7675927208
18097310309,NA,2027,41919.76755349195
18097310309,NA,2028,41919.76755306243
18097310310,NA,2024,76791.80118880841
18097310310,NA,2025,76793.76308164354
18097310310,NA,2026,76793.83595314484
18097310310,NA,2027,76793.83865981047
18097310310,NA,2028,76793.83876034404
18097310311,NA,2024,100779.19755613132
18097310311,NA,2025,102141.8326141303
18097310311,NA,2026,102533.87428243126
18097310311,NA,2027,102645.97504244754
18097310311,NA,2028,102677.97290210953
18097310312,NA,2024,54632.292530779574
18097310312,NA,2025,54777.425705561975
18097310312,NA,2026,54758.77136465918
18097310312,NA,2027,54761.165929738236
18097310312,NA,2028,54760.85849982331
18097320105,NA,2024,86102.11820448701
18097320105,NA,2025,87578.4534718532
18097320105,NA,2026,88384.76441319908
18097320105,NA,2027,88822.49187902438
18097320105,NA,2028,89059.35313667172
18097320106,NA,2024,69655.68270713258
18097320106,NA,2025,65251.47633463665
18097320106,NA,2026,63287.73076468512
18097320106,NA,2027,65424.62941107973
18097320106,NA,2028,69283.34363974609
18097320107,NA,2024,118765.536656622
18097320107,NA,2025,118425.57358641844
18097320107,NA,2026,118193.91625051553
18097320107,NA,2027,118035.93976288923
18097320107,NA,2028,117928.15293929522
18097320108,NA,2024,40500.4134215495
18097320108,NA,2025,43618.62996562723
18097320108,NA,2026,42172.55898686284
18097320108,NA,2027,42823.82298151481
18097320108,NA,2028,42526.55652999605
18097320109,NA,2024,69155.10711817046
18097320109,NA,2025,71902.98758091919
18097320109,NA,2026,70498.45341456129
18097320109,NA,2027,71206.0558316314
18097320109,NA,2028,70846.93883949053
18097320202,NA,2024,96710.96289132425
18097320202,NA,2025,95957.4631127465
18097320202,NA,2026,96211.64516843705
18097320202,NA,2027,96125.602928575
18097320202,NA,2028,96154.69468167778
18097320203,NA,2024,53456.79736171918
18097320203,NA,2025,53567.910575104106
18097320203,NA,2026,53591.50633361519
18097320203,NA,2027,53596.51211231224
18097320203,NA,2028,53597.573851934896
18097320204,NA,2024,40037.840912366424
18097320204,NA,2025,40091.33887197428
18097320204,NA,2026,40065.60360169494
18097320204,NA,2027,40077.97723851779
18097320204,NA,2028,40072.0264681567
18097320205,NA,2024,84208.18486510223
18097320205,NA,2025,94891.13311005893
18097320205,NA,2026,101981.82982825219
18097320205,NA,2027,106513.90565127008
18097320205,NA,2028,109345.24312472573
18097320206,NA,2024,44458.078242279014
18097320206,NA,2025,47540.68093837022
18097320206,NA,2026,50867.25212818594
18097320206,NA,2027,54420.068822355104
18097320206,NA,2028,58222.439469377845
18097320301,NA,2024,83485.90259177513
18097320301,NA,2025,83344.27585394503
18097320301,NA,2026,83365.2519128141
18097320301,NA,2027,83362.14260892654
18097320301,NA,2028,83362.60344769075
18097320303,NA,2024,61698.9739376521
18097320303,NA,2025,63090.41782624789
18097320303,NA,2026,63642.74876672987
18097320303,NA,2027,63859.93713130687
18097320303,NA,2028,63945.02567721448
18097320304,NA,2024,101204.72182855144
18097320304,NA,2025,101302.13448509497
18097320304,NA,2026,101352.41470347389
18097320304,NA,2027,101378.35802621336
18097320304,NA,2028,101391.741688123
18097320305,NA,2024,139730.37763465123
18097320305,NA,2025,147350.2717294909
18097320305,NA,2026,158037.56263449317
18097320305,NA,2027,167587.75682587916
18097320305,NA,2028,179072.09080723993
18097320306,NA,2024,70350.9685543809
18097320306,NA,2025,70031.93847184145
18097320306,NA,2026,69962.80666288777
18097320306,NA,2027,69947.79375186819
18097320306,NA,2028,69944.53195995277
18097320400,NA,2024,81347.57592353952
18097320400,NA,2025,88269.9335884411
18097320400,NA,2026,95887.13081248093
18097320400,NA,2027,104145.67468575142
18097320400,NA,2028,113117.9193142827
18097320500,NA,2024,78293.21173347419
18097320500,NA,2025,78295.84408220518
18097320500,NA,2026,78296.12403152781
18097320500,NA,2027,78296.15380354079
18097320500,NA,2028,78296.1569697252
18097320600,NA,2024,68699.90206138535
18097320600,NA,2025,68702.50093313046
18097320600,NA,2026,68702.4411646723
18097320600,NA,2027,68702.4425391922
18097320600,NA,2028,68702.44250758176
18097320700,NA,2024,135279.83697816613
18097320700,NA,2025,142870.22030561598
18097320700,NA,2026,148824.03086750905
18097320700,NA,2027,153438.4068043233
18097320700,NA,2028,156982.7027619513
18097320800,NA,2024,202284.89119842803
18097320800,NA,2025,207473.15606699526
18097320800,NA,2026,210470.06590179502
18097320800,NA,2027,212186.37265805842
18097320800,NA,2028,213164.5156879116
18097320901,NA,2024,93438.75055404611
18097320901,NA,2025,100532.23367742752
18097320901,NA,2026,108175.50908386188
18097320901,NA,2027,116399.07263174026
18097320901,NA,2028,125247.85509220202
18097320902,NA,2024,50337.678196578985
18097320902,NA,2025,50748.626762017564
18097320902,NA,2026,50913.97595007814
18097320902,NA,2027,50980.27915922446
18097320902,NA,2028,51006.82973042627
18097320903,NA,2024,44620.33576014919
18097320903,NA,2025,44623.27247882722
18097320903,NA,2026,44623.202642507655
18097320903,NA,2027,44623.20430318804
18097320903,NA,2028,44623.20426369767
18097321001,NA,2024,80490.46201923289
18097321001,NA,2025,82005.56924840398
18097321001,NA,2026,82786.06057301382
18097321001,NA,2027,83185.35349840164
18097321001,NA,2028,83388.91227467702
18097321002,NA,2024,109884.98613078598
18097321002,NA,2025,114363.67131906326
18097321002,NA,2026,117002.4752947673
18097321002,NA,2027,118536.49340606155
18097321002,NA,2028,119421.44550749967
18097321100,NA,2024,98165.51864468385
18097321100,NA,2025,101875.57874396829
18097321100,NA,2026,104443.0169826871
18097321100,NA,2027,106201.73876475357
18097321100,NA,2028,107398.27498175336
18097321200,NA,2024,140985.4389347748
18097321200,NA,2025,141807.15053871425
18097321200,NA,2026,142016.2044274153
18097321200,NA,2027,142069.2460460157
18097321200,NA,2028,142082.69461236265
18097321300,NA,2024,114324.07904036005
18097321300,NA,2025,116527.4753941391
18097321300,NA,2026,117718.6020613098
18097321300,NA,2027,118358.12751364162
18097321300,NA,2028,118700.24641387907
18097321400,NA,2024,74909.09149284348
18097321400,NA,2025,74920.810126450815
18097321400,NA,2026,74921.81829023523
18097321400,NA,2027,74921.90501667
18097321400,NA,2028,74921.91247718815
18097321600,NA,2024,58225.184464086116
18097321600,NA,2025,57897.208248454706
18097321600,NA,2026,58099.5238666421
18097321600,NA,2027,57974.50500091255
18097321600,NA,2028,58051.67582952807
18097321700,NA,2024,139421.98423869407
18097321700,NA,2025,167363.1361761224
18097321700,NA,2026,193780.94641412492
18097321700,NA,2027,220156.03975212877
18097321700,NA,2028,247644.03051524248
18097321800,NA,2024,137334.4960070793
18097321800,NA,2025,136693.78316531135
18097321800,NA,2026,136449.38853583482
18097321800,NA,2027,136355.97992554048
18097321800,NA,2028,136320.25149942347
18097321900,NA,2024,143686.70200848096
18097321900,NA,2025,143774.47483430605
18097321900,NA,2026,143767.7912722508
18097321900,NA,2027,143768.30004525272
18097321900,NA,2028,143768.26131501477
18097322000,NA,2024,62734.76880616621
18097322000,NA,2025,66231.18903874262
18097322000,NA,2026,69979.29804844533
18097322000,NA,2027,73913.64463846385
18097322000,NA,2028,78080.9591518931
18097322100,NA,2024,110141.92112448944
18097322100,NA,2025,110873.36423053351
18097322100,NA,2026,111154.06831727862
18097322100,NA,2027,111261.48950816381
18097322100,NA,2028,111302.55361063505
18097322200,NA,2024,106502.28547729859
18097322200,NA,2025,108711.92098861223
18097322200,NA,2026,110345.87692891237
18097322200,NA,2027,111548.29650629878
18097322200,NA,2028,112430.04124594177
18097322300,NA,2024,109602.52863583028
18097322300,NA,2025,109879.13269763428
18097322300,NA,2026,109935.95724226462
18097322300,NA,2027,109947.61699083353
18097322300,NA,2028,109950.00884592746
18097322400,NA,2024,57809.39288819582
18097322400,NA,2025,58217.35670697003
18097322400,NA,2026,58454.02321447433
18097322400,NA,2027,58590.99576800684
18097322400,NA,2028,58670.16249291395
18097322500,NA,2024,39916.9265188415
18097322500,NA,2025,39914.58829759385
18097322500,NA,2026,39914.5224166271
18097322500,NA,2027,39914.52056033191
18097322500,NA,2028,39914.52050802797
18097322600,NA,2024,25409.70225772421
18097322600,NA,2025,25409.711094723967
18097322600,NA,2026,25409.710056801592
18097322600,NA,2027,25409.7101787075
18097322600,NA,2028,25409.710164389413
18097322602,NA,2024,62878.404053099875
18097322602,NA,2025,65893.25356614703
18097322602,NA,2026,63760.06129672313
18097322602,NA,2027,65251.6747154859
18097322602,NA,2028,64199.94247886433
18097322700,NA,2024,59661.902588907236
18097322700,NA,2025,59680.395203619126
18097322700,NA,2026,59682.50744127389
18097322700,NA,2027,59682.74866544518
18097322700,NA,2028,59682.77621352168
18097330103,NA,2024,70985.92961733586
18097330103,NA,2025,71048.00116682706
18097330103,NA,2026,71039.81287238836
18097330103,NA,2027,71040.89258415307
18097330103,NA,2028,71040.75020486768
18097330105,NA,2024,68123.95905801532
18097330105,NA,2025,69557.050170552
18097330105,NA,2026,70593.09988174257
18097330105,NA,2027,71338.25862042994
18097330105,NA,2028,71872.24080479445
18097330106,NA,2024,46315.57861322234
18097330106,NA,2025,46073.283814465285
18097330106,NA,2026,45951.62286904056
18097330106,NA,2027,45890.414883254496
18097330106,NA,2028,45859.59057701798
18097330107,NA,2024,128464.4158436197
18097330107,NA,2025,132124.032397387
18097330107,NA,2026,133931.21665376113
18097330107,NA,2027,134814.10327270866
18097330107,NA,2028,135243.1943107994
18097330108,NA,2024,145476.7208473524
18097330108,NA,2025,145466.3621832864
18097330108,NA,2026,145465.5053144591
18097330108,NA,2027,145465.43443175202
18097330108,NA,2028,145465.42856810908
18097330109,NA,2024,86714.22011900145
18097330109,NA,2025,86713.99238957498
18097330109,NA,2026,86713.98989355948
18097330109,NA,2027,86713.98986620194
18097330109,NA,2028,86713.98986590204
18097330202,NA,2024,41258.735265734045
18097330202,NA,2025,41258.83356765767
18097330202,NA,2026,41258.849764704966
18097330202,NA,2027,41258.8524334629
18097330202,NA,2028,41258.85287318915
18097330203,NA,2024,206304.62191693884
18097330203,NA,2025,216547.01787523826
18097330203,NA,2026,234792.1279106515
18097330203,NA,2027,247837.93874103227
18097330203,NA,2028,267473.68027064315
18097330204,NA,2024,118955.16280765459
18097330204,NA,2025,119774.52364077176
18097330204,NA,2026,119546.63310315355
18097330204,NA,2027,119609.81639825425
18097330204,NA,2028,119592.28324520361
18097330206,NA,2024,144055.04967960366
18097330206,NA,2025,146902.1504342969
18097330206,NA,2026,148804.58195388087
18097330206,NA,2027,150068.74942045633
18097330206,NA,2028,150905.7288966036
18097330208,NA,2024,99145.18295027102
18097330208,NA,2025,102776.98006682782
18097330208,NA,2026,105021.58073511218
18097330208,NA,2027,106393.00336801403
18097330208,NA,2028,107225.16457624355
18097330209,NA,2024,95165.99326180488
18097330209,NA,2025,96231.03737758369
18097330209,NA,2026,97017.98054054749
18097330209,NA,2027,97597.93933279089
18097330209,NA,2028,98024.54805916277
18097330210,NA,2024,78548.63276641932
18097330210,NA,2025,78513.52328054818
18097330210,NA,2026,78505.87686057748
18097330210,NA,2027,78504.21120845436
18097330210,NA,2028,78503.84835555016
18097330211,NA,2024,58118.755712121914
18097330211,NA,2025,67292.96234101514
18097330211,NA,2026,76836.804567901
18097330211,NA,2027,86634.5219959202
18097330211,NA,2028,96572.9921612583
18097330212,NA,2024,79295.6557144111
18097330212,NA,2025,78356.2609785589
18097330212,NA,2026,78067.36841976254
18097330212,NA,2027,77978.04487791378
18097330212,NA,2028,77950.38051026018
18097330213,NA,2024,99416.8446157383
18097330213,NA,2025,101642.58783014775
18097330213,NA,2026,102956.56658591566
18097330213,NA,2027,103726.6109262478
18097330213,NA,2028,104175.97045083364
18097330401,NA,2024,104628.9133238217
18097330401,NA,2025,104629.29438948818
18097330401,NA,2026,104629.30297439505
18097330401,NA,2027,104629.30316780138
18097330401,NA,2028,104629.30317215847
18097330500,NA,2024,72390.43102295819
18097330500,NA,2025,72412.02106606174
18097330500,NA,2026,72411.23255477729
18097330500,NA,2027,72411.26134848889
18097330500,NA,2028,72411.26029703613
18097330600,NA,2024,49330.7972685835
18097330600,NA,2025,49344.15989887431
18097330600,NA,2026,49343.379048813906
18097330600,NA,2027,49343.42467190778
18097330600,NA,2028,49343.422006244786
18097330700,NA,2024,37991.359426349016
18097330700,NA,2025,38023.263306367146
18097330700,NA,2026,38044.69866941495
18097330700,NA,2027,38059.097196832256
18097330700,NA,2028,38068.767455692614
18097330702,NA,2024,61621.08386731862
18097330702,NA,2025,69062.74963540328
18097330702,NA,2026,75226.4583793373
18097330702,NA,2027,80206.36225372589
18097330702,NA,2028,84155.46588835648
18097330803,NA,2024,32542.47175897203
18097330803,NA,2025,32508.121345692038
18097330803,NA,2026,32494.428380422047
18097330803,NA,2027,32488.967585113394
18097330803,NA,2028,32486.789417893575
18097330804,NA,2024,67134.14025893317
18097330804,NA,2025,74700.9148185799
18097330804,NA,2026,80089.8939835252
18097330804,NA,2027,83812.47867167146
18097330804,NA,2028,86333.17348142272
18097330805,NA,2024,28801.22130742288
18097330805,NA,2025,28732.09192040848
18097330805,NA,2026,28710.565933586266
18097330805,NA,2027,28703.855747089492
18097330805,NA,2028,28701.76330697899
18097330806,NA,2024,43841.47518269723
18097330806,NA,2025,44842.78914601059
18097330806,NA,2026,45175.39441741819
18097330806,NA,2027,45284.76907699521
18097330806,NA,2028,45320.61768130565
18097330900,NA,2024,34951.61605367599
18097330900,NA,2025,35128.75785325179
18097330900,NA,2026,35062.91452136743
18097330900,NA,2027,35087.33512024354
18097330900,NA,2028,35078.27044703275
18097331000,NA,2024,47466.20448774528
18097331000,NA,2025,47648.56368518344
18097331000,NA,2026,47695.39180947173
18097331000,NA,2027,47707.39531435344
18097331000,NA,2028,47710.47077443366
18097340101,NA,2024,62020.72752727712
18097340101,NA,2025,64974.367516811115
18097340101,NA,2026,63199.790910299314
18097340101,NA,2027,64250.118611405895
18097340101,NA,2028,63622.86448816561
18097340102,NA,2024,36493.64676809382
18097340102,NA,2025,37464.109593591595
18097340102,NA,2026,37078.354925530504
18097340102,NA,2027,37230.00394348697
18097340102,NA,2028,37170.1259345421
18097340108,NA,2024,49960.54429054138
18097340108,NA,2025,54410.32374906613
18097340108,NA,2026,59260.306262962506
18097340108,NA,2027,64542.38999280257
18097340108,NA,2028,70295.2964395773
18097340109,NA,2024,54668.80123415823
18097340109,NA,2025,54668.73055456216
18097340109,NA,2026,54668.751195687844
18097340109,NA,2027,54668.74516769189
18097340109,NA,2028,54668.746928096356
18097340110,NA,2024,49037.38130113736
18097340110,NA,2025,49657.30540493408
18097340110,NA,2026,52331.03901495941
18097340110,NA,2027,53135.77452344055
18097340110,NA,2028,55856.11427971536
18097340111,NA,2024,137922.50249686328
18097340111,NA,2025,149251.67573349728
18097340111,NA,2026,156724.79898556467
18097340111,NA,2027,161536.21645975637
18097340111,NA,2028,164587.72715401647
18097340112,NA,2024,52092.03499908182
18097340112,NA,2025,52135.23370138865
18097340112,NA,2026,52142.832089254625
18097340112,NA,2027,52144.16806259375
18097340112,NA,2028,52144.402941197746
18097340113,NA,2024,57395.328617983294
18097340113,NA,2025,57932.79249213283
18097340113,NA,2026,58198.50986407407
18097340113,NA,2027,58329.414625196376
18097340113,NA,2028,58393.79255191787
18097340114,NA,2024,85390.21026125415
18097340114,NA,2025,82104.59690253455
18097340114,NA,2026,88859.82032416119
18097340114,NA,2027,86174.31200042409
18097340114,NA,2028,92527.55968899615
18097340115,NA,2024,63762.08011645608
18097340115,NA,2025,71839.56605977372
18097340115,NA,2026,80699.33493709003
18097340115,NA,2027,90388.59069354263
18097340115,NA,2028,100954.63016673844
18097340201,NA,2024,72757.6132717082
18097340201,NA,2025,77187.00463727774
18097340201,NA,2026,82918.5783814526
18097340201,NA,2027,88511.71099352655
18097340201,NA,2028,94786.8693711972
18097340202,NA,2024,63743.33179990086
18097340202,NA,2025,70760.5914255763
18097340202,NA,2026,76150.96657686384
18097340202,NA,2027,80184.16110866203
18097340202,NA,2028,83146.53659888134
18097340300,NA,2024,37678.29319080271
18097340300,NA,2025,37739.20750401015
18097340300,NA,2026,37770.55397767898
18097340300,NA,2027,37786.67527334992
18097340300,NA,2028,37794.96382290357
18097340302,NA,2024,71173.75150718754
18097340302,NA,2025,86018.94614471128
18097340302,NA,2026,103147.47566658737
18097340302,NA,2027,124536.7170332744
18097340302,NA,2028,149465.76874237304
18097340400,NA,2024,44324.333486754345
18097340400,NA,2025,44322.309217355934
18097340400,NA,2026,44322.2153312165
18097340400,NA,2027,44322.210976653776
18097340400,NA,2028,44322.2107746832
18097340500,NA,2024,41315.541895953815
18097340500,NA,2025,41341.53949467029
18097340500,NA,2026,41339.121498274195
18097340500,NA,2027,41339.346322266065
18097340500,NA,2028,41339.32541764732
18097340600,NA,2024,47979.570944598905
18097340600,NA,2025,47828.24738044558
18097340600,NA,2026,47779.97012062137
18097340600,NA,2027,47764.54620483578
18097340600,NA,2028,47759.61624278376
18097340700,NA,2024,48577.460357309385
18097340700,NA,2025,51521.19414307373
18097340700,NA,2026,54446.96108480062
18097340700,NA,2027,57687.23060737119
18097340700,NA,2028,61007.858507425146
18097340800,NA,2024,71562.60375158569
18097340800,NA,2025,71842.7106266875
18097340800,NA,2026,71945.11842612969
18097340800,NA,2027,71982.49564666077
18097340800,NA,2028,71996.1293177627
18097340901,NA,2024,101082.54956983347
18097340901,NA,2025,99698.97608412016
18097340901,NA,2026,113331.98434414511
18097340901,NA,2027,113247.19582747942
18097340901,NA,2028,127217.99342136212
18097340902,NA,2024,38071.56015041525
18097340902,NA,2025,38106.89771088286
18097340902,NA,2026,38088.75993004971
18097340902,NA,2027,38098.0663647367
18097340902,NA,2028,38093.29042676906
18097340903,NA,2024,47270.509916281015
18097340903,NA,2025,47266.656987741764
18097340903,NA,2026,47268.93726194341
18097340903,NA,2027,47267.58769418707
18097340903,NA,2028,47268.38641593037
18097340904,NA,2024,55525.46337452903
18097340904,NA,2025,57011.736519954975
18097340904,NA,2026,60145.39094821937
18097340904,NA,2027,61789.272898278236
18097340904,NA,2028,65150.44006285591
18097341000,NA,2024,81732.3784362416
18097341000,NA,2025,81819.15048557872
18097341000,NA,2026,81830.48953427192
18097341000,NA,2027,81831.97050652314
18097341000,NA,2028,81832.16392040624
18097341100,NA,2024,38536.168573731884
18097341100,NA,2025,37892.39018347386
18097341100,NA,2026,37571.99729171527
18097341100,NA,2027,37411.53938503685
18097341100,NA,2028,37330.92444408482
18097341200,NA,2024,43603.56715574313
18097341200,NA,2025,43039.460203894894
18097341200,NA,2026,42682.33751522792
18097341200,NA,2027,42455.380101240065
18097341200,NA,2028,42310.78943734224
18097341600,NA,2024,22872.32458681236
18097341600,NA,2025,22438.366507337258
18097341600,NA,2026,22578.47020953163
18097341600,NA,2027,22532.847920002703
18097341600,NA,2028,22547.66273342482
18097341700,NA,2024,28440.737689220496
18097341700,NA,2025,28848.35448731326
18097341700,NA,2026,28562.745092987796
18097341700,NA,2027,28762.140152375767
18097341700,NA,2028,28622.580105154142
18097341701,NA,2024,47780.71660834587
18097341701,NA,2025,61401.28788563326
18097341701,NA,2026,68573.5238030269
18097341701,NA,2027,87671.7110287303
18097341701,NA,2028,98396.41569902665
18097341902,NA,2024,66507.95410733335
18097341902,NA,2025,66517.61826104515
18097341902,NA,2026,66518.53362293632
18097341902,NA,2027,66518.62031723926
18097341902,NA,2028,66518.62852803651
18097341903,NA,2024,44220.40671115065
18097341903,NA,2025,47802.60937469101
18097341903,NA,2026,49632.85623134057
18097341903,NA,2027,53297.25727322357
18097341903,NA,2028,55646.488463449045
18097341904,NA,2024,100090.06994040668
18097341904,NA,2025,130365.72887339864
18097341904,NA,2026,165247.2154493271
18097341904,NA,2027,205084.49386641313
18097341904,NA,2028,250382.05595025406
18097342000,NA,2024,69660.58279967115
18097342000,NA,2025,69658.94713058397
18097342000,NA,2026,69659.00849831493
18097342000,NA,2027,69659.0061958672
18097342000,NA,2028,69659.00628225242
18097342101,NA,2024,63283.03995998267
18097342101,NA,2025,63302.65577022816
18097342101,NA,2026,63300.87103841666
18097342101,NA,2027,63301.033396134386
18097342101,NA,2028,63301.01862618589
18097342200,NA,2024,65623.52988379047
18097342200,NA,2025,65726.52542576625
18097342200,NA,2026,78560.07909111925
18097342200,NA,2027,81134.30678318065
18097342200,NA,2028,94548.69798254373
18097342300,NA,2024,56339.01854676258
18097342300,NA,2025,59288.622333373365
18097342300,NA,2026,62015.44858490537
18097342300,NA,2027,64521.99948502796
18097342300,NA,2028,66814.52773395581
18097342400,NA,2024,55401.45591524781
18097342400,NA,2025,54748.637649321696
18097342400,NA,2026,54486.14411033393
18097342400,NA,2027,54380.07290597642
18097342400,NA,2028,54337.124334105036
18097342500,NA,2024,49541.105602963034
18097342500,NA,2025,51909.23785561859
18097342500,NA,2026,53663.22489610145
18097342500,NA,2027,54947.48341995083
18097342500,NA,2028,55880.140917165285
18097342600,NA,2024,48926.918678712354
18097342600,NA,2025,50647.408112820354
18097342600,NA,2026,51421.93950754052
18097342600,NA,2027,51765.800318744165
18097342600,NA,2028,51917.529454761025
18097350100,NA,2024,57384.47102871717
18097350100,NA,2025,60660.525640991036
18097350100,NA,2026,63268.77736047413
18097350100,NA,2027,65321.044509082465
18097350100,NA,2028,66921.48177418868
18097350300,NA,2024,34707.680912889096
18097350300,NA,2025,39109.29019342704
18097350300,NA,2026,42551.18481836062
18097350300,NA,2027,47267.31261247693
18097350300,NA,2028,51864.28381213871
18097350400,NA,2024,57196.175915335894
18097350400,NA,2025,57835.28759245764
18097350400,NA,2026,58236.63845641961
18097350400,NA,2027,58487.82369813385
18097350400,NA,2028,58644.695287720024
18097350500,NA,2024,41116.44644048314
18097350500,NA,2025,41116.44509864616
18097350500,NA,2026,41116.44509539351
18097350500,NA,2027,41116.44509538562
18097350500,NA,2028,41116.44509538562
18097350600,NA,2024,30395.323431987566
18097350600,NA,2025,29301.727647483032
18097350600,NA,2026,29808.94233684739
18097350600,NA,2027,29570.29699928473
18097350600,NA,2028,29681.83122733183
18097350700,NA,2024,22083.125997062143
18097350700,NA,2025,21661.433193882604
18097350700,NA,2026,22001.18331743397
18097350700,NA,2027,21726.531337644585
18097350700,NA,2028,21947.95743575065
18097350800,NA,2024,21562.496854139918
18097350800,NA,2025,21561.77887462784
18097350800,NA,2026,21561.761390154898
18097350800,NA,2027,21561.760964360194
18097350800,NA,2028,21561.76095399094
18097350900,NA,2024,109992.81979995313
18097350900,NA,2025,133017.7769229113
18097350900,NA,2026,156082.0121220969
18097350900,NA,2027,178555.61644965567
18097350900,NA,2028,199949.92093555673
18097351000,NA,2024,30314.108935902605
18097351000,NA,2025,31479.316362958165
18097351000,NA,2026,30687.472867012977
18097351000,NA,2027,31220.10758057916
18097351000,NA,2028,30859.33690111357
18097351200,NA,2024,36669.768054438355
18097351200,NA,2025,36799.86116564081
18097351200,NA,2026,36825.92822926433
18097351200,NA,2027,36831.142479488495
18097351200,NA,2028,36832.185142625494
18097351500,NA,2024,55719.97175323752
18097351500,NA,2025,60106.810452297
18097351500,NA,2026,63903.012256227674
18097351500,NA,2027,68452.24433924649
18097351500,NA,2028,73040.23643885419
18097351600,NA,2024,122221.08288416556
18097351600,NA,2025,138146.4226881053
18097351600,NA,2026,155461.33097514245
18097351600,NA,2027,175175.25161713082
18097351600,NA,2028,197312.45212609763
18097351700,NA,2024,117588.1098909554
18097351700,NA,2025,124218.8197987775
18097351700,NA,2026,156473.64454376197
18097351700,NA,2027,172493.1240747052
18097351700,NA,2028,210377.91542014302
18097351900,NA,2024,42011.2612878103
18097351900,NA,2025,42012.590682016475
18097351900,NA,2026,42013.13256358528
18097351900,NA,2027,42013.35343995084
18097351900,NA,2028,42013.443470889935
18097352100,NA,2024,52152.17647756361
18097352100,NA,2025,58843.70882376733
18097352100,NA,2026,63941.57220779196
18097352100,NA,2027,67704.51123675398
18097352100,NA,2028,70422.23447929406
18097352300,NA,2024,29094.38866190752
18097352300,NA,2025,29094.075586015562
18097352300,NA,2026,29094.05432879182
18097352300,NA,2027,29094.052885461308
18097352300,NA,2028,29094.0527874615
18097352400,NA,2024,39654.70424832579
18097352400,NA,2025,39657.12696036467
18097352400,NA,2026,39657.03266604027
18097352400,NA,2027,39657.03633595573
18097352400,NA,2028,39657.03619312318
18097352500,NA,2024,53091.29743986634
18097352500,NA,2025,53365.83215938191
18097352500,NA,2026,53323.86059629759
18097352500,NA,2027,53330.261179673806
18097352500,NA,2028,53329.28472776048
18097352600,NA,2024,74736.13923798654
18097352600,NA,2025,90410.09672954837
18097352600,NA,2026,106336.67475252737
18097352600,NA,2027,122105.46070078443
18097352600,NA,2028,137376.37828497836
18097352700,NA,2024,49459.8252722851
18097352700,NA,2025,62006.51286241131
18097352700,NA,2026,58998.630530006514
18097352700,NA,2027,72468.22164740687
18097352700,NA,2028,70270.50871379882
18097352800,NA,2024,46228.196829371715
18097352800,NA,2025,43670.65710992503
18097352800,NA,2026,52177.31902255276
18097352800,NA,2027,49941.0157703064
18097352800,NA,2028,58935.13296149819
18097353300,NA,2024,57556.253946261946
18097353300,NA,2025,61766.36694169911
18097353300,NA,2026,67159.81810721706
18097353300,NA,2027,72468.09176106226
18097353300,NA,2028,78545.03979489616
18097353500,NA,2024,36735.27166729696
18097353500,NA,2025,36035.85637891374
18097353500,NA,2026,35642.1638440741
18097353500,NA,2027,35419.11842005224
18097353500,NA,2028,35292.284081620724
18097353600,NA,2024,43085.231884346795
18097353600,NA,2025,43341.57053590738
18097353600,NA,2026,43420.9888691069
18097353600,NA,2027,43445.52819016901
18097353600,NA,2028,43453.104272709206
18097354200,NA,2024,61466.75581775643
18097354200,NA,2025,61467.58193638383
18097354200,NA,2026,61467.76408056584
18097354200,NA,2027,61467.80423979936
18097354200,NA,2028,61467.8130941133
18097354201,NA,2024,100121.8333687023
18097354201,NA,2025,100803.01942470287
18097354201,NA,2026,115275.55217060389
18097354201,NA,2027,116703.5906938063
18097354201,NA,2028,132754.71309670497
18097354400,NA,2024,69032.84986612198
18097354400,NA,2025,69291.03511080927
18097354400,NA,2026,69226.8034255917
18097354400,NA,2027,69242.75512083722
18097354400,NA,2028,69238.79185374637
18097354500,NA,2024,58407.35331906361
18097354500,NA,2025,59062.40709870353
18097354500,NA,2026,59305.97852926979
18097354500,NA,2027,59396.11185144919
18097354500,NA,2028,59429.406363976515
18097354700,NA,2024,31705.00785005587
18097354700,NA,2025,31710.40176133746
18097354700,NA,2026,31712.58298956661
18097354700,NA,2027,31713.46498740392
18097354700,NA,2028,31713.821620329814
18097354800,NA,2024,66130.99939103714
18097354800,NA,2025,67134.07121137677
18097354800,NA,2026,67629.80890731463
18097354800,NA,2027,67873.41382493266
18097354800,NA,2028,67992.78644085348
18097354900,NA,2024,37984.64232457555
18097354900,NA,2025,39216.77220814141
18097354900,NA,2026,39990.83902301985
18097354900,NA,2027,40472.31483606854
18097354900,NA,2028,40769.97455357427
18097355000,NA,2024,44484.25794480482
18097355000,NA,2025,54036.96074487345
18097355000,NA,2026,54796.03244163607
18097355000,NA,2027,64144.10289266341
18097355000,NA,2028,66987.874700353
18097355100,NA,2024,26148.603670984776
18097355100,NA,2025,26149.701415433516
18097355100,NA,2026,26149.36966021231
18097355100,NA,2027,26149.469919819858
18097355100,NA,2028,26149.439620230853
18097355300,NA,2024,43428.86443826491
18097355300,NA,2025,43879.85237490891
18097355300,NA,2026,44073.89718785215
18097355300,NA,2027,44157.036481808726
18097355300,NA,2028,44192.5936773043
18097355400,NA,2024,44350.935157748245
18097355400,NA,2025,47551.99114802338
18097355400,NA,2026,51098.61202704818
18097355400,NA,2027,54843.96979471387
18097355400,NA,2028,58901.56112524052
18097355500,NA,2024,61809.45060949342
18097355500,NA,2025,59282.17221632355
18097355500,NA,2026,68067.10434274671
18097355500,NA,2027,67740.17248520337
18097355500,NA,2028,75137.82691015191
18097355600,NA,2024,36495.83590652423
18097355600,NA,2025,36624.05444067203
18097355600,NA,2026,36603.468243326446
18097355600,NA,2027,36606.76783111819
18097355600,NA,2028,36606.23882316236
18097355700,NA,2024,37093.0222458899
18097355700,NA,2025,37238.22684669526
18097355700,NA,2026,37276.86138490212
18097355700,NA,2027,37287.12221956553
18097355700,NA,2028,37289.8460518307
18097355900,NA,2024,135206.55912236412
18097355900,NA,2025,158676.70057658572
18097355900,NA,2026,192399.81725898292
18097355900,NA,2027,229062.10200322306
18097355900,NA,2028,275519.4500747333
18097356200,NA,2024,102326.96365106179
18097356200,NA,2025,108134.22726942631
18097356200,NA,2026,114454.33696943044
18097356200,NA,2027,121071.34743879216
18097356200,NA,2028,128099.54594748926
18097356400,NA,2024,41335.63010916683
18097356400,NA,2025,46877.86212185627
18097356400,NA,2026,48205.24492911835
18097356400,NA,2027,52596.49296512862
18097356400,NA,2028,55365.714559824904
18097356900,NA,2024,46582.99996328373
18097356900,NA,2025,46616.636918581564
18097356900,NA,2026,46627.006152738555
18097356900,NA,2027,46630.20162338064
18097356900,NA,2028,46631.186267455545
18097357000,NA,2024,85691.47955557628
18097357000,NA,2025,100904.43451880506
18097357000,NA,2026,117819.78171716724
18097357000,NA,2027,137792.55263438847
18097357000,NA,2028,161101.5546373446
18097357100,NA,2024,82377.81844887145
18097357100,NA,2025,82895.15109006008
18097357100,NA,2026,83164.61900569135
18097357100,NA,2027,83304.6585041982
18097357100,NA,2028,83377.34919443513
18097357200,NA,2024,73964.24254369318
18097357200,NA,2025,79312.52561938533
18097357200,NA,2026,82862.14897588856
18097357200,NA,2027,85168.81569585596
18097357200,NA,2028,86648.03320377426
18097357300,NA,2024,60108.454796826445
18097357300,NA,2025,64307.87066824046
18097357300,NA,2026,65676.82546630643
18097357300,NA,2027,66109.75677765533
18097357300,NA,2028,66245.3776167188
18097357400,NA,2024,30825.07267674214
18097357400,NA,2025,31254.74019905546
18097357400,NA,2026,30935.608332163007
18097357400,NA,2027,31171.903565496097
18097357400,NA,2028,30996.53825572206
18097357500,NA,2024,55448.574201799915
18097357500,NA,2025,55371.568892407275
18097357500,NA,2026,55364.11696656124
18097357500,NA,2027,55363.395335264344
18097357500,NA,2028,55363.325449109216
18097357600,NA,2024,34601.33128847266
18097357600,NA,2025,34608.25506992287
18097357600,NA,2026,34610.78292469619
18097357600,NA,2027,34611.70575794211
18097357600,NA,2028,34612.04264210685
18097357601,NA,2024,50092.54729377281
18097357601,NA,2025,52754.01735651858
18097357601,NA,2026,62040.58790206074
18097357601,NA,2027,66120.36823884134
18097357601,NA,2028,76937.44550712769
18097357602,NA,2024,49694.59274041839
18097357602,NA,2025,45894.52158964998
18097357602,NA,2026,47376.84098440352
18097357602,NA,2027,46778.85829063599
18097357602,NA,2028,47016.897170852826
18097357800,NA,2024,42517.13292140738
18097357800,NA,2025,42525.55989674067
18097357800,NA,2026,42523.63289058496
18097357800,NA,2027,42524.07349992301
18097357800,NA,2028,42523.97275257619
18097357900,NA,2024,65963.261041789
18097357900,NA,2025,67869.28923474849
18097357900,NA,2026,69164.12691141934
18097357900,NA,2027,70036.78273304757
18097357900,NA,2028,70621.80878176834
18097358000,NA,2024,23096.25286912642
18097358000,NA,2025,23129.79798551769
18097358000,NA,2026,23147.900655147136
18097358000,NA,2027,23157.664758930343
18097358000,NA,2028,23162.929798418925
18097358100,NA,2024,41112.69492389043
18097358100,NA,2025,40571.22647504375
18097358100,NA,2026,40258.08422358711
18097358100,NA,2027,40076.194921944545
18097358100,NA,2028,39970.27419513814
18097360101,NA,2024,28780.949220308892
18097360101,NA,2025,28781.258654533867
18097360101,NA,2026,28781.33119730374
18097360101,NA,2027,28781.34820391227
18097360101,NA,2028,28781.352190862184
18097360102,NA,2024,32232.940035590567
18097360102,NA,2025,32308.508212202305
18097360102,NA,2026,32333.482018536353
18097360102,NA,2027,32341.72676842464
18097360102,NA,2028,32344.44771943545
18097360201,NA,2024,46129.564254962446
18097360201,NA,2025,47851.66109777694
18097360201,NA,2026,48979.605714614816
18097360201,NA,2027,49710.3807173983
18097360201,NA,2028,50180.56507295179
18097360202,NA,2024,49092.47715749304
18097360202,NA,2025,51955.02472356305
18097360202,NA,2026,53699.53000673958
18097360202,NA,2027,54743.02425351794
18097360202,NA,2028,55360.443780486734
18097360301,NA,2024,54230.80164469307
18097360301,NA,2025,56468.04813021861
18097360301,NA,2026,57519.12555734013
18097360301,NA,2027,58005.11042130001
18097360301,NA,2028,58228.18155384752
18097360302,NA,2024,26254.96114592874
18097360302,NA,2025,26247.490905123574
18097360302,NA,2026,26247.992765688465
18097360302,NA,2027,26247.959045262214
18097360302,NA,2028,26247.96131094399
18097360401,NA,2024,44251.92205930878
18097360401,NA,2025,44258.01188443221
18097360401,NA,2026,44257.49694257224
18097360401,NA,2027,44257.540481918724
18097360401,NA,2028,44257.53680056016
18097360402,NA,2024,40567.32614655519
18097360402,NA,2025,40567.290933231656
18097360402,NA,2026,40567.2859769447
18097360402,NA,2027,40567.285279345364
18097360402,NA,2028,40567.28518115797
18097360404,NA,2024,34112.45112198072
18097360404,NA,2025,34122.01942456412
18097360404,NA,2026,34118.65356451372
18097360404,NA,2027,34119.83743404643
18097360404,NA,2028,34119.421015173524
18097360405,NA,2024,70055.81417647807
18097360405,NA,2025,74891.1798925316
18097360405,NA,2026,78520.73936635899
18097360405,NA,2027,83356.32842392653
18097360405,NA,2028,87787.80961039495
18097360407,NA,2024,68673.84453058675
18097360407,NA,2025,74831.86358136828
18097360407,NA,2026,79145.0909099964
18097360407,NA,2027,86112.69839544244
18097360407,NA,2028,91206.08169229855
18097360501,NA,2024,68198.31561802825
18097360501,NA,2025,67822.39229143153
18097360501,NA,2026,67738.07311460037
18097360501,NA,2027,67719.1107097264
18097360501,NA,2028,67714.84376568183
18097360502,NA,2024,60138.722534288194
18097360502,NA,2025,60102.81683898441
18097360502,NA,2026,60105.22167519742
18097360502,NA,2027,60105.06055990076
18097360502,NA,2028,60105.07135382586
18097360601,NA,2024,73621.15125526057
18097360601,NA,2025,73472.8544771162
18097360601,NA,2026,73442.66174461144
18097360601,NA,2027,73436.50866062813
18097360601,NA,2028,73435.25445480554
18097360602,NA,2024,41215.795972645705
18097360602,NA,2025,41414.85570050114
18097360602,NA,2026,41368.23126491653
18097360602,NA,2027,41379.12696397066
18097360602,NA,2028,41376.57938378731
18097360700,NA,2024,76721.87919513698
18097360700,NA,2025,76041.04935328435
18097360700,NA,2026,75809.84427207166
18097360700,NA,2027,75731.01873298633
18097360700,NA,2028,75704.1082973224
18097360800,NA,2024,40426.15675128303
18097360800,NA,2025,41639.45055764385
18097360800,NA,2026,42575.57703857186
18097360800,NA,2027,43293.23007575734
18097360800,NA,2028,43840.74683223913
18097360900,NA,2024,40009.21133563042
18097360900,NA,2025,40016.06972646802
18097360900,NA,2026,40016.54808316363
18097360900,NA,2027,40016.5814445773
18097360900,NA,2028,40016.58377124546
18097361000,NA,2024,94378.16360049452
18097361000,NA,2025,94548.79205591344
18097361000,NA,2026,94599.35808419138
18097361000,NA,2027,94614.33106996532
18097361000,NA,2028,94618.76360375986
18097361100,NA,2024,82737.48296584222
18097361100,NA,2025,88651.59810178466
18097361100,NA,2026,93768.87127863755
18097361100,NA,2027,98145.20492351672
18097361100,NA,2028,101852.47302521746
18097361200,NA,2024,72017.6483885323
18097361200,NA,2025,72412.83373098643
18097361200,NA,2026,72494.04396234787
18097361200,NA,2027,72510.68892072984
18097361200,NA,2028,72514.09866273154
18097361300,NA,2024,65090.640159932496
18097361300,NA,2025,65343.65605903682
18097361300,NA,2026,65276.12198712365
18097361300,NA,2027,65294.11548925822
18097361300,NA,2028,65289.31907074411
18097361400,NA,2024,53997.401891365225
18097361400,NA,2025,53997.16439573452
18097361400,NA,2026,53997.21456332988
18097361400,NA,2027,53997.20396611219
18097361400,NA,2028,53997.20620462835
18097361401,NA,2024,68944.300503197
18097361401,NA,2025,71166.80439566953
18097361401,NA,2026,79918.98082006359
18097361401,NA,2027,82271.86785723457
18097361401,NA,2028,92569.12118479081
18097361402,NA,2024,78381.3550939827
18097361402,NA,2025,81572.34280890327
18097361402,NA,2026,84265.79319796074
18097361402,NA,2027,86524.05241494793
18097361402,NA,2028,88407.1019158298
18097361600,NA,2024,74447.11575964703
18097361600,NA,2025,74473.36338459923
18097361600,NA,2026,74460.94272333512
18097361600,NA,2027,74466.81951124108
18097361600,NA,2028,74464.03875175878
18097361601,NA,2024,96149.68965910863
18097361601,NA,2025,98216.80708134755
18097361601,NA,2026,104540.17315322325
18097361601,NA,2027,107107.48583612802
18097361601,NA,2028,113687.56892307327
18097361602,NA,2024,75727.09441123302
18097361602,NA,2025,78932.38703487354
18097361602,NA,2026,77051.13071362842
18097361602,NA,2027,78140.28114918024
18097361602,NA,2028,77504.66208863673
18097370201,NA,2024,55320.15342941057
18097370201,NA,2025,55715.85673818757
18097370201,NA,2026,55873.27738715673
18097370201,NA,2027,55935.715414780156
18097370201,NA,2028,55960.45088052711
18097370202,NA,2024,32864.001901246884
18097370202,NA,2025,32809.93229557331
18097370202,NA,2026,32841.77420775702
18097370202,NA,2027,32823.012232130844
18097370202,NA,2028,32834.063712700714
18097370204,NA,2024,49521.21285257123
18097370204,NA,2025,51128.945818895576
18097370204,NA,2026,50467.72140216837
18097370204,NA,2027,50736.07690531875
18097370204,NA,2028,50626.572484064876
18097370301,NA,2024,81850.178445253885
18097370301,NA,2025,83929.3494932319
18097370301,NA,2026,86024.96363567316
18097370301,NA,2027,88136.26581497506
18097370301,NA,2028,90262.49714053709
18097370302,NA,2024,86684.27987790425
18097370302,NA,2025,94423.05070418493
18097370302,NA,2026,95978.01521928333
18097370302,NA,2027,104088.2335130328
18097370302,NA,2028,106238.52605015447
18097370303,NA,2024,87708.41422751438
18097370303,NA,2025,86656.83917203372
18097370303,NA,2026,86971.91891630166
18097370303,NA,2027,86876.99296848521
18097370303,NA,2028,86905.54472595252
18097370304,NA,2024,82617.30173900194
18097370304,NA,2025,82615.92513279169
18097370304,NA,2026,82615.89440661253
18097370304,NA,2027,82615.89372079121
18097370304,NA,2028,82615.89370548332
18097370305,NA,2024,41897.34935106456
18097370305,NA,2025,41885.8244712918
18097370305,NA,2026,41881.62656818575
18097370305,NA,2027,41880.097312060476
18097370305,NA,2028,41879.5401944037
18097370306,NA,2024,87139.77875032129
18097370306,NA,2025,89600.92693804062
18097370306,NA,2026,91949.54737816517
18097370306,NA,2027,94186.51507965973
18097370306,NA,2028,96313.36668591357
18097380100,NA,2024,63607.77080884504
18097380100,NA,2025,63607.62702854898
18097380100,NA,2026,63607.66723701151
18097380100,NA,2027,63607.65599261867
18097380100,NA,2028,63607.659137139155
18097380101,NA,2024,141380.32143157363
18097380101,NA,2025,146790.83111855155
18097380101,NA,2026,163488.09476000935
18097380101,NA,2027,170658.56149063836
18097380101,NA,2028,189130.57100977548
18097380103,NA,2024,99423.67357351248
18097380103,NA,2025,102631.46781912755
18097380103,NA,2026,112015.52231698063
18097380103,NA,2027,115964.85292159762
18097380103,NA,2028,126202.86234992492
18097380200,NA,2024,38488.82998068932
18097380200,NA,2025,38481.335144877
18097380200,NA,2026,38476.30587487723
18097380200,NA,2027,38472.93089629763
18097380200,NA,2028,38470.66597723125
18097380300,NA,2024,31213.08854278988
18097380300,NA,2025,31213.087881860516
18097380300,NA,2026,31213.087827087875
18097380300,NA,2027,31213.08782254877
18097380300,NA,2028,31213.087822172623
18097380301,NA,2024,48457.84802805465
18097380301,NA,2025,51823.17019997811
18097380301,NA,2026,54244.2550335261
18097380301,NA,2027,55954.977264689864
18097380301,NA,2028,57149.048248638836
18097380302,NA,2024,55451.58841558049
18097380302,NA,2025,66625.00133447727
18097380302,NA,2026,80681.2807733276
18097380302,NA,2027,97105.44545148892
18097380302,NA,2028,117434.40466373293
18097380402,NA,2024,46409.50269266976
18097380402,NA,2025,46562.178347955516
18097380402,NA,2026,49661.70108353876
18097380402,NA,2027,50272.28217743557
18097380402,NA,2028,53211.2204281928
18097380403,NA,2024,65767.92971711657
18097380403,NA,2025,65835.3489456678
18097380403,NA,2026,65880.36458713592
18097380403,NA,2027,65910.41286918831
18097380403,NA,2028,65930.46652173721
18097380404,NA,2024,55682.58558885623
18097380404,NA,2025,55680.0181051877
18097380404,NA,2026,55679.793939555464
18097380404,NA,2027,55679.77436732568
18097380404,NA,2028,55679.77265844222
18097380501,NA,2024,49662.93785467912
18097380501,NA,2025,50379.8858135144
18097380501,NA,2026,50745.81364184697
18097380501,NA,2027,50931.58827881826
18097380501,NA,2028,51025.64873212335
18097380502,NA,2024,40339.77418733323
18097380502,NA,2025,40409.151634676455
18097380502,NA,2026,40396.566946412495
18097380502,NA,2027,40398.84784398523
18097380502,NA,2028,40398.434383014195
18097380600,NA,2024,66220.10458616097
18097380600,NA,2025,66246.64863807589
18097380600,NA,2026,66250.93697682497
18097380600,NA,2027,66251.6296465379
18097380600,NA,2028,66251.74152580768
18097380700,NA,2024,63906.223669307205
18097380700,NA,2025,68464.76291412962
18097380700,NA,2026,73986.06486655076
18097380700,NA,2027,79577.72878501558
18097380700,NA,2028,85810.73187571131
18097380800,NA,2024,57041.24961190072
18097380800,NA,2025,57286.22700058938
18097380800,NA,2026,57356.160412053825
18097380800,NA,2027,57376.0849626356
18097380800,NA,2028,57381.758434719035
18097380901,NA,2024,92758.91314672714
18097380901,NA,2025,95554.06338918793
18097380901,NA,2026,97292.35689365867
18097380901,NA,2027,98363.32837158615
18097380901,NA,2028,99019.41901286705
18097380902,NA,2024,73040.2070412194
18097380902,NA,2025,73719.54638615547
18097380902,NA,2026,73526.09787546395
18097380902,NA,2027,73580.9504394155
18097380902,NA,2028,73565.37812416203
18097381001,NA,2024,35006.28657824464
18097381001,NA,2025,35968.3485250752
18097381001,NA,2026,35236.986663207485
18097381001,NA,2027,35789.77243322736
18097381001,NA,2028,35370.12700708475
18097381002,NA,2024,92360.88692223812
18097381002,NA,2025,96399.84395077765
18097381002,NA,2026,102071.3150714906
18097381002,NA,2027,107121.07113455494
18097381002,NA,2028,113039.30186919836
18097381003,NA,2024,44891.5096788436
18097381003,NA,2025,44783.65329289881
18097381003,NA,2026,44801.3276940569
18097381003,NA,2027,44798.428001576794
18097381003,NA,2028,44798.9036387637
18097381004,NA,2024,40686.12705130325
18097381004,NA,2025,42793.03115669425
18097381004,NA,2026,46693.19099381713
18097381004,NA,2027,49349.883333254715
18097381004,NA,2028,53621.47180516571
18097381101,NA,2024,85276.75459360139
18097381101,NA,2025,85575.16447759644
18097381101,NA,2026,85728.64128518602
18097381101,NA,2027,85807.47527055367
18097381101,NA,2028,85847.94194564663
18097381102,NA,2024,64894.05450870678
18097381102,NA,2025,65228.27405415354
18097381102,NA,2026,65326.77144979273
18097381102,NA,2027,65355.73146614372
18097381102,NA,2028,65364.24036786813
18097381201,NA,2024,64100.414943251075
18097381201,NA,2025,64122.353858291644
18097381201,NA,2026,64108.62964981806
18097381201,NA,2027,64117.2141345947
18097381201,NA,2028,64111.84419429394
18097381203,NA,2024,45841.32961912418
18097381203,NA,2025,46295.419617077896
18097381203,NA,2026,46506.14174222673
18097381203,NA,2027,46603.54945875911
18097381203,NA,2028,46648.496385648694
18097381204,NA,2024,29660.59867540561
18097381204,NA,2025,29670.376811727823
18097381204,NA,2026,29672.85238138316
18097381204,NA,2027,29673.47903453235
18097381204,NA,2028,29673.63765613963
18097381205,NA,2024,55649.167534369764
18097381205,NA,2025,55646.41298358326
18097381205,NA,2026,55646.33455798412
18097381205,NA,2027,55646.33232505132
18097381205,NA,2028,55646.33226147522
18097381206,NA,2024,73080.75476375906
18097381206,NA,2025,73088.2155131434
18097381206,NA,2026,73087.47538455973
18097381206,NA,2027,73087.54880381133
18097381206,NA,2028,73087.54152073429
18097381207,NA,2024,70793.99948878499
18097381207,NA,2025,71995.70800525225
18097381207,NA,2026,72821.5254768496
18097381207,NA,2027,73386.45397150215
18097381207,NA,2028,73771.72292422097
18097390101,NA,2024,76614.71856943425
18097390101,NA,2025,76614.71856943425
18097390101,NA,2026,76614.71856943425
18097390101,NA,2027,76614.71856943425
18097390101,NA,2028,76614.71856943425
18097390102,NA,2024,48346.424057338816
18097390102,NA,2025,48774.008784471975
18097390102,NA,2026,48908.080481148296
18097390102,NA,2027,48949.95279418454
18097390102,NA,2028,48963.013864257366
18097390103,NA,2024,74212.99173467384
18097390103,NA,2025,74423.22661150435
18097390103,NA,2026,74568.94528684852
18097390103,NA,2027,74669.87176734382
18097390103,NA,2028,74739.73897634007
18097390104,NA,2024,97797.92885969816
18097390104,NA,2025,100157.45373671177
18097390104,NA,2026,101954.66437994069
18097390104,NA,2027,103316.35865946516
18097390104,NA,2028,104344.01684956654
18097390200,NA,2024,107874.34148756125
18097390200,NA,2025,109553.40272165924
18097390200,NA,2026,110384.87003250892
18097390200,NA,2027,110794.20251162259
18097390200,NA,2028,110995.13929822926
18097390300,NA,2024,131799.87128831507
18097390300,NA,2025,143768.11467813276
18097390300,NA,2026,153114.30457581687
18097390300,NA,2027,164795.53700970474
18097390300,NA,2028,176546.92963343704
18097390402,NA,2024,76789.24824387499
18097390402,NA,2025,76789.24824612253
18097390402,NA,2026,76789.24824619442
18097390402,NA,2027,76789.24824619673
18097390402,NA,2028,76789.24824619686
18097390403,NA,2024,123855.69376082055
18097390403,NA,2025,130758.64143065969
18097390403,NA,2026,133345.04454930205
18097390403,NA,2027,140508.82368727386
18097390403,NA,2028,143546.38425316522
18097390404,NA,2024,64587.37522104454
18097390404,NA,2025,64587.44354442273
18097390404,NA,2026,64587.454078705225
18097390404,NA,2027,64587.4557029085
18097390404,NA,2028,64587.45595333242
18097390405,NA,2024,81924.31719412461
18097390405,NA,2025,81807.27197331599
18097390405,NA,2026,81784.7950093437
18097390405,NA,2027,81780.47563703993
18097390405,NA,2028,81779.64547839195
18097390406,NA,2024,126401.53859528755
18097390406,NA,2025,129569.29926233417
18097390406,NA,2026,132410.3070356394
18097390406,NA,2027,134950.95970482947
18097390406,NA,2028,137217.30060545405
18097390407,NA,2024,138091.93047468484
18097390407,NA,2025,139160.30905350545
18097390407,NA,2026,139878.1884454668
18097390407,NA,2027,140359.52687588317
18097390407,NA,2028,140681.8047173414
18097390408,NA,2024,85326.07582318717
18097390408,NA,2025,85307.09776276819
18097390408,NA,2026,85314.01213159572
18097390408,NA,2027,85311.49274305289
18097390408,NA,2028,85312.4107003848
18097390409,NA,2024,96769.68601256177
18097390409,NA,2025,96832.90618828287
18097390409,NA,2026,96822.51329428235
18097390409,NA,2027,96824.22126066223
18097390409,NA,2028,96823.94055910924
18097390410,NA,2024,125934.69947125154
18097390410,NA,2025,138317.45442081656
18097390410,NA,2026,147451.0753013482
18097390410,NA,2027,154021.83593756607
18097390410,NA,2028,158668.90130944128
18097390411,NA,2024,60516.96705294577
18097390411,NA,2025,60538.98872636045
18097390411,NA,2026,60536.903704294455
18097390411,NA,2027,60537.1010795475
18097390411,NA,2028,60537.08239501847
18097390500,NA,2024,56351.51051291204
18097390500,NA,2025,60874.091225839
18097390500,NA,2026,64448.70313311305
18097390500,NA,2027,67225.14756741573
18097390500,NA,2028,69353.97346789752
18097390600,NA,2024,41351.31594173474
18097390600,NA,2025,41351.360104998326
18097390600,NA,2026,41351.36706335824
18097390600,NA,2027,41351.36815971622
18097390600,NA,2028,41351.36833245815
18097390601,NA,2024,71573.08919703495
18097390601,NA,2025,74647.50874694207
18097390601,NA,2026,81139.33837763913
18097390601,NA,2027,84908.68265124182
18097390601,NA,2028,92009.16973700422
18097390602,NA,2024,63215.859391430546
18097390602,NA,2025,63029.33479997504
18097390602,NA,2026,69424.54130091054
18097390602,NA,2027,69493.94639190639
18097390602,NA,2028,76275.41235922114
18097390700,NA,2024,61037.14217617723
18097390700,NA,2025,63063.875004936854
18097390700,NA,2026,64818.93518416475
18097390700,NA,2027,66331.46804185337
18097390700,NA,2028,67629.7447035795
18097390800,NA,2024,58536.773724664854
18097390800,NA,2025,58571.22213471688
18097390800,NA,2026,58556.24763682871
18097390800,NA,2027,58562.755400000395
18097390800,NA,2028,58559.926899583894
18097390802,NA,2024,75284.12616157468
18097390802,NA,2025,75815.10721283928
18097390802,NA,2026,75971.4149139946
18097390802,NA,2027,76017.28054396094
18097390802,NA,2028,76030.72631118944
18097390900,NA,2024,80390.94977024275
18097390900,NA,2025,80399.62039314857
18097390900,NA,2026,80400.15330657297
18097390900,NA,2027,80400.18605871372
18097390900,NA,2028,80400.18807160952
18097391000,NA,2024,60853.49049447278
18097391000,NA,2025,60869.025160069876
18097391000,NA,2026,60875.27426879346
18097391000,NA,2027,60877.787820322555
18097391000,NA,2028,60878.79879160451
18097391002,NA,2024,112297.3869603245
18097391002,NA,2025,120649.24864823904
18097391002,NA,2026,137213.08134115933
18097391002,NA,2027,149006.4986654504
18097391002,NA,2028,167995.6366940548
