GEOID,NAME,year,percent_white
18097310103,NA,2024,60.83044172420964
18097310103,NA,2025,60.72877654815852
18097310103,NA,2026,60.790161572638084
18097310103,NA,2027,60.75309754170126
18097310103,NA,2028,60.775476654537535
18097310104,NA,2024,55.71818832638411
18097310104,NA,2025,48.379309455809036
18097310104,NA,2026,42.374009519707926
18097310104,NA,2027,37.459958210436206
18097310104,NA,2028,33.4388600925905
18097310105,NA,2024,37.574401864844965
18097310105,NA,2025,37.40483454183059
18097310105,NA,2026,37.38089575454972
18097310105,NA,2027,37.37751617925012
18097310105,NA,2028,37.37703906530648
18097310106,NA,2024,38.4147822368497
18097310106,NA,2025,36.77776821218325
18097310106,NA,2026,37.707110293605105
18097310106,NA,2027,37.17951755995245
18097310106,NA,2028,37.47903492623507
18097310108,NA,2024,66.02067059250722
18097310108,NA,2025,66.01495050947898
18097310108,NA,2026,66.01447464842343
18097310108,NA,2027,66.0144350609309
18097310108,NA,2028,66.01443176759653
18097310110,NA,2024,41.090835591952114
18097310110,NA,2025,41.06451562755061
18097310110,NA,2026,41.06961111876375
18097310110,NA,2027,41.06862464209885
18097310110,NA,2028,41.06881562196118
18097310111,NA,2024,37.41834327603525
18097310111,NA,2025,37.68547487693754
18097310111,NA,2026,37.72784079361211
18097310111,NA,2027,37.734559844782446
18097310111,NA,2028,37.73562545724107
18097310112,NA,2024,59.40665874018086
18097310112,NA,2025,58.93896099471831
18097310112,NA,2026,58.773235414280876
18097310112,NA,2027,58.714511658868794
18097310112,NA,2028,58.69370328733921
18097310113,NA,2024,72.79960449826545
18097310113,NA,2025,70.66030363460365
18097310113,NA,2026,71.56854341048378
18097310113,NA,2027,71.18295038591087
18097310113,NA,2028,71.34665383135314
18097310201,NA,2024,31.548648131680554
18097310201,NA,2025,31.540307447954056
18097310201,NA,2026,31.540651069156976
18097310201,NA,2027,31.540636912580013
18097310201,NA,2028,31.54063749580558
18097310203,NA,2024,30.695848268673423
18097310203,NA,2025,30.665602011064113
18097310203,NA,2026,30.670873897235772
18097310203,NA,2027,30.669955013843126
18097310203,NA,2028,30.67011517410869
18097310204,NA,2024,13.177461958044814
18097310204,NA,2025,13.172402388909616
18097310204,NA,2026,13.17268575207617
18097310204,NA,2027,13.172669882210176
18097310204,NA,2028,13.172670771008285
18097310305,NA,2024,7.449622503908438
18097310305,NA,2025,6.8988048445687795
18097310305,NA,2026,6.630163437654357
18097310305,NA,2027,6.499143300072932
18097310305,NA,2028,6.435242963006413
18097310306,NA,2024,5.200655513761435
18097310306,NA,2025,5.208137420301615
18097310306,NA,2026,5.20715520470236
18097310306,NA,2027,5.207284148772731
18097310306,NA,2028,5.207267221151854
18097310308,NA,2024,23.32802651268918
18097310308,NA,2025,23.330765094523674
18097310308,NA,2026,23.331376433685612
18097310308,NA,2027,23.33151290416322
18097310308,NA,2028,23.331543368743958
18097310309,NA,2024,25.799468684852325
18097310309,NA,2025,26.126382667422835
18097310309,NA,2026,26.204306898378015
18097310309,NA,2027,26.222881159785285
18097310309,NA,2028,26.227308578350687
18097310310,NA,2024,26.718468305088933
18097310310,NA,2025,25.947744410764702
18097310310,NA,2026,26.224867525610467
18097310310,NA,2027,26.12522455184597
18097310310,NA,2028,26.161052390408475
18097310311,NA,2024,21.92208913233572
18097310311,NA,2025,21.32062524700835
18097310311,NA,2026,21.54017920064188
18097310311,NA,2027,21.46003483997112
18097310311,NA,2028,21.48929014802194
18097310312,NA,2024,14.097306993602633
18097310312,NA,2025,14.109506637261743
18097310312,NA,2026,14.10692377312352
18097310312,NA,2027,14.107470607715
18097310312,NA,2028,14.107354833886244
18097320105,NA,2024,49.22664534140247
18097320105,NA,2025,49.38646156418191
18097320105,NA,2026,49.359161884153785
18097320105,NA,2027,49.36382519377703
18097320105,NA,2028,49.36302861093724
18097320106,NA,2024,42.471750364874865
18097320106,NA,2025,42.492703392622396
18097320106,NA,2026,42.497312704127886
18097320106,NA,2027,42.49832667465332
18097320106,NA,2028,42.498549731008964
18097320107,NA,2024,86.86167225443674
18097320107,NA,2025,86.8651031343044
18097320107,NA,2026,86.86527318681198
18097320107,NA,2027,86.86528161551145
18097320107,NA,2028,86.86528203328227
18097320108,NA,2024,41.869094856985924
18097320108,NA,2025,41.93460755482071
18097320108,NA,2026,41.94131638586603
18097320108,NA,2027,41.94200340403933
18097320108,NA,2028,41.94207375816917
18097320109,NA,2024,77.32777666373784
18097320109,NA,2025,79.59956698162667
18097320109,NA,2026,77.95363143499813
18097320109,NA,2027,76.57749778028511
18097320109,NA,2028,78.44026963757572
18097320202,NA,2024,79.51664050350973
18097320202,NA,2025,79.36812267117158
18097320202,NA,2026,79.31513435473687
18097320202,NA,2027,79.29622913888244
18097320202,NA,2028,79.28948412015849
18097320203,NA,2024,70.51506011184183
18097320203,NA,2025,70.47902035668342
18097320203,NA,2026,70.48808527430091
18097320203,NA,2027,70.4858052163191
18097320203,NA,2028,70.48637870905448
18097320204,NA,2024,57.428248447565906
18097320204,NA,2025,57.438686552104755
18097320204,NA,2026,57.43435941342906
18097320204,NA,2027,57.43615323806925
18097320204,NA,2028,57.43540960420842
18097320205,NA,2024,66.88135065431328
18097320205,NA,2025,69.31207672125393
18097320205,NA,2026,67.9248717124795
18097320205,NA,2027,68.71654369993256
18097320205,NA,2028,68.26473987010672
18097320206,NA,2024,38.479466544021776
18097320206,NA,2025,38.68129752104245
18097320206,NA,2026,38.55035397112186
18097320206,NA,2027,38.635307299490535
18097320206,NA,2028,38.58019142699974
18097320301,NA,2024,86.31283708251317
18097320301,NA,2025,85.99891970409476
18097320301,NA,2026,85.84799095612598
18097320301,NA,2027,85.77542572549686
18097320301,NA,2028,85.74053699311735
18097320303,NA,2024,43.898921773124485
18097320303,NA,2025,43.06758649423354
18097320303,NA,2026,43.27874131917184
18097320303,NA,2027,43.2251090949335
18097320303,NA,2028,43.23873140016661
18097320304,NA,2024,75.25795994303272
18097320304,NA,2025,73.85487879635942
18097320304,NA,2026,72.48143211935182
18097320304,NA,2027,71.13699400252891
18097320304,NA,2028,69.82095175624055
18097320305,NA,2024,77.6020428433972
18097320305,NA,2025,76.8624841262425
18097320305,NA,2026,76.61122726979015
18097320305,NA,2027,76.52586554468304
18097320305,NA,2028,76.49686484708559
18097320306,NA,2024,77.21870276615044
18097320306,NA,2025,76.16504745671513
18097320306,NA,2026,76.6824213921176
18097320306,NA,2027,76.42837646239832
18097320306,NA,2028,76.55311955805865
18097320400,NA,2024,60.50120304268338
18097320400,NA,2025,60.97110570465121
18097320400,NA,2026,60.78025875831682
18097320400,NA,2027,60.85776961295347
18097320400,NA,2028,60.82628924241625
18097320500,NA,2024,66.16887433697052
18097320500,NA,2025,66.13094542592657
18097320500,NA,2026,66.12559854622366
18097320500,NA,2027,66.12484479079619
18097320500,NA,2028,66.12473853307654
18097320600,NA,2024,68.61120812918757
18097320600,NA,2025,68.12898729008158
18097320600,NA,2026,67.99117596192193
18097320600,NA,2027,67.95179159561305
18097320600,NA,2028,67.9405361470932
18097320700,NA,2024,83.5408828680164
18097320700,NA,2025,82.09962851479796
18097320700,NA,2026,81.27551930253591
18097320700,NA,2027,80.80429367035062
18097320700,NA,2028,80.53484686266486
18097320800,NA,2024,88.71044586148038
18097320800,NA,2025,88.55994211478726
18097320800,NA,2026,88.4908444440302
18097320800,NA,2027,88.45912106033407
18097320800,NA,2028,88.44455655964822
18097320901,NA,2024,52.47616398765519
18097320901,NA,2025,52.425040588090106
18097320901,NA,2026,52.43317216939819
18097320901,NA,2027,52.43187877703515
18097320901,NA,2028,52.43208450132682
18097320902,NA,2024,28.771564930522615
18097320902,NA,2025,28.387039991133083
18097320902,NA,2026,28.597723401160096
18097320902,NA,2027,28.482288757750283
18097320902,NA,2028,28.545536058035776
18097320903,NA,2024,21.843813863064604
18097320903,NA,2025,26.952695234207162
18097320903,NA,2026,25.612895594856397
18097320903,NA,2027,29.946459311440123
18097320903,NA,2028,29.288761758302897
18097321001,NA,2024,34.54155119871426
18097321001,NA,2025,34.52295312718611
18097321001,NA,2026,34.52624366354965
18097321001,NA,2027,34.52566147256585
18097321001,NA,2028,34.52576447897702
18097321002,NA,2024,62.7191204589605
18097321002,NA,2025,62.719217047763976
18097321002,NA,2026,62.71921738567454
18097321002,NA,2027,62.7192173868567
18097321002,NA,2028,62.719217386860834
18097321100,NA,2024,62.90854081249778
18097321100,NA,2025,62.42125464489194
18097321100,NA,2026,59.74040160412899
18097321100,NA,2027,57.90277342763759
18097321100,NA,2028,58.418283787961926
18097321200,NA,2024,87.70939664439965
18097321200,NA,2025,87.7067123614535
18097321200,NA,2026,87.70692399826837
18097321200,NA,2027,87.70690731219528
18097321200,NA,2028,87.7069086277747
18097321300,NA,2024,87.72218634933559
18097321300,NA,2025,88.15227969364133
18097321300,NA,2026,88.40103320312879
18097321300,NA,2027,88.54490501444967
18097321300,NA,2028,88.62811629510819
18097321400,NA,2024,69.28920831044535
18097321400,NA,2025,69.17623034093018
18097321400,NA,2026,69.19405342499994
18097321400,NA,2027,69.19124170580264
18097321400,NA,2028,69.19168527464929
18097321600,NA,2024,46.43359613233325
18097321600,NA,2025,46.00107783206593
18097321600,NA,2026,46.202183645193394
18097321600,NA,2027,46.108676507926226
18097321600,NA,2028,46.15215404138946
18097321700,NA,2024,80.38383155912422
18097321700,NA,2025,80.39988674264545
18097321700,NA,2026,80.39762746978253
18097321700,NA,2027,80.39794539289207
18097321700,NA,2028,80.39790065500085
18097321800,NA,2024,92.50712948941575
18097321800,NA,2025,92.531237622546
18097321800,NA,2026,92.54205430387331
18097321800,NA,2027,92.54690746252747
18097321800,NA,2028,92.54908494637947
18097321900,NA,2024,80.87450187551055
18097321900,NA,2025,80.85335510524432
18097321900,NA,2026,80.85681421498576
18097321900,NA,2027,80.85624838672676
18097321900,NA,2028,80.8563409428012
18097322000,NA,2024,43.55056452807891
18097322000,NA,2025,43.91203182368873
18097322000,NA,2026,43.76930648865713
18097322000,NA,2027,43.82566157667558
18097322000,NA,2028,43.803409774324834
18097322100,NA,2024,50.97216341285207
18097322100,NA,2025,51.05375933647027
18097322100,NA,2026,51.06905679478661
18097322100,NA,2027,51.07192473500425
18097322100,NA,2028,51.07246241132419
18097322200,NA,2024,68.54059281724236
18097322200,NA,2025,68.13311508710758
18097322200,NA,2026,68.03565974738595
18097322200,NA,2027,68.01235161901997
18097322200,NA,2028,68.00677707739426
18097322300,NA,2024,78.86809174156069
18097322300,NA,2025,78.86782182939983
18097322300,NA,2026,78.86781638344485
18097322300,NA,2027,78.86781627356308
18097322300,NA,2028,78.86781627134602
18097322400,NA,2024,58.9900438054004
18097322400,NA,2025,58.87751001220969
18097322400,NA,2026,58.81425733907233
18097322400,NA,2027,58.778704457172736
18097322400,NA,2028,58.758720994835556
18097322500,NA,2024,31.900117479776807
18097322500,NA,2025,31.984513452141986
18097322500,NA,2026,31.975347118400254
18097322500,NA,2027,31.976342683376995
18097322500,NA,2028,31.976234554036427
18097322600,NA,2024,8.394416071591115
18097322600,NA,2025,8.39450664403793
18097322600,NA,2026,8.394489878226148
18097322600,NA,2027,8.394492981735599
18097322600,NA,2028,8.39449240724681
18097322601,NA,2024,6.130715847360239
18097322601,NA,2025,7.732744863891055
18097322601,NA,2026,8.068701763075945
18097322601,NA,2027,9.464116672442294
18097322601,NA,2028,9.972969702781832
18097322602,NA,2024,31.328875721998546
18097322602,NA,2025,31.71510324634939
18097322602,NA,2026,31.841631564484008
18097322602,NA,2027,31.88308230085212
18097322602,NA,2028,31.896661581528488
18097322700,NA,2024,33.41253689835559
18097322700,NA,2025,34.68339866548191
18097322700,NA,2026,35.55224976028175
18097322700,NA,2027,36.146257892764844
18097322700,NA,2028,36.55236391434653
18097330103,NA,2024,65.30263017285989
18097330103,NA,2025,65.30275223404728
18097330103,NA,2026,65.30275334807165
18097330103,NA,2027,65.30275335823909
18097330103,NA,2028,65.30275335833188
18097330105,NA,2024,63.855982448714386
18097330105,NA,2025,62.88195487618283
18097330105,NA,2026,62.53273951540915
18097330105,NA,2027,62.40753631619854
18097330105,NA,2028,62.3626475660077
18097330106,NA,2024,37.05859067516529
18097330106,NA,2025,36.225183612236584
18097330106,NA,2026,36.50060966506973
18097330106,NA,2027,36.40958630571318
18097330106,NA,2028,36.43966788972938
18097330107,NA,2024,83.94538649935603
18097330107,NA,2025,83.98177045037147
18097330107,NA,2026,83.97488515651513
18097330107,NA,2027,83.9761881285719
18097330107,NA,2028,83.97594155432016
18097330108,NA,2024,91.06803461285544
18097330108,NA,2025,90.4898820609425
18097330108,NA,2026,90.77184096488729
18097330108,NA,2027,90.63433258020456
18097330108,NA,2028,90.70139396962519
18097330109,NA,2024,68.7316573529942
18097330109,NA,2025,64.74467608713796
18097330109,NA,2026,61.84919241700427
18097330109,NA,2027,59.7463920462555
18097330109,NA,2028,58.219265699513926
18097330202,NA,2024,21.281223667340026
18097330202,NA,2025,21.218432583951387
18097330202,NA,2026,21.18361372673995
18097330202,NA,2027,21.16430600417675
18097330202,NA,2028,21.15359950257293
18097330203,NA,2024,89.11482737961383
18097330203,NA,2025,89.09774244247569
18097330203,NA,2026,89.10203472443314
18097330203,NA,2027,89.10095636609601
18097330203,NA,2028,89.10122728415656
18097330204,NA,2024,56.64393421444287
18097330204,NA,2025,56.643888513653664
18097330204,NA,2026,56.64388865413034
18097330204,NA,2027,56.64388865369854
18097330204,NA,2028,56.64388865369987
18097330206,NA,2024,54.934952830936304
18097330206,NA,2025,54.884539973673206
18097330206,NA,2026,54.87357673319365
18097330206,NA,2027,54.87119256676592
18097330206,NA,2028,54.87067408415435
18097330208,NA,2024,70.89236904344703
18097330208,NA,2025,71.16352235117573
18097330208,NA,2026,71.08980407391522
18097330208,NA,2027,71.10984581505339
18097330208,NA,2028,71.104397079641
18097330209,NA,2024,55.80662173907823
18097330209,NA,2025,55.693635840232545
18097330209,NA,2026,55.61617844023083
18097330209,NA,2027,55.563077576527306
18097330209,NA,2028,55.52667431840093
18097330210,NA,2024,15.05557939639316
18097330210,NA,2025,11.493719701258003
18097330210,NA,2026,15.01708257734491
18097330210,NA,2027,11.531800444097845
18097330210,NA,2028,14.979413413733843
18097330211,NA,2024,17.141786497271152
18097330211,NA,2025,16.26846008284159
18097330211,NA,2026,15.766745581836211
18097330211,NA,2027,15.478517221443045
18097330211,NA,2028,15.312933831749387
18097330212,NA,2024,30.237848846797597
18097330212,NA,2025,26.839937462774962
18097330212,NA,2026,22.64107053248182
18097330212,NA,2027,19.113739046061795
18097330212,NA,2028,15.023380242485828
18097330213,NA,2024,79.42454917407012
18097330213,NA,2025,79.39266919628805
18097330213,NA,2026,79.38765481302721
18097330213,NA,2027,79.38686610358523
18097330213,NA,2028,79.38674204793342
18097330401,NA,2024,71.24526016258287
18097330401,NA,2025,70.7464899316884
18097330401,NA,2026,70.97032706900045
18097330401,NA,2027,70.869873872445
18097330401,NA,2028,70.91495506325803
18097330500,NA,2024,43.63925891726065
18097330500,NA,2025,43.88578189121323
18097330500,NA,2026,43.95665158346263
18097330500,NA,2027,43.97702499207035
18097330500,NA,2028,43.98288187905719
18097330600,NA,2024,39.57782715640935
18097330600,NA,2025,38.446170087176505
18097330600,NA,2026,38.98204918565402
18097330600,NA,2027,38.72829173916915
18097330600,NA,2028,38.848454742035784
18097330700,NA,2024,50.68510494604813
18097330700,NA,2025,50.6851049455822
18097330700,NA,2026,50.68510494559538
18097330700,NA,2027,50.68510494559501
18097330700,NA,2028,50.685104945595015
18097330701,NA,2024,24.998001319044853
18097330701,NA,2025,25.555422155939464
18097330701,NA,2026,25.90836869512719
18097330701,NA,2027,26.131846633660274
18097330701,NA,2028,26.27334791916922
18097330702,NA,2024,44.30318589976802
18097330702,NA,2025,44.34383488789161
18097330702,NA,2026,44.33895284066948
18097330702,NA,2027,44.339539187001314
18097330702,NA,2028,44.33946876531033
18097330803,NA,2024,7.363634504541363
18097330803,NA,2025,7.359510139933252
18097330803,NA,2026,7.359332053847737
18097330803,NA,2027,7.359324364262342
18097330803,NA,2028,7.359324032233462
18097330804,NA,2024,34.68407900853139
18097330804,NA,2025,35.08427051678512
18097330804,NA,2026,35.31562826286309
18097330804,NA,2027,35.44938024301842
18097330804,NA,2028,35.52670461403576
18097330805,NA,2024,16.20817006056697
18097330805,NA,2025,13.625603531315395
18097330805,NA,2026,11.629483493262816
18097330805,NA,2027,10.086640293994012
18097330805,NA,2028,8.894144305700499
18097330806,NA,2024,17.640328235963928
18097330806,NA,2025,17.8202103301795
18097330806,NA,2026,17.869580774871977
18097330806,NA,2027,17.883130988525885
18097330806,NA,2028,17.88684998055057
18097330900,NA,2024,12.909221175346984
18097330900,NA,2025,12.54084467407384
18097330900,NA,2026,10.907127200075685
18097330900,NA,2027,12.818801354010521
18097330900,NA,2028,12.311917821611729
18097331000,NA,2024,4.144874496565519
18097331000,NA,2025,4.157348120878837
18097331000,NA,2026,4.155071633766731
18097331000,NA,2027,4.15548710191307
18097331000,NA,2028,4.155411277288496
18097340101,NA,2024,68.91127986756747
18097340101,NA,2025,68.81687022510589
18097340101,NA,2026,68.83682640150849
18097340101,NA,2027,68.83260809322738
18097340101,NA,2028,68.8334997532526
18097340102,NA,2024,38.11290870345353
18097340102,NA,2025,38.110509100819996
18097340102,NA,2026,38.11047115206516
18097340102,NA,2027,38.1104705519208
18097340102,NA,2028,38.11047054242975
18097340109,NA,2024,31.83696301232494
18097340109,NA,2025,31.842062730081626
18097340109,NA,2026,31.844285107938497
18097340109,NA,2027,31.845253585719885
18097340109,NA,2028,31.8456756333074
18097340110,NA,2024,20.47964420409799
18097340110,NA,2025,20.47964374265924
18097340110,NA,2026,20.4796437001763
18097340110,NA,2027,20.479643696265054
18097340110,NA,2028,20.47964369590496
18097340111,NA,2024,42.40733600163005
18097340111,NA,2025,42.394526406853174
18097340111,NA,2026,42.39355902586651
18097340111,NA,2027,42.39348596922501
18097340111,NA,2028,42.393480451985226
18097340112,NA,2024,48.097773858704784
18097340112,NA,2025,47.63160647811001
18097340112,NA,2026,47.303709424563394
18097340112,NA,2027,47.07307021169661
18097340112,NA,2028,46.910841103699305
18097340113,NA,2024,53.35603887763975
18097340113,NA,2025,50.96702846907729
18097340113,NA,2026,47.484452068890974
18097340113,NA,2027,44.60420173282376
18097340113,NA,2028,41.39219575485104
18097340114,NA,2024,55.945039877471984
18097340114,NA,2025,55.1674915230078
18097340114,NA,2026,54.64822480265486
18097340114,NA,2027,54.30144517754472
18097340114,NA,2028,54.06985685563225
18097340115,NA,2024,40.91632946089708
18097340115,NA,2025,43.161672604256864
18097340115,NA,2026,47.3650957073719
18097340115,NA,2027,49.96541777044559
18097340115,NA,2028,53.87821582908734
18097340201,NA,2024,16.09008104017112
18097340201,NA,2025,13.712750349444143
18097340201,NA,2026,11.474155827490737
18097340201,NA,2027,9.274893588617346
18097340201,NA,2028,7.086782216212022
18097340202,NA,2024,42.77820731687306
18097340202,NA,2025,42.81316832072211
18097340202,NA,2026,42.808682935402864
18097340202,NA,2027,42.809258396037485
18097340202,NA,2028,42.80918456627294
18097340300,NA,2024,9.186429446694326
18097340300,NA,2025,9.111366367923107
18097340300,NA,2026,12.506633565181636
18097340300,NA,2027,16.48576855937999
18097340300,NA,2028,17.740294970454656
18097340301,NA,2024,24.62778330507486
18097340301,NA,2025,24.812700424020193
18097340301,NA,2026,24.855132036952035
18097340301,NA,2027,24.864868516658547
18097340301,NA,2028,24.86710267724131
18097340302,NA,2024,23.766292884044297
18097340302,NA,2025,23.825884412331998
18097340302,NA,2026,23.83910857216532
18097340302,NA,2027,23.84204319069789
18097340302,NA,2028,23.842694421932254
18097340400,NA,2024,20.57170550133247
18097340400,NA,2025,20.245889544574236
18097340400,NA,2026,20.081667522453497
18097340400,NA,2027,19.99889418987103
18097340400,NA,2028,19.957173691619154
18097340500,NA,2024,35.470335682563864
18097340500,NA,2025,35.61239484733854
18097340500,NA,2026,35.64460677439492
18097340500,NA,2027,35.65191083144982
18097340500,NA,2028,35.6535670269754
18097340600,NA,2024,31.36711004305203
18097340600,NA,2025,31.40677933401673
18097340600,NA,2026,31.40345600216088
18097340600,NA,2027,31.403734417387255
18097340600,NA,2028,31.403711092891946
18097340800,NA,2024,75.76151814734047
18097340800,NA,2025,75.6935973658476
18097340800,NA,2026,75.68631329494174
18097340800,NA,2027,75.68553212476385
18097340800,NA,2028,75.68544834924124
18097340901,NA,2024,42.34726451664558
18097340901,NA,2025,39.57964490637887
18097340901,NA,2026,37.29870579999678
18097340901,NA,2027,34.77654622178523
18097340901,NA,2028,32.373946222322346
18097340902,NA,2024,51.03384594561788
18097340902,NA,2025,55.566710589740055
18097340902,NA,2026,53.51097389960253
18097340902,NA,2027,57.94554996983209
18097340902,NA,2028,55.9866355873392
18097340903,NA,2024,8.519557157981524
18097340903,NA,2025,9.064733006957454
18097340903,NA,2026,0
18097340903,NA,2027,0
18097340903,NA,2028,0
18097340904,NA,2024,51.507756201210704
18097340904,NA,2025,50.84075154186287
18097340904,NA,2026,51.08171621379258
18097340904,NA,2027,50.994664388435076
18097340904,NA,2028,51.02611306610798
18097341000,NA,2024,93.50898612455373
18097341000,NA,2025,93.49153187998563
18097341000,NA,2026,93.48339012455627
18097341000,NA,2027,93.47959229869146
18097341000,NA,2028,93.4778207542838
18097341100,NA,2024,39.8874938256601
18097341100,NA,2025,39.88740298454687
18097341100,NA,2026,39.887405426092045
18097341100,NA,2027,39.8874053604704
18097341100,NA,2028,39.88740536223412
18097341200,NA,2024,14.592483558453747
18097341200,NA,2025,14.774755558964971
18097341200,NA,2026,14.80824360152254
18097341200,NA,2027,14.81439621405322
18097341200,NA,2028,14.815526606816178
18097341600,NA,2024,16.73187319988598
18097341600,NA,2025,16.694646310117985
18097341600,NA,2026,16.702292025862334
18097341600,NA,2027,16.700721737030587
18097341600,NA,2028,16.701044245360425
18097341700,NA,2024,49.96598744662716
18097341700,NA,2025,49.95472586940275
18097341700,NA,2026,49.95014603995944
18097341700,NA,2027,49.94828352662656
18097341700,NA,2028,49.94752608446455
18097341701,NA,2024,42.00085131996417
18097341701,NA,2025,33.84153431694111
18097341701,NA,2026,41.7783301995495
18097341701,NA,2027,34.05798683516612
18097341701,NA,2028,41.567780780426304
18097341702,NA,2024,64.62495291853425
18097341702,NA,2025,64.5000002338101
18097341702,NA,2026,64.5167921528798
18097341702,NA,2027,64.51453555033729
18097341702,NA,2028,64.51483880662465
18097341902,NA,2024,52.245557817607725
18097341902,NA,2025,48.853143987687844
18097341902,NA,2026,45.763934330484716
18097341902,NA,2027,42.50547702416195
18097341902,NA,2028,39.34149324198584
18097341903,NA,2024,24.146716614541532
18097341903,NA,2025,24.021171047396855
18097341903,NA,2026,23.97109255240985
18097341903,NA,2027,23.951116891642204
18097341903,NA,2028,23.94314886019063
18097341904,NA,2024,27.165794231463263
18097341904,NA,2025,26.88016694017432
18097341904,NA,2026,26.99997054502118
18097341904,NA,2027,26.949720081665482
18097341904,NA,2028,26.970797152515647
18097342000,NA,2024,44.239384495011315
18097342000,NA,2025,43.80753904859516
18097342000,NA,2026,43.951922370199576
18097342000,NA,2027,43.90364921198863
18097342000,NA,2028,43.91978887256552
18097342200,NA,2024,33.711598530784265
18097342200,NA,2025,32.53143771424625
18097342200,NA,2026,32.145650988872475
18097342200,NA,2027,32.01953987300674
18097342200,NA,2028,31.978314987600196
18097342300,NA,2024,62.69996846292397
18097342300,NA,2025,62.47178910809812
18097342300,NA,2026,62.51162630199481
18097342300,NA,2027,62.50467123798924
18097342300,NA,2028,62.50588550311662
18097342400,NA,2024,69.87617279001098
18097342400,NA,2025,69.83602817089334
18097342400,NA,2026,69.82745267798973
18097342400,NA,2027,69.82562082405373
18097342400,NA,2028,69.82522951257104
18097342500,NA,2024,59.585690848751
18097342500,NA,2025,58.950067055265635
18097342500,NA,2026,59.12871953878196
18097342500,NA,2027,59.07850633060179
18097342500,NA,2028,59.09261957563549
18097342600,NA,2024,57.63014857735892
18097342600,NA,2025,57.63498146472853
18097342600,NA,2026,57.63548512271949
18097342600,NA,2027,57.63553761129463
18097342600,NA,2028,57.63554308137665
18097350100,NA,2024,25.100225123209494
18097350100,NA,2025,25.12955674315078
18097350100,NA,2026,25.138140857600625
18097350100,NA,2027,25.140653061871493
18097350100,NA,2028,25.141388276940614
18097350300,NA,2024,23.305870848718644
18097350300,NA,2025,23.524276911657893
18097350300,NA,2026,23.38682263544914
18097350300,NA,2027,23.473329748822305
18097350300,NA,2028,23.418886330468464
18097350400,NA,2024,47.37718172203605
18097350400,NA,2025,47.56313493735803
18097350400,NA,2026,47.60342720573428
18097350400,NA,2027,47.61215771834248
18097350400,NA,2028,47.61404944232511
18097350500,NA,2024,17.06767102275597
18097350500,NA,2025,19.42042618928368
18097350500,NA,2026,21.107010311460783
18097350500,NA,2027,23.075260920426516
18097350500,NA,2028,24.92441897733276
18097350600,NA,2024,4.512519678799703
18097350600,NA,2025,4.454339521128623
18097350600,NA,2026,4.4846597094384215
18097350600,NA,2027,4.46885855220645
18097350600,NA,2028,4.477093216428137
18097350700,NA,2024,8.188037045391235
18097350700,NA,2025,8.188036549817253
18097350700,NA,2026,8.188036549217356
18097350700,NA,2027,8.18803654921663
18097350700,NA,2028,8.18803654921663
18097350800,NA,2024,9.191885990086002
18097350800,NA,2025,9.190809024792037
18097350800,NA,2026,9.190753573888463
18097350800,NA,2027,9.190750718826443
18097350800,NA,2028,9.190750571824706
18097350900,NA,2024,48.52735922396386
18097350900,NA,2025,51.34423230079895
18097350900,NA,2026,54.77687356141507
18097350900,NA,2027,57.86487839173246
18097350900,NA,2028,61.14577118251532
18097351000,NA,2024,47.389372442099436
18097351000,NA,2025,46.89301431739998
18097351000,NA,2026,46.70810053114284
18097351000,NA,2027,46.63921255158442
18097351000,NA,2028,46.61354895005586
18097351200,NA,2024,16.218730013277224
18097351200,NA,2025,19.61120481163893
18097351200,NA,2026,22.618017153382926
18097351200,NA,2027,25.30271191058666
18097351200,NA,2028,27.718363787184295
18097351500,NA,2024,47.45316764604645
18097351500,NA,2025,47.45856554487957
18097351500,NA,2026,47.45872420743582
18097351500,NA,2027,47.458728871066526
18097351500,NA,2028,47.45872900814645
18097351600,NA,2024,80.35629261820395
18097351600,NA,2025,80.6856174601518
18097351600,NA,2026,80.75760869815092
18097351600,NA,2027,80.77334616368188
18097351600,NA,2028,80.7767864131931
18097351700,NA,2024,45.73430253084367
18097351700,NA,2025,45.77550589838938
18097351700,NA,2026,45.757818165705494
18097351700,NA,2027,45.76541113458479
18097351700,NA,2028,45.76215163392225
18097351900,NA,2024,4.195681167553634
18097351900,NA,2025,4.410013735640557
18097351900,NA,2026,4.315498670883485
18097351900,NA,2027,4.357177345971307
18097351900,NA,2028,4.338798138788398
18097352100,NA,2024,18.419628706246662
18097352100,NA,2025,18.41354200846697
18097352100,NA,2026,18.414854122649967
18097352100,NA,2027,18.414571269173166
18097352100,NA,2028,18.414632244117552
18097352300,NA,2024,3.3468246454390886
18097352300,NA,2025,3.2169492284012837
18097352300,NA,2026,3.184183865078754
18097352300,NA,2027,3.175917720044202
18097352300,NA,2028,3.173832311954579
18097352400,NA,2024,27.848753938013687
18097352400,NA,2025,27.84620597203019
18097352400,NA,2026,27.846020560844824
18097352400,NA,2027,27.846007068785713
18097352400,NA,2028,27.846006086991338
18097352500,NA,2024,58.434263597958896
18097352500,NA,2025,58.23886819120244
18097352500,NA,2026,58.20187212468039
18097352500,NA,2027,58.1948673083399
18097352500,NA,2028,58.19354101999152
18097352600,NA,2024,40.91635450372511
18097352600,NA,2025,40.89449813790524
18097352600,NA,2026,40.892880630060816
18097352600,NA,2027,40.892760924358214
18097352600,NA,2028,40.89275206538712
18097352700,NA,2024,71.27428993863829
18097352700,NA,2025,72.7783844121452
18097352700,NA,2026,73.45081873680589
18097352700,NA,2027,73.75144341759977
18097352700,NA,2028,73.88584345547416
18097352800,NA,2024,19.046540968790705
18097352800,NA,2025,18.824401694823855
18097352800,NA,2026,18.94735554611527
18097352800,NA,2027,18.87930072052127
18097352800,NA,2028,18.91696899392616
18097353300,NA,2024,77.03360032562823
18097353300,NA,2025,77.05488762258028
18097353300,NA,2026,77.05815038576337
18097353300,NA,2027,77.05865047854701
18097353300,NA,2028,77.05872712915823
18097353500,NA,2024,46.892755887756024
18097353500,NA,2025,46.78540334865178
18097353500,NA,2026,46.801753587363876
18097353500,NA,2027,46.79926337792707
18097353500,NA,2028,46.79964264719331
18097353600,NA,2024,27.998851547619662
18097353600,NA,2025,27.92129202327839
18097353600,NA,2026,27.934653419476938
18097353600,NA,2027,27.932351614380906
18097353600,NA,2028,27.932748152783134
18097354200,NA,2024,62.04035871430498
18097354200,NA,2025,62.02378695272324
18097354200,NA,2026,62.033456402907426
18097354200,NA,2027,62.02781437949289
18097354200,NA,2028,62.03110644135823
18097354201,NA,2024,65.5074910799717
18097354201,NA,2025,64.64289710633322
18097354201,NA,2026,65.38063623237196
18097354201,NA,2027,64.75113957303486
18097354201,NA,2028,65.28827530317336
18097354202,NA,2024,68.75176288378435
18097354202,NA,2025,68.75012383413521
18097354202,NA,2026,68.75000215859495
18097354202,NA,2027,68.74999312596003
18097354202,NA,2028,68.74999245541858
18097354400,NA,2024,86.79437770842443
18097354400,NA,2025,86.79675138475757
18097354400,NA,2026,86.79680773321437
18097354400,NA,2027,86.79680907086455
18097354400,NA,2028,86.7968091026189
18097354500,NA,2024,67.27495198016511
18097354500,NA,2025,67.27738154830347
18097354500,NA,2026,67.27733493110445
18097354500,NA,2027,67.27733582556928
18097354500,NA,2028,67.27733580840679
18097354700,NA,2024,44.80511599551862
18097354700,NA,2025,44.81313946694813
18097354700,NA,2026,44.81286587011816
18097354700,NA,2027,44.81287519964915
18097354700,NA,2028,44.812874881516265
18097354800,NA,2024,35.16623665315334
18097354800,NA,2025,36.03211841669538
18097354800,NA,2026,35.492258033126895
18097354800,NA,2027,35.82885044795555
18097354800,NA,2028,35.61899164525677
18097354900,NA,2024,34.080325962364
18097354900,NA,2025,34.07422034483764
18097354900,NA,2026,34.07394314538631
18097354900,NA,2027,34.073930560330744
18097354900,NA,2028,34.07392998896012
18097355000,NA,2024,46.3469516866058
18097355000,NA,2025,43.96727319688906
18097355000,NA,2026,45.686408755389024
18097355000,NA,2027,44.44446490403674
18097355000,NA,2028,45.341674273178974
18097355100,NA,2024,55.43628033791668
18097355100,NA,2025,56.64935093645046
18097355100,NA,2026,57.322039880017734
18097355100,NA,2027,57.69506879964087
18097355100,NA,2028,57.90192603463167
18097355300,NA,2024,62.18485731552906
18097355300,NA,2025,62.269078844225945
18097355300,NA,2026,62.28054063749373
18097355300,NA,2027,62.28210048456545
18097355300,NA,2028,62.28231276573562
18097355400,NA,2024,46.92566386283431
18097355400,NA,2025,44.904231171420946
18097355400,NA,2026,43.62120598022619
18097355400,NA,2027,42.806856015355805
18097355400,NA,2028,42.28997928539319
18097355500,NA,2024,82.36598597933539
18097355500,NA,2025,82.96645249210864
18097355500,NA,2026,83.13627705152284
18097355500,NA,2027,83.18430700884224
18097355500,NA,2028,83.19789089098543
18097355600,NA,2024,37.25835927783825
18097355600,NA,2025,35.74770562880555
18097355600,NA,2026,32.78938098545235
18097355600,NA,2027,30.746848110495172
18097355600,NA,2028,28.124988464225872
18097355700,NA,2024,72.79715482834662
18097355700,NA,2025,72.94637749881751
18097355700,NA,2026,72.89915509407658
18097355700,NA,2027,72.91409890591483
18097355700,NA,2028,72.90936984746298
18097355900,NA,2024,84.3366868729658
18097355900,NA,2025,82.47702399655564
18097355900,NA,2026,83.58619662972401
18097355900,NA,2027,82.92464450338134
18097355900,NA,2028,83.31921898419805
18097356200,NA,2024,52.18401803260506
18097356200,NA,2025,51.881666582900785
18097356200,NA,2026,52.01180644628541
18097356200,NA,2027,51.95579089200798
18097356200,NA,2028,51.97990143154139
18097356400,NA,2024,39.042738189667475
18097356400,NA,2025,37.68632989349877
18097356400,NA,2026,37.028045515093424
18097356400,NA,2027,36.70857067549202
18097356400,NA,2028,36.55352495894989
18097356900,NA,2024,71.04531091016487
18097356900,NA,2025,70.28712860810232
18097356900,NA,2026,70.83212361018911
18097356900,NA,2027,70.44037145310027
18097356900,NA,2028,70.72196991179462
18097357000,NA,2024,91.06297729050712
18097357000,NA,2025,91.05744698936113
18097357000,NA,2026,91.05697810626083
18097357000,NA,2027,91.05693835230242
18097357000,NA,2028,91.05693498178809
18097357100,NA,2024,74.53556083931986
18097357100,NA,2025,74.51897601057911
18097357100,NA,2026,74.52012146678736
18097357100,NA,2027,74.5200423541269
18097357100,NA,2028,74.5200478181621
18097357200,NA,2024,66.70891642553188
18097357200,NA,2025,67.4683392158801
18097357200,NA,2026,67.80273160514864
18097357200,NA,2027,67.94997273541475
18097357200,NA,2028,68.0148065986778
18097357300,NA,2024,47.407756223410864
18097357300,NA,2025,47.17678344925042
18097357300,NA,2026,47.21268003251984
18097357300,NA,2027,47.207101172868086
18097357300,NA,2028,47.20796821012287
18097357400,NA,2024,46.1401745749051
18097357400,NA,2025,46.77890062880977
18097357400,NA,2026,47.01615889909625
18097357400,NA,2027,47.10428977535408
18097357400,NA,2028,47.13702646917131
18097357500,NA,2024,87.1926601990621
18097357500,NA,2025,87.31067723819557
18097357500,NA,2026,87.22774006016303
18097357500,NA,2027,87.28602465661204
18097357500,NA,2028,87.2450648088838
18097357600,NA,2024,66.77877487249525
18097357600,NA,2025,66.7788414262468
18097357600,NA,2026,66.77885153853784
18097357600,NA,2027,66.77885307501666
18097357600,NA,2028,66.77885330847188
18097357601,NA,2024,59.6871569800185
18097357601,NA,2025,55.35857702046154
18097357601,NA,2026,50.59439308461512
18097357601,NA,2027,46.20025078525141
18097357601,NA,2028,41.49176146385821
18097357602,NA,2024,45.32458506640305
18097357602,NA,2025,43.96622353866866
18097357602,NA,2026,45.0974077253604
18097357602,NA,2027,44.155406911809926
18097357602,NA,2028,44.93986407021923
18097357800,NA,2024,78.35878334141609
18097357800,NA,2025,78.33677822450338
18097357800,NA,2026,78.33460271051281
18097357800,NA,2027,78.33438763048656
18097357800,NA,2028,78.33436636681375
18097357900,NA,2024,70.85538823005008
18097357900,NA,2025,70.71052447948325
18097357900,NA,2026,70.78037573628767
18097357900,NA,2027,70.746694445709
18097357900,NA,2028,70.76293508885477
18097358000,NA,2024,86.14741613071784
18097358000,NA,2025,86.11835311802052
18097358000,NA,2026,86.12058142310116
18097358000,NA,2027,86.12041057558497
18097358000,NA,2028,86.12042367472209
18097358100,NA,2024,69.56401162964485
18097358100,NA,2025,69.1071468339936
18097358100,NA,2026,69.2818252046943
18097358100,NA,2027,69.21503841463937
18097358100,NA,2028,69.24057377604645
18097360101,NA,2024,41.929592149347165
18097360101,NA,2025,41.92880779887039
18097360101,NA,2026,41.928795953408134
18097360101,NA,2027,41.928795774514924
18097360101,NA,2028,41.928795771813235
18097360102,NA,2024,18.02292624637446
18097360102,NA,2025,18.114802640735945
18097360102,NA,2026,18.06778259403049
18097360102,NA,2027,18.09184628098238
18097360102,NA,2028,18.079531086287957
18097360201,NA,2024,15.33184196857254
18097360201,NA,2025,13.138695449435104
18097360201,NA,2026,10.987505876150927
18097360201,NA,2027,8.827195260069843
18097360201,NA,2028,6.66886747233842
18097360202,NA,2024,26.481912297144415
18097360202,NA,2025,24.852556112821468
18097360202,NA,2026,25.652741486756703
18097360202,NA,2027,25.259766249776252
18097360202,NA,2028,25.45275845122124
18097360301,NA,2024,19.66844147988575
18097360301,NA,2025,15.083701035269556
18097360301,NA,2026,11.2315262273206
18097360301,NA,2027,7.0989817243791435
18097360301,NA,2028,3.07374114334673
18097360302,NA,2024,17.842432085520453
18097360302,NA,2025,18.232083773270475
18097360302,NA,2026,18.360590865768824
18097360302,NA,2027,18.402972493621476
18097360302,NA,2028,18.41694995077594
18097360401,NA,2024,14.47145702553917
18097360401,NA,2025,13.034804538159788
18097360401,NA,2026,11.916149213643777
18097360401,NA,2027,11.045103678233401
18097360401,NA,2028,10.366860515991617
18097360402,NA,2024,5.50262920516609
18097360402,NA,2025,5.496502860790369
18097360402,NA,2026,5.496223279703871
18097360402,NA,2027,5.496210520776339
18097360402,NA,2028,5.496209938511516
18097360404,NA,2024,19.54473204130576
18097360404,NA,2025,19.327675198557273
18097360404,NA,2026,19.475291223223394
18097360404,NA,2027,19.374900512374076
18097360404,NA,2028,19.44317423026904
18097360405,NA,2024,24.906792210499642
18097360405,NA,2025,24.957988478395702
18097360405,NA,2026,24.9496807379295
18097360405,NA,2027,24.951028854784305
18097360405,NA,2028,24.950810092647764
18097360406,NA,2024,2.809937108282103
18097360406,NA,2025,2.453511952292939
18097360406,NA,2026,2.330788967925239
18097360406,NA,2027,2.2885334462847506
18097360406,NA,2028,2.273984182197756
18097360407,NA,2024,27.123869911844604
18097360407,NA,2025,26.960735803546317
18097360407,NA,2026,26.99840048504517
18097360407,NA,2027,26.989704399062855
18097360407,NA,2028,26.99171216624427
18097360501,NA,2024,42.03546365385564
18097360501,NA,2025,41.837657152958904
18097360501,NA,2026,41.86705429822726
18097360501,NA,2027,41.862685421845484
18097360501,NA,2028,41.86333470532743
18097360502,NA,2024,27.968039085237066
18097360502,NA,2025,26.85829440844273
18097360502,NA,2026,26.43192317690419
18097360502,NA,2027,26.26810853477513
18097360502,NA,2028,26.205169867738338
18097360601,NA,2024,56.19758222055191
18097360601,NA,2025,56.13202397822949
18097360601,NA,2026,56.123265583892035
18097360601,NA,2027,56.12209548736942
18097360601,NA,2028,56.1219391658087
18097360602,NA,2024,47.20021538158239
18097360602,NA,2025,47.18243720487092
18097360602,NA,2026,47.180401970230534
18097360602,NA,2027,47.180168977831556
18097360602,NA,2028,47.18014230500627
18097360700,NA,2024,80.10204398762775
18097360700,NA,2025,78.29499802734098
18097360700,NA,2026,79.25832824541834
18097360700,NA,2027,78.74478009586618
18097360700,NA,2028,79.01855091397132
18097360800,NA,2024,32.059243404502304
18097360800,NA,2025,32.03983153194899
18097360800,NA,2026,32.04105900368786
18097360800,NA,2027,32.040981386916705
18097360800,NA,2028,32.0409862948612
18097360900,NA,2024,54.56784355116071
18097360900,NA,2025,55.79016800467849
18097360900,NA,2026,55.07030886464928
18097360900,NA,2027,55.49425291648613
18097360900,NA,2028,55.24458107224094
18097361000,NA,2024,87.62607913171416
18097361000,NA,2025,87.62602803124952
18097361000,NA,2026,87.62602831334324
18097361000,NA,2027,87.62602831178597
18097361000,NA,2028,87.62602831179457
18097361100,NA,2024,85.26295246457381
18097361100,NA,2025,84.91578362510145
18097361100,NA,2026,84.77539642441023
18097361100,NA,2027,84.71862702613166
18097361100,NA,2028,84.6956707696849
18097361200,NA,2024,80.25544716359147
18097361200,NA,2025,79.68334736866105
18097361200,NA,2026,79.88725828080653
18097361200,NA,2027,79.81457924742729
18097361200,NA,2028,79.84048390273662
18097361300,NA,2024,70.86023795611457
18097361300,NA,2025,70.81195095442376
18097361300,NA,2026,70.80735463907054
18097361300,NA,2027,70.80691712764745
18097361300,NA,2028,70.80687548206167
18097361400,NA,2024,71.74425105590507
18097361400,NA,2025,71.74423352907874
18097361400,NA,2026,71.7442368040324
18097361400,NA,2027,71.74423619209495
18097361400,NA,2028,71.74423630643777
18097361401,NA,2024,23.904016470193632
18097361401,NA,2025,18.88682094192157
18097361401,NA,2026,15.062620980356016
18097361401,NA,2027,10.157791227379029
18097361401,NA,2028,6.2318089895774165
18097361402,NA,2024,74.34904737257474
18097361402,NA,2025,70.46561943993945
18097361402,NA,2026,72.58770306499085
18097361402,NA,2027,69.03529533004914
18097361402,NA,2028,70.84460439230891
18097361600,NA,2024,60.890911237788956
18097361600,NA,2025,60.87874833066581
18097361600,NA,2026,60.87183669726888
18097361600,NA,2027,60.86790912668647
18097361600,NA,2028,60.865677264868296
18097361601,NA,2024,38.18662927616165
18097361601,NA,2025,37.7456536652159
18097361601,NA,2026,37.84227240383658
18097361601,NA,2027,37.82110302298889
18097361601,NA,2028,37.825741281486906
18097361602,NA,2024,52.44007786413219
18097361602,NA,2025,45.30115653201136
18097361602,NA,2026,50.30046860431777
18097361602,NA,2027,46.7995025572688
18097361602,NA,2028,49.251192526871975
18097370201,NA,2024,73.5077010886573
18097370201,NA,2025,73.50747846042678
18097370201,NA,2026,73.50747692250152
18097370201,NA,2027,73.50747691187748
18097370201,NA,2028,73.50747691180409
18097370202,NA,2024,78.55804288494821
18097370202,NA,2025,78.16465232833563
18097370202,NA,2026,78.44592978000136
18097370202,NA,2027,78.24481411139755
18097370202,NA,2028,78.38861345229185
18097370203,NA,2024,42.87648100577479
18097370203,NA,2025,38.52134560537101
18097370203,NA,2026,34.95668511897846
18097370203,NA,2027,32.039025111881955
18097370203,NA,2028,29.65093234694508
18097370204,NA,2024,91.36105679643696
18097370204,NA,2025,90.09197468982838
18097370204,NA,2026,90.64034920741908
18097370204,NA,2027,90.40339478975224
18097370204,NA,2028,90.50578356649284
18097370301,NA,2024,77.91932047680604
18097370301,NA,2025,77.91932047680712
18097370301,NA,2026,77.9193204768071
18097370301,NA,2027,77.9193204768071
18097370301,NA,2028,77.9193204768071
18097370302,NA,2024,76.31127544626369
18097370302,NA,2025,76.19290136196639
18097370302,NA,2026,76.12468317360887
18097370302,NA,2027,76.08536949063166
18097370302,NA,2028,76.06271327963509
18097370303,NA,2024,58.459861454523335
18097370303,NA,2025,56.95758746646633
18097370303,NA,2026,55.703641766213494
18097370303,NA,2027,54.656975291467276
18097370303,NA,2028,53.78332445544081
18097370304,NA,2024,68.40418871482686
18097370304,NA,2025,68.15943516611395
18097370304,NA,2026,68.29620465851393
18097370304,NA,2027,68.21977719035374
18097370304,NA,2028,68.26248523720598
18097370306,NA,2024,80.57380130224406
18097370306,NA,2025,80.53790404428894
18097370306,NA,2026,80.52071050943579
18097370306,NA,2027,80.51247540576531
18097370306,NA,2028,80.50853107825833
18097380100,NA,2024,62.73992311652212
18097380100,NA,2025,60.224540186919235
18097380100,NA,2026,57.93822817737999
18097380100,NA,2027,55.48552494480495
18097380100,NA,2028,53.153684015902755
18097380101,NA,2024,67.3045850400085
18097380101,NA,2025,64.26671754381232
18097380101,NA,2026,57.45675328484724
18097380101,NA,2027,54.264367023855584
18097380101,NA,2028,47.602591880640475
18097380102,NA,2024,35.446157048848704
18097380102,NA,2025,33.68960254956683
18097380102,NA,2026,27.342553178086234
18097380102,NA,2027,25.42667687838786
18097380102,NA,2028,19.233419743127605
18097380103,NA,2024,63.928750988119575
18097380103,NA,2025,59.07324989019446
18097380103,NA,2026,62.19781838573861
18097380103,NA,2027,60.187124105900224
18097380103,NA,2028,61.48102804583313
18097380200,NA,2024,69.28203167646359
18097380200,NA,2025,69.23715821461421
18097380200,NA,2026,69.2309316634254
18097380200,NA,2027,69.23006767972302
18097380200,NA,2028,69.22994779508458
18097380300,NA,2024,54.83891426450631
18097380300,NA,2025,54.083751483148085
18097380300,NA,2026,53.56268174919278
18097380300,NA,2027,53.20313851646629
18097380300,NA,2028,52.955050155589625
18097380301,NA,2024,71.7147494708202
18097380301,NA,2025,71.70810019959946
18097380301,NA,2026,71.70756340612759
18097380301,NA,2027,71.7075200709677
18097380301,NA,2028,71.70751657253454
18097380302,NA,2024,63.755288016175776
18097380302,NA,2025,63.61004750397984
18097380302,NA,2026,63.58758862244187
18097380302,NA,2027,63.58411575283882
18097380302,NA,2028,63.58357873485512
18097380402,NA,2024,72.33645034967786
18097380402,NA,2025,71.17854269081313
18097380402,NA,2026,70.7313937965509
18097380402,NA,2027,70.55871842636122
18097380402,NA,2028,70.49203642434188
18097380403,NA,2024,82.30583363317811
18097380403,NA,2025,80.49029892740724
18097380403,NA,2026,78.80738387640059
18097380403,NA,2027,77.06133300007588
18097380403,NA,2028,75.34533899914932
18097380404,NA,2024,87.79637948297707
18097380404,NA,2025,87.25772755325657
18097380404,NA,2026,86.99743918206813
18097380404,NA,2027,86.8716621590264
18097380404,NA,2028,86.81088395578585
18097380501,NA,2024,74.53970815677128
18097380501,NA,2025,74.1615511755697
18097380501,NA,2026,74.24682598331628
18097380501,NA,2027,74.22759642205548
18097380501,NA,2028,74.23193270889159
18097380502,NA,2024,58.11905953608754
18097380502,NA,2025,58.11057257927008
18097380502,NA,2026,58.11127062040831
18097380502,NA,2027,58.11121320743436
18097380502,NA,2028,58.11121792957665
18097380600,NA,2024,45.530541097779036
18097380600,NA,2025,45.41803882696208
18097380600,NA,2026,45.38919786229306
18097380600,NA,2027,45.38180422270695
18097380600,NA,2028,45.37990879698327
18097380700,NA,2024,52.98096328683269
18097380700,NA,2025,52.36551907559158
18097380700,NA,2026,52.133604347282564
18097380700,NA,2027,52.04621309357627
18097380700,NA,2028,52.01328188959434
18097380800,NA,2024,78.51619209968231
18097380800,NA,2025,78.09546263436783
18097380800,NA,2026,77.91954691757547
18097380800,NA,2027,77.84599290730087
18097380800,NA,2028,77.81523844984746
18097380901,NA,2024,64.50107049869165
18097380901,NA,2025,63.83416005788531
18097380901,NA,2026,63.619264455585345
18097380901,NA,2027,63.55001959591269
18097380901,NA,2028,63.527707130977305
18097380902,NA,2024,77.71047346829491
18097380902,NA,2025,77.52716240474406
18097380902,NA,2026,77.46436965811763
18097380902,NA,2027,77.44286015971359
18097380902,NA,2028,77.43549213479909
18097381001,NA,2024,52.10927935028521
18097381001,NA,2025,51.65230795431125
18097381001,NA,2026,51.989778469412904
18097381001,NA,2027,51.740558606711765
18097381001,NA,2028,51.924605915099775
18097381002,NA,2024,88.3556479045857
18097381002,NA,2025,87.93609827809497
18097381002,NA,2026,87.77155546793423
18097381002,NA,2027,87.70702356356323
18097381002,NA,2028,87.68171485103011
18097381003,NA,2024,54.52670158217659
18097381003,NA,2025,54.525420484768006
18097381003,NA,2026,54.52539001997515
18097381003,NA,2027,54.525389295515325
18097381003,NA,2028,54.525389278287506
18097381004,NA,2024,39.73898757525039
18097381004,NA,2025,39.231217829779894
18097381004,NA,2026,39.12160721584844
18097381004,NA,2027,39.09794592686145
18097381004,NA,2028,39.092838240876986
18097381101,NA,2024,69.24014894094032
18097381101,NA,2025,62.834595180348586
18097381101,NA,2026,62.359402684820054
18097381101,NA,2027,57.14563066166658
18097381101,NA,2028,55.718160169906724
18097381102,NA,2024,57.58401213410412
18097381102,NA,2025,57.50635193617074
18097381102,NA,2026,57.49042306256471
18097381102,NA,2027,57.48715589326681
18097381102,NA,2028,57.486485764575654
18097381201,NA,2024,79.37138382540358
18097381201,NA,2025,79.37468077183134
18097381201,NA,2026,79.37664352158183
18097381201,NA,2027,79.3778119926709
18097381201,NA,2028,79.3785076109919
18097381203,NA,2024,41.83180771032444
18097381203,NA,2025,41.86442672435635
18097381203,NA,2026,41.872826658606705
18097381203,NA,2027,41.87498978025536
18097381203,NA,2028,41.87554681976632
18097381204,NA,2024,61.867967322826516
18097381204,NA,2025,62.267174834435735
18097381204,NA,2026,62.17313340734887
18097381204,NA,2027,62.19528677308311
18097381204,NA,2028,62.19006809841432
18097381205,NA,2024,54.8837203913101
18097381205,NA,2025,54.58457298342208
18097381205,NA,2026,54.658318087424995
18097381205,NA,2027,54.64013862064373
18097381205,NA,2028,54.64462017934406
18097381206,NA,2024,57.11696630646721
18097381206,NA,2025,57.22606433258953
18097381206,NA,2026,57.252542398799676
18097381206,NA,2027,57.25896861946698
18097381206,NA,2028,57.26052826176627
18097381207,NA,2024,62.83826146806033
18097381207,NA,2025,58.47741026452866
18097381207,NA,2026,62.817413164662064
18097381207,NA,2027,58.91758151799302
18097381207,NA,2028,62.82099223693032
18097390101,NA,2024,79.17313332009294
18097390101,NA,2025,79.13945629292046
18097390101,NA,2026,79.12184831612821
18097390101,NA,2027,79.1126420151941
18097390101,NA,2028,79.10782851629587
18097390102,NA,2024,82.0897889677613
18097390102,NA,2025,87.44658591039165
18097390102,NA,2026,90.89435548548227
18097390102,NA,2027,93.11342691384287
18097390102,NA,2028,94.54167723536762
18097390103,NA,2024,90.64674474981769
18097390103,NA,2025,90.77885672009215
18097390103,NA,2026,90.85146203953111
18097390103,NA,2027,90.89136404386791
18097390103,NA,2028,90.91329315267697
18097390104,NA,2024,65.19905848175569
18097390104,NA,2025,61.68309154071612
18097390104,NA,2026,61.4619202289159
18097390104,NA,2027,58.19016958681383
18097390104,NA,2028,57.742883736360554
18097390200,NA,2024,74.48507357981588
18097390200,NA,2025,74.44222632597636
18097390200,NA,2026,74.4667983919183
18097390200,NA,2027,74.4527067904608
18097390200,NA,2028,74.4607880495664
18097390300,NA,2024,79.0858506637634
18097390300,NA,2025,78.91292528219303
18097390300,NA,2026,78.87870818152186
18097390300,NA,2027,78.8719375734844
18097390300,NA,2028,78.87059785935615
18097390402,NA,2024,88.34165199151617
18097390402,NA,2025,84.82481145852219
18097390402,NA,2026,87.79078856440982
18097390402,NA,2027,85.28938990555154
18097390402,NA,2028,87.39897977329446
18097390403,NA,2024,86.84628439268347
18097390403,NA,2025,86.84628429564292
18097390403,NA,2026,86.84628428848238
18097390403,NA,2027,86.846284287954
18097390403,NA,2028,86.84628428791501
18097390404,NA,2024,85.66121639315107
18097390404,NA,2025,86.06941830950572
18097390404,NA,2026,85.7423841288875
18097390404,NA,2027,86.0043901386773
18097390404,NA,2028,85.79448196016152
18097390405,NA,2024,58.52701739735362
18097390405,NA,2025,58.4473967515132
18097390405,NA,2026,58.45924597730382
18097390405,NA,2027,58.45748256342599
18097390405,NA,2028,58.45774499647938
18097390406,NA,2024,64.36417340118699
18097390406,NA,2025,62.8861421500615
18097390406,NA,2026,61.57970058884175
18097390406,NA,2027,60.42492828508796
18097390406,NA,2028,59.40421743731621
18097390407,NA,2024,81.2578468344509
18097390407,NA,2025,79.61142758449273
18097390407,NA,2026,78.73103520628774
18097390407,NA,2027,78.26026159281041
18097390407,NA,2028,78.00852407141299
18097390408,NA,2024,78.69038004198325
18097390408,NA,2025,78.71103101862089
18097390408,NA,2026,78.70877188735638
18097390408,NA,2027,78.70901902695465
18097390408,NA,2028,78.70899199090677
18097390409,NA,2024,66.35168545749177
18097390409,NA,2025,58.846111842312666
18097390409,NA,2026,56.290775281269795
18097390409,NA,2027,48.83885742755763
18097390409,NA,2028,46.22682125606197
18097390410,NA,2024,85.1879176616388
18097390410,NA,2025,83.40848136528501
18097390410,NA,2026,78.42032536194935
18097390410,NA,2027,76.57327025742202
18097390410,NA,2028,71.65130810039464
18097390411,NA,2024,55.51986491180743
18097390411,NA,2025,54.48083491995531
18097390411,NA,2026,45.01989217297913
18097390411,NA,2027,43.682319060258266
18097390411,NA,2028,34.50933656567314
18097390500,NA,2024,24.10230417210305
18097390500,NA,2025,24.722023203969048
18097390500,NA,2026,24.888988835118997
18097390500,NA,2027,24.933972965913497
18097390500,NA,2028,24.94609265790879
18097390600,NA,2024,42.45828007982813
18097390600,NA,2025,42.4592268760128
18097390600,NA,2026,42.459468023073065
18097390600,NA,2027,42.459529442738265
18097390600,NA,2028,42.45954508620192
18097390601,NA,2024,79.88549017071125
18097390601,NA,2025,89.06548300219126
18097390601,NA,2026,100
18097390601,NA,2027,100
18097390601,NA,2028,100
18097390602,NA,2024,39.34677802112616
18097390602,NA,2025,37.93208057058976
18097390602,NA,2026,36.841507068367164
18097390602,NA,2027,36.000796877436166
18097390602,NA,2028,35.35270335261203
18097390700,NA,2024,13.511140670888281
18097390700,NA,2025,12.031448693132464
18097390700,NA,2026,11.39429899432228
18097390700,NA,2027,11.119944774121931
18097390700,NA,2028,11.001808897604526
18097390800,NA,2024,56.94392399538179
18097390800,NA,2025,51.849189002810945
18097390800,NA,2026,50.18900933304168
18097390800,NA,2027,45.60958530925996
18097390800,NA,2028,43.51141047132107
18097390802,NA,2024,66.38356507721852
18097390802,NA,2025,66.3713708093712
18097390802,NA,2026,66.37376664632554
18097390802,NA,2027,66.37329593051187
18097390802,NA,2028,66.37338841317303
18097390900,NA,2024,62.677455380233404
18097390900,NA,2025,62.72661208092168
18097390900,NA,2026,62.73498377453175
18097390900,NA,2027,62.7364095263198
18097390900,NA,2028,62.7366523407676
18097391000,NA,2024,69.00442509176182
18097391000,NA,2025,69.00065132303192
18097391000,NA,2026,69.00212380318523
18097391000,NA,2027,69.00154925875576
18097391000,NA,2028,69.0017734392316
18097391001,NA,2024,61.258070760922095
18097391001,NA,2025,61.29855391597652
18097391001,NA,2026,61.29411552433786
18097391001,NA,2027,61.2946021297003
18097391001,NA,2028,61.29454878046976
18097391002,NA,2024,75.81687028572252
18097391002,NA,2025,75.91799464496941
18097391002,NA,2026,75.93277645083526
18097391002,NA,2027,75.93493717438676
18097391002,NA,2028,75.93525301714024
