GEOID,NAME,year,zori_forecast
18011810605,NA,2024,1620.4402173079864
18011810605,NA,2025,1697.3783901855131
18011810605,NA,2026,1765.8507035765433
18011810605,NA,2027,1826.788694768285
18011810605,NA,2028,1881.021399734425
18057111103,NA,2024,1745.8507671624686
18057111103,NA,2025,1916.0233796945336
18057111103,NA,2026,2003.3882640904262
18057111103,NA,2027,2048.2405050705634
18057111103,NA,2028,2071.2671883295284
18059410801,NA,2024,1592.2036937127152
18059410801,NA,2025,1601.9519709859824
18059410801,NA,2026,1605.6259701587458
18059410801,NA,2027,1607.0106527588687
18059410801,NA,2028,1607.5325216578321
18059410802,NA,2024,1803.8312375537269
18059410802,NA,2025,1870.9175155458772
18059410802,NA,2026,1930.66834169726
18059410802,NA,2027,1983.8858003583368
18059410802,NA,2028,2031.2842731287067
18059410901,NA,2024,1587.4286258137677
18059410901,NA,2025,1598.8686980489513
18059410901,NA,2026,1603.49429549423
18059410901,NA,2027,1605.3645766678023
18059410901,NA,2028,1606.1207928560027
18059410902,NA,2024,1624.7519398167146
18059410902,NA,2025,1675.7580721333509
18059410902,NA,2026,1719.7532563172963
18059410902,NA,2027,1757.7011685283928
18059410902,NA,2028,1790.433024705201
18063210106,NA,2024,1816.5419972052532
18063210106,NA,2025,1840.9990711340868
18063210106,NA,2026,1857.3575843492918
18063210106,NA,2027,1868.299243003582
18063210106,NA,2028,1875.6177500422123
18063210108,NA,2024,1816.5419371805497
18063210108,NA,2025,1840.9989308124434
18063210108,NA,2026,1857.3573634658358
18063210108,NA,2027,1868.2989502734065
18063210108,NA,2028,1875.6173972422719
18063210109,NA,2024,1816.5420122589371
18063210109,NA,2025,1840.99910632558
18063210109,NA,2026,1857.357639745043
18063210109,NA,2027,1868.2993164179338
18063210109,NA,2028,1875.6178385216112
18063210611,NA,2024,1816.5419371805497
18063210611,NA,2025,1840.9989308124434
18063210611,NA,2026,1857.3573634658358
18063210611,NA,2027,1868.2989502734065
18063210611,NA,2028,1875.6173972422719
18063210616,NA,2024,1816.5419371805813
18063210616,NA,2025,1840.9989308125173
18063210616,NA,2026,1857.357363465952
18063210616,NA,2027,1868.2989502735604
18063210616,NA,2028,1875.6173972424574
18063210617,NA,2024,1816.5419371805497
18063210617,NA,2025,1840.9989308124434
18063210617,NA,2026,1857.3573634658358
18063210617,NA,2027,1868.2989502734065
18063210617,NA,2028,1875.6173972422719
18097310104,NA,2024,1620.4402173079864
18097310104,NA,2025,1697.3783901855131
18097310104,NA,2026,1765.8507035765433
18097310104,NA,2027,1826.788694768285
18097310104,NA,2028,1881.021399734425
18097310105,NA,2024,1620.4402173079864
18097310105,NA,2025,1697.3783901855131
18097310105,NA,2026,1765.8507035765433
18097310105,NA,2027,1826.788694768285
18097310105,NA,2028,1881.021399734425
18097310106,NA,2024,1718.3728306541395
18097310106,NA,2025,1916.6389156071
18097310106,NA,2026,2101.02816194933
18097310106,NA,2027,2272.511823286174
18097310106,NA,2028,2431.9931742262947
18097310108,NA,2024,1653.0979005513434
18097310108,NA,2025,1654.3084958438183
18097310108,NA,2026,1654.4528147780607
18097310108,NA,2027,1654.4700194994984
18097310108,NA,2028,1654.4720705293325
18097310110,NA,2024,1565.1246423608973
18097310110,NA,2025,1673.3423682348948
18097310110,NA,2026,1773.9932048079074
18097310110,NA,2027,1867.6062503698035
18097310110,NA,2028,1954.6736071623782
18097310111,NA,2024,1565.1246423608973
18097310111,NA,2025,1673.3423682348948
18097310111,NA,2026,1773.9932048079074
18097310111,NA,2027,1867.6062503698035
18097310111,NA,2028,1954.6736071623782
18097310113,NA,2024,1816.541997310457
18097310113,NA,2025,1840.9990713800253
18097310113,NA,2026,1857.3575847364293
18097310113,NA,2027,1868.2992435166439
18097310113,NA,2028,1875.6177506605575
18097310201,NA,2024,1620.4402173079864
18097310201,NA,2025,1697.3783901855131
18097310201,NA,2026,1765.8507035765433
18097310201,NA,2027,1826.788694768285
18097310201,NA,2028,1881.021399734425
18097310203,NA,2024,1620.4402173079864
18097310203,NA,2025,1697.3783901855131
18097310203,NA,2026,1765.8507035765433
18097310203,NA,2027,1826.788694768285
18097310203,NA,2028,1881.021399734425
18097310204,NA,2024,1639.6263243773578
18097310204,NA,2025,1743.1900389808707
18097310204,NA,2026,1841.7847555977364
18097310204,NA,2027,1937.4578277236187
18097310204,NA,2028,2031.4130471647886
18097310305,NA,2024,1565.1246423608973
18097310305,NA,2025,1673.3423682348948
18097310305,NA,2026,1773.9932048079074
18097310305,NA,2027,1867.6062503698035
18097310305,NA,2028,1954.6736071623782
18097310306,NA,2024,1565.1246423608973
18097310306,NA,2025,1673.3423682348948
18097310306,NA,2026,1773.9932048079074
18097310306,NA,2027,1867.6062503698035
18097310306,NA,2028,1954.6736071623782
18097310308,NA,2024,431.07236495790403
18097310308,NA,2025,460.8780876694313
18097310308,NA,2026,488.5997100282317
18097310308,NA,2027,514.3829582199198
18097310308,NA,2028,538.36336884344
18097310309,NA,2024,1565.1246425997265
18097310309,NA,2025,1673.3423689502215
18097310309,NA,2026,1773.9932062029952
18097310309,NA,2027,1867.6062526171606
18097310309,NA,2028,1954.673610407065
18097310310,NA,2024,1565.1246423608973
18097310310,NA,2025,1673.3423682348948
18097310310,NA,2026,1773.9932048079074
18097310310,NA,2027,1867.6062503698035
18097310310,NA,2028,1954.6736071623782
18097310311,NA,2024,189.61434595899587
18097310311,NA,2025,202.72506871554364
18097310311,NA,2026,214.919180291382
18097310311,NA,2027,226.26076380932597
18097310311,NA,2028,236.80942214285895
18097310312,NA,2024,1565.1246425997265
18097310312,NA,2025,1673.3423689502215
18097310312,NA,2026,1773.9932062029952
18097310312,NA,2027,1867.6062526171606
18097310312,NA,2028,1954.673610407065
18097320202,NA,2024,1415.2850007887957
18097320202,NA,2025,1474.5335601754325
18097320202,NA,2026,1527.718004603054
18097320202,NA,2027,1575.4589987868337
18097320202,NA,2028,1618.313682147444
18097320301,NA,2024,1415.2849821241157
18097320301,NA,2025,1474.533508002073
18097320301,NA,2026,1527.7179073111226
18097320301,NA,2027,1575.4588474940206
18097320301,NA,2028,1618.3134702623033
18097320305,NA,2024,1415.2850007887957
18097320305,NA,2025,1474.5335601754325
18097320305,NA,2026,1527.718004603054
18097320305,NA,2027,1575.4589987868337
18097320305,NA,2028,1618.313682147444
18097320306,NA,2024,1415.2850007887957
18097320306,NA,2025,1474.5335601754325
18097320306,NA,2026,1527.718004603054
18097320306,NA,2027,1575.4589987868337
18097320306,NA,2028,1618.313682147444
18097320400,NA,2024,1415.2850007887957
18097320400,NA,2025,1474.5335601754325
18097320400,NA,2026,1527.718004603054
18097320400,NA,2027,1575.4589987868337
18097320400,NA,2028,1618.313682147444
18097320500,NA,2024,1415.2849818529357
18097320500,NA,2025,1474.533507244044
18097320500,NA,2026,1527.717905897564
18097320500,NA,2027,1575.4588452958808
18097320500,NA,2028,1618.3134671838152
18097320600,NA,2024,1415.2850007887957
18097320600,NA,2025,1474.5335601754325
18097320600,NA,2026,1527.718004603054
18097320600,NA,2027,1575.4589987868337
18097320600,NA,2028,1618.313682147444
18097320700,NA,2024,1416.2357664257868
18097320700,NA,2025,1476.5672555057301
18097320700,NA,2026,1530.886790074339
18097320700,NA,2027,1579.7934535886527
18097320700,NA,2028,1623.8266316174747
18097320800,NA,2024,1342.4836237650388
18097320800,NA,2025,1345.4914828481722
18097320800,NA,2026,1345.6439251776012
18097320800,NA,2027,1345.651651159158
18097320800,NA,2028,1345.6520427222576
18097320903,NA,2024,1277.7728198082038
18097320903,NA,2025,1277.772924598014
18097320903,NA,2026,1277.7729246280699
18097320903,NA,2027,1277.7729246280785
18097320903,NA,2028,1277.7729246280785
18097321001,NA,2024,34.04827548729766
18097321001,NA,2025,35.35952950635298
18097321001,NA,2026,35.703540909043475
18097321001,NA,2027,35.793793326547096
18097321001,NA,2028,35.81747131745537
18097321002,NA,2024,0.2794691254826908
18097321002,NA,2025,0.297639547978358
18097321002,NA,2026,0.31489036739088155
18097321002,NA,2027,0.331427487753289
18097321002,NA,2028,0.3474107100878697
18097321100,NA,2024,252.25957477431376
18097321100,NA,2025,284.3785518919618
18097321100,NA,2026,309.97614419789545
18097321100,NA,2027,332.88168145662394
18097321100,NA,2028,354.67592708229853
18097321200,NA,2024,1318.8604653556247
18097321200,NA,2025,1319.278748088439
18097321200,NA,2026,1319.3064717198095
18097321200,NA,2027,1319.3083092322765
18097321200,NA,2028,1319.308431021952
18097321300,NA,2024,1415.2849821241157
18097321300,NA,2025,1474.533508002073
18097321300,NA,2026,1527.7179073111226
18097321300,NA,2027,1575.4588474940206
18097321300,NA,2028,1618.3134702623033
18097321400,NA,2024,1415.2850007887957
18097321400,NA,2025,1474.5335601754325
18097321400,NA,2026,1527.718004603054
18097321400,NA,2027,1575.4589987868337
18097321400,NA,2028,1618.313682147444
18097321600,NA,2024,1335.8761972402717
18097321600,NA,2025,1341.028776561301
18097321600,NA,2026,1342.3577870029992
18097321600,NA,2027,1342.7005801254525
18097321600,NA,2028,1342.7889971319066
18097321700,NA,2024,1364.740446063327
18097321700,NA,2025,1365.476432431369
18097321700,NA,2026,1365.5479944530846
18097321700,NA,2027,1365.5549526294508
18097321700,NA,2028,1365.5556291924822
18097321800,NA,2024,1269.9541275377373
18097321800,NA,2025,1270.991344019761
18097321800,NA,2026,1271.1097637443133
18097321800,NA,2027,1271.1232838063313
18097321800,NA,2028,1271.1248274011814
18097321900,NA,2024,1208.1905082317517
18097321900,NA,2025,1286.2385895048246
18097321900,NA,2026,1360.4888188971543
18097321900,NA,2027,1431.786159201948
18097321900,NA,2028,1500.787582173184
18097322000,NA,2024,1207.0261834978287
18097322000,NA,2025,1285.0357212606314
18097322000,NA,2026,1359.2384918951782
18097322000,NA,2027,1430.4817788088537
18097322000,NA,2028,1499.4242830376386
18097322100,NA,2024,1469.784911145132
18097322100,NA,2025,1554.5509037226561
18097322100,NA,2026,1637.335477807078
18097322100,NA,2027,1718.721394592307
18097322100,NA,2028,1799.120017553745
18097322200,NA,2024,1469.784911145132
18097322200,NA,2025,1554.5509037226582
18097322200,NA,2026,1637.3354778070855
18097322200,NA,2027,1718.7213945923236
18097322200,NA,2028,1799.1200175537742
18097322300,NA,2024,1469.784911145132
18097322300,NA,2025,1554.5509037226561
18097322300,NA,2026,1637.335477807078
18097322300,NA,2027,1718.721394592307
18097322300,NA,2028,1799.120017553745
18097322400,NA,2024,1469.784911145132
18097322400,NA,2025,1554.5509037226582
18097322400,NA,2026,1637.3354778070855
18097322400,NA,2027,1718.7213945923236
18097322400,NA,2028,1799.1200175537742
18097322500,NA,2024,1469.784911145132
18097322500,NA,2025,1554.5509037226561
18097322500,NA,2026,1637.335477807078
18097322500,NA,2027,1718.721394592307
18097322500,NA,2028,1799.120017553745
18097322601,NA,2024,1438.9322154496963
18097322601,NA,2025,1521.727182094129
18097322601,NA,2026,1601.3083010903165
18097322601,NA,2027,1677.8003241849503
18097322601,NA,2028,1751.3231606430593
18097322602,NA,2024,1466.6566228818551
18097322602,NA,2025,1551.067840397181
18097322602,NA,2026,1633.5033328152522
18097322602,NA,2027,1714.546409961112
18097322602,NA,2028,1794.60816622737
18097322700,NA,2024,1127.668463858827
18097322700,NA,2025,1163.8972361019219
18097322700,NA,2026,1193.6940324622644
18097322700,NA,2027,1218.2007716744647
18097322700,NA,2028,1238.3566387533203
18097330204,NA,2024,1550.4408865279815
18097330204,NA,2025,1618.1256003285125
18097330204,NA,2026,1677.2023489561223
18097330204,NA,2027,1728.765870945668
18097330204,NA,2028,1773.7716788435619
18097330210,NA,2024,1550.440906583246
18097330210,NA,2025,1618.1256553931578
18097330210,NA,2026,1677.2024498562423
18097330210,NA,2027,1728.7660251874465
18097330210,NA,2028,1773.7718912826049
18097330211,NA,2024,1550.440906583246
18097330211,NA,2025,1618.1256553931578
18097330211,NA,2026,1677.2024498562423
18097330211,NA,2027,1728.7660251874465
18097330211,NA,2028,1773.7718912826049
18097330212,NA,2024,1550.4409065955876
18097330212,NA,2025,1618.1256554270444
18097330212,NA,2026,1677.2024499183362
18097330212,NA,2027,1728.766025282367
18097330212,NA,2028,1773.7718914133404
18097330401,NA,2024,1264.1364970826126
18097330401,NA,2025,1264.458068272202
18097330401,NA,2026,1264.4862054259693
18097330401,NA,2027,1264.4886673984586
18097330401,NA,2028,1264.4888828185608
18097330500,NA,2024,1129.2111831403301
18097330500,NA,2025,1164.5130898783116
18097330500,NA,2026,1193.2333915163401
18097330500,NA,2027,1216.599147148227
18097330500,NA,2028,1235.6086458342072
18097330600,NA,2024,1129.211183201211
18097330600,NA,2025,1164.5130900382535
18097330600,NA,2026,1193.2333917971703
18097330600,NA,2027,1216.5991475601909
18097330600,NA,2028,1235.6086463795277
18097330701,NA,2024,1129.2111832012076
18097330701,NA,2025,1164.5130900382444
18097330701,NA,2026,1193.2333917971541
18097330701,NA,2027,1216.599147560167
18097330701,NA,2028,1235.6086463794961
18097330702,NA,2024,1485.5547152025881
18097330702,NA,2025,1548.2668422041077
18097330702,NA,2026,1602.655962639147
18097330702,NA,2027,1649.8266864391153
18097330702,NA,2028,1690.7370222933318
18097330803,NA,2024,1550.440906583246
18097330803,NA,2025,1618.1256553931578
18097330803,NA,2026,1677.2024498562423
18097330803,NA,2027,1728.7660251874465
18097330803,NA,2028,1773.7718912826049
18097330804,NA,2024,1547.1861260974983
18097330804,NA,2025,1614.6223069175567
18097330804,NA,2026,1673.4649511911196
18097330804,NA,2027,1724.8091516336688
18097330804,NA,2028,1769.610450957144
18097330805,NA,2024,1129.211183223053
18097330805,NA,2025,1164.513090095635
18097330805,NA,2026,1193.2333918979225
18097330805,NA,2027,1216.5991477079892
18097330805,NA,2028,1235.60864657517
18097330806,NA,2024,1129.2111832230432
18097330806,NA,2025,1164.5130900956094
18097330806,NA,2026,1193.2333918978775
18097330806,NA,2027,1216.5991477079233
18097330806,NA,2028,1235.6086465750827
18097330900,NA,2024,1129.2111831403301
18097330900,NA,2025,1164.5130898783116
18097330900,NA,2026,1193.2333915163401
18097330900,NA,2027,1216.599147148227
18097330900,NA,2028,1235.6086458342072
18097331000,NA,2024,1127.7399896592317
18097331000,NA,2025,1163.9300848006362
18097331000,NA,2026,1193.6819594593455
18097331000,NA,2027,1218.1409735141285
18097331000,NA,2028,1238.2487272403948
18097340101,NA,2024,1494.635303294236
18097340101,NA,2025,1514.758391944421
18097340101,NA,2026,1528.2180538369585
18097340101,NA,2027,1537.2207721279085
18097340101,NA,2028,1543.2423897044348
18097340102,NA,2024,1178.1166011868768
18097340102,NA,2025,1240.5686705486469
18097340102,NA,2026,1301.2927264013167
18097340102,NA,2027,1360.3365819033315
18097340102,NA,2028,1417.7467272500298
18097340108,NA,2024,1074.5094849400223
18097340108,NA,2025,1091.362541426911
18097340108,NA,2026,1102.7007948725868
18097340108,NA,2027,1110.3288468700623
18097340108,NA,2028,1115.4607816565776
18097340111,NA,2024,1276.7070861249451
18097340111,NA,2025,1295.4656312596405
18097340111,NA,2026,1305.4842576545905
18097340111,NA,2027,1310.8350390782489
18097340111,NA,2028,1313.692802280019
18097340112,NA,2024,1227.7793125602761
18097340112,NA,2025,1244.5835928625922
18097340112,NA,2026,1253.0158644448068
18097340112,NA,2027,1257.2471199795305
18097340112,NA,2028,1259.3703347296212
18097340113,NA,2024,1799.4242683032378
18097340113,NA,2025,1828.5093730141662
18097340113,NA,2026,1849.6425421253434
18097340113,NA,2027,1864.997853413386
18097340113,NA,2028,1876.1549867099716
18097340114,NA,2024,1813.4533659832873
18097340114,NA,2025,1838.7490511339329
18097340114,NA,2026,1855.944008153522
18097340114,NA,2027,1867.6324263617937
18097340114,NA,2028,1875.5777280020257
18097340115,NA,2024,1209.0558472931084
18097340115,NA,2025,1273.1480088931535
18097340115,NA,2026,1335.4667765361937
18097340115,NA,2027,1396.0612190326458
18097340115,NA,2028,1454.9790474866218
18097340201,NA,2024,1074.5093838192302
18097340201,NA,2025,1091.362304244051
18097340201,NA,2026,1102.7004203820138
18097340201,NA,2027,1110.328349210812
18097340201,NA,2028,1115.4601804170904
18097340202,NA,2024,1074.5093870953956
18097340202,NA,2025,1091.3623119284196
18097340202,NA,2026,1102.7004325149337
18097340202,NA,2027,1110.328365334193
18097340202,NA,2028,1115.4601998962933
18097340301,NA,2024,1074.5094849400223
18097340301,NA,2025,1091.362541426911
18097340301,NA,2026,1102.7007948725868
18097340301,NA,2027,1110.3288468700623
18097340301,NA,2028,1115.4607816565776
18097340302,NA,2024,1074.5094849400223
18097340302,NA,2025,1091.362541426911
18097340302,NA,2026,1102.7007948725868
18097340302,NA,2027,1110.3288468700623
18097340302,NA,2028,1115.4607816565776
18097340400,NA,2024,978.2724427146652
18097340400,NA,2025,1026.586657211945
18097340400,NA,2026,1068.3204869885724
18097340400,NA,2027,1104.3701789052766
18097340400,NA,2028,1135.5099112098615
18097340500,NA,2024,975.2566341349203
18097340500,NA,2025,1025.560659818892
18097340500,NA,2026,1069.562570415195
18097340500,NA,2027,1108.0518982532647
18097340500,NA,2028,1141.7192626324572
18097340600,NA,2024,975.256633255481
18097340600,NA,2025,1025.5606574009273
18097340600,NA,2026,1069.5625659785633
18097340600,NA,2027,1108.0518914622762
18097340600,NA,2028,1141.7192532672168
18097340700,NA,2024,976.0962803335652
18097340700,NA,2025,1026.5231105558842
18097340700,NA,2026,1070.748186203103
18097340700,NA,2027,1109.5342313972853
18097340700,NA,2028,1143.5501664700785
18097340800,NA,2024,1074.5094849400223
18097340800,NA,2025,1091.362541426911
18097340800,NA,2026,1102.7007948725868
18097340800,NA,2027,1110.3288468700623
18097340800,NA,2028,1115.4607816565776
18097340901,NA,2024,1209.0558472931084
18097340901,NA,2025,1273.1480088931535
18097340901,NA,2026,1335.4667765361937
18097340901,NA,2027,1396.0612190326458
18097340901,NA,2028,1454.9790474866218
18097340903,NA,2024,1074.5094034765782
18097340903,NA,2025,1091.362350351104
18097340903,NA,2026,1102.7004931808747
18097340903,NA,2027,1110.3284459528968
18097340903,NA,2028,1115.4602972944958
18097340904,NA,2024,1074.5094849400232
18097340904,NA,2025,1091.3625414269131
18097340904,NA,2026,1102.7007948725902
18097340904,NA,2027,1110.3288468700669
18097340904,NA,2028,1115.460781656583
18097341000,NA,2024,1048.801368986514
18097341000,NA,2025,1049.5594724056687
18097341000,NA,2026,1049.6657882001084
18097341000,NA,2027,1049.6806978389013
18097341000,NA,2028,1049.6827887542738
18097341100,NA,2024,975.2566562429072
18097341100,NA,2025,1025.5607206034597
18097341100,NA,2026,1069.5626819465099
18097341100,NA,2027,1108.0520689701475
18097341100,NA,2028,1141.7194980628133
18097341200,NA,2024,975.2566341469484
18097341200,NA,2025,1025.5606598519626
18097341200,NA,2026,1069.562570475875
18097341200,NA,2027,1108.051898346145
18097341200,NA,2028,1141.7192627605457
18097341600,NA,2024,975.2566341469484
18097341600,NA,2025,1025.5606598519626
18097341600,NA,2026,1069.562570475875
18097341600,NA,2027,1108.051898346145
18097341600,NA,2028,1141.7192627605457
18097341701,NA,2024,975.256633255481
18097341701,NA,2025,1025.5606574009273
18097341701,NA,2026,1069.5625659785633
18097341701,NA,2027,1108.0518914622762
18097341701,NA,2028,1141.7192532672168
18097341702,NA,2024,1069.9854272229684
18097341702,NA,2025,1094.540854483768
18097341702,NA,2026,1110.1096956493661
18097341702,NA,2027,1119.9807849472734
18097341702,NA,2028,1126.2393370701227
18097341902,NA,2024,1208.08665251854
18097341902,NA,2025,1240.200373022964
18097341902,NA,2026,1261.5649868243227
18097341902,NA,2027,1275.7784356465581
18097341902,NA,2028,1285.2343579160006
18097341903,NA,2024,1091.0618925015033
18097341903,NA,2025,1117.2900765315142
18097341903,NA,2026,1138.565048510892
18097341903,NA,2027,1155.8222262173397
18097341903,NA,2028,1169.8203730859038
18097341904,NA,2024,1074.5094849400223
18097341904,NA,2025,1091.362541426911
18097341904,NA,2026,1102.7007948725868
18097341904,NA,2027,1110.3288468700623
18097341904,NA,2028,1115.4607816565776
18097342400,NA,2024,1243.5929971583682
18097342400,NA,2025,1244.2882385697274
18097342400,NA,2026,1244.3495738462377
18097342400,NA,2027,1244.3549849395401
18097342400,NA,2028,1244.3554623145908
18097342600,NA,2024,1349.518101131799
18097342600,NA,2025,1407.0716306641607
18097342600,NA,2026,1455.355392906408
18097342600,NA,2027,1495.8624081183077
18097342600,NA,2028,1529.8452256366447
18097350100,NA,2024,1192.0664484490521
18097350100,NA,2025,1269.5717935343446
18097350100,NA,2026,1343.1546016330772
18097350100,NA,2027,1413.693149688899
18097350100,NA,2028,1481.8690637553884
18097350300,NA,2024,1241.2380200404166
18097350300,NA,2025,1320.3379373683929
18097350300,NA,2026,1395.8870944578
18097350300,NA,2027,1468.6701107219567
18097350300,NA,2028,1539.2982264715688
18097350400,NA,2024,1469.7849111451278
18097350400,NA,2025,1554.5509037226436
18097350400,NA,2026,1637.3354778070545
18097350400,NA,2027,1718.7213945922704
18097350400,NA,2028,1799.1200175536937
18097350500,NA,2024,1018.5521316049967
18097350500,NA,2025,1073.7739244138452
18097350500,NA,2026,1124.1962657098484
18097350500,NA,2027,1170.2362867314628
18097350500,NA,2028,1212.2748648932175
18097350600,NA,2024,1018.5521316049967
18097350600,NA,2025,1073.7739244138452
18097350600,NA,2026,1124.1962657098484
18097350600,NA,2027,1170.2362867314628
18097350600,NA,2028,1212.2748648932175
18097350700,NA,2024,1018.5520525633774
18097350700,NA,2025,1073.7737010284552
18097350700,NA,2026,1124.195844626799
18097350700,NA,2027,1170.2356249614954
18097350700,NA,2028,1212.273928413091
18097350800,NA,2024,1092.150253034418
18097350800,NA,2025,1115.3739476004864
18097350800,NA,2026,1128.5818904713278
18097350800,NA,2027,1136.0936046123797
18097350800,NA,2028,1140.3657194972382
18097350900,NA,2024,1469.784911145132
18097350900,NA,2025,1554.5509037226561
18097350900,NA,2026,1637.335477807078
18097350900,NA,2027,1718.721394592307
18097350900,NA,2028,1799.120017553745
18097351000,NA,2024,1264.0513631369386
18097351000,NA,2025,1343.830029796351
18097351000,NA,2026,1420.2216619597684
18097351000,NA,2027,1493.9754142691145
18097351000,NA,2028,1565.6747410529028
18097351200,NA,2024,1192.0664484490521
18097351200,NA,2025,1269.5717935343446
18097351200,NA,2026,1343.1546016330772
18097351200,NA,2027,1413.693149688899
18097351200,NA,2028,1481.8690637553884
18097351500,NA,2024,1249.1173635842636
18097351500,NA,2025,1328.4560472722696
18097351500,NA,2026,1404.3011522882443
18097351500,NA,2027,1477.4244827921434
18097351500,NA,2028,1548.4273353592234
18097351600,NA,2024,1370.249238781364
18097351600,NA,2025,1467.0607739033478
18097351600,NA,2026,1566.7841192569742
18097351600,NA,2027,1665.3780852571545
18097351600,NA,2028,1764.4100941318768
18097351700,NA,2024,1425.3784191982345
18097351700,NA,2025,1524.0498097651378
18097351700,NA,2026,1622.8192984175241
18097351700,NA,2027,1721.5807765822378
18097351700,NA,2028,1820.3429088668809
18097351900,NA,2024,1018.5521316049967
18097351900,NA,2025,1073.7739244138452
18097351900,NA,2026,1124.1962657098484
18097351900,NA,2027,1170.2362867314628
18097351900,NA,2028,1212.2748648932175
18097352100,NA,2024,1018.552131522874
18097352100,NA,2025,1073.7739241817517
18097352100,NA,2026,1124.19626527235
18097352100,NA,2027,1170.2362860438943
18097352100,NA,2028,1212.274863920229
18097352300,NA,2024,1018.5521316049967
18097352300,NA,2025,1073.7739244138452
18097352300,NA,2026,1124.1962657098484
18097352300,NA,2027,1170.2362867314628
18097352300,NA,2028,1212.2748648932175
18097352400,NA,2024,989.3706424565332
18097352400,NA,2025,1002.5575611077185
18097352400,NA,2026,1008.4124087359528
18097352400,NA,2027,1011.0118970361829
18097352400,NA,2028,1012.1660414054481
18097352500,NA,2024,1090.1941521193255
18097352500,NA,2025,1169.8777602792338
18097352500,NA,2026,1246.6989550159738
18097352500,NA,2027,1321.0748641739801
18097352500,NA,2028,1393.361829256626
18097352600,NA,2024,1060.3695026964376
18097352600,NA,2025,1115.7791300674432
18097352600,NA,2026,1161.6411521102502
18097352600,NA,2027,1199.6007119494043
18097352600,NA,2028,1231.0194789160544
18097352700,NA,2024,1081.0713363587952
18097352700,NA,2025,1151.626708113855
18097352700,NA,2026,1216.8707067450482
18097352700,NA,2027,1277.2031697666444
18097352700,NA,2028,1332.9938351246683
18097352800,NA,2024,1166.100745969709
18097352800,NA,2025,1193.8620383613568
18097352800,NA,2026,1211.6228826342408
18097352800,NA,2027,1222.9857394074556
18097352800,NA,2028,1230.2553552018871
18097353300,NA,2024,1351.880509015831
18097353300,NA,2025,1388.5469129392584
18097353300,NA,2026,1415.193541464334
18097353300,NA,2027,1434.5584841850928
18097353300,NA,2028,1448.6315968952194
18097353500,NA,2024,1351.880509015831
18097353500,NA,2025,1388.5469129392584
18097353500,NA,2026,1415.193541464334
18097353500,NA,2027,1434.5584841850928
18097353500,NA,2028,1448.6315968952194
18097353600,NA,2024,1244.5866682779506
18097353600,NA,2025,1246.6816023902113
18097353600,NA,2026,1247.0416824412641
18097353600,NA,2027,1247.1035734775537
18097353600,NA,2028,1247.1142113908782
18097354201,NA,2024,1642.6287821070023
18097354201,NA,2025,1642.6342260188715
18097354201,NA,2026,1642.634284870345
18097354201,NA,2027,1642.6342855065595
18097354201,NA,2028,1642.6342855134374
18097354202,NA,2024,1506.6808621406394
18097354202,NA,2025,1506.7892885690355
18097354202,NA,2026,1506.794066884095
18097354202,NA,2027,1506.7942774627809
18097354202,NA,2028,1506.7942867429106
18097354400,NA,2024,1229.2957372575625
18097354400,NA,2025,1230.0558860928008
18097354400,NA,2026,1230.1326659314936
18097354400,NA,2027,1230.1404211806716
18097354400,NA,2028,1230.1412045098741
18097354500,NA,2024,1084.7596928014027
18097354500,NA,2025,1144.9829159518229
18097354500,NA,2026,1192.0589770568195
18097354500,NA,2027,1227.4149980582572
18097354500,NA,2028,1252.7712977758392
18097354700,NA,2024,1084.7596928237529
18097354700,NA,2025,1144.9829160339248
18097354700,NA,2026,1192.0589772429885
18097354700,NA,2027,1227.4149983924508
18097354700,NA,2028,1252.7712982961011
18097354800,NA,2024,1084.759692871847
18097354800,NA,2025,1144.9829162014646
18097354800,NA,2026,1192.058977605596
18097354800,NA,2027,1227.4149990169747
18097354800,NA,2028,1252.7712992329011
18097354900,NA,2024,1084.759692871847
18097354900,NA,2025,1144.9829162014646
18097354900,NA,2026,1192.058977605596
18097354900,NA,2027,1227.4149990169747
18097354900,NA,2028,1252.7712992329011
18097355000,NA,2024,1084.7596928014027
18097355000,NA,2025,1144.9829159518229
18097355000,NA,2026,1192.0589770568195
18097355000,NA,2027,1227.4149980582572
18097355000,NA,2028,1252.7712977758392
18097355100,NA,2024,1084.759692871847
18097355100,NA,2025,1144.9829162014646
18097355100,NA,2026,1192.058977605596
18097355100,NA,2027,1227.4149990169747
18097355100,NA,2028,1252.7712992329011
18097355300,NA,2024,1087.7332869039296
18097355300,NA,2025,1166.4294491964117
18097355300,NA,2026,1242.2184893781687
18097355300,NA,2027,1315.6034764345918
18097355300,NA,2028,1387.0004247333359
18097355400,NA,2024,1084.0054512028034
18097355400,NA,2025,1149.6518376359288
18097355400,NA,2026,1206.2422919905505
18097355400,NA,2027,1254.8872161967486
18097355400,NA,2028,1296.610651745893
18097355500,NA,2024,1170.2523516767023
18097355500,NA,2025,1246.7104662376578
18097355500,NA,2026,1320.1499064034692
18097355500,NA,2027,1391.273174214967
18097355500,NA,2028,1460.6192863373597
18097355600,NA,2024,1119.2088855749012
18097355600,NA,2025,1198.8981737936517
18097355600,NA,2026,1275.4257896145652
18097355600,NA,2027,1349.2247864584028
18097355600,NA,2028,1420.6689025349756
18097355700,NA,2024,1177.101175064146
18097355700,NA,2025,1259.0073451679586
18097355700,NA,2026,1340.0529525110646
18097355700,NA,2027,1421.4910305846552
18097355700,NA,2028,1502.7501173268515
18097355900,NA,2024,1296.0447577501513
18097355900,NA,2025,1369.0416781308863
18097355900,NA,2026,1439.3846127988609
18097355900,NA,2027,1508.128839443798
18097355900,NA,2028,1575.9100362839263
18097356200,NA,2024,1432.2720808188396
18097356200,NA,2025,1432.679943189198
18097356200,NA,2026,1432.714066982525
18097356200,NA,2027,1432.716921948699
18097356200,NA,2028,1432.7171608093608
18097356400,NA,2024,1160.1546810527184
18097356400,NA,2025,1188.8483833062628
18097356400,NA,2026,1206.669890531157
18097356400,NA,2027,1217.7387347312017
18097356400,NA,2028,1224.6135355198646
18097357000,NA,2024,944.3763296672932
18097357000,NA,2025,997.79505993825
18097357000,NA,2026,1049.1712314000142
18097357000,NA,2027,1099.2239764893754
18097357000,NA,2028,1148.419239603045
18097357100,NA,2024,1302.401944481415
18097357100,NA,2025,1376.0724034119462
18097357100,NA,2026,1446.9259370615714
18097357100,NA,2027,1515.9543125893188
18097357100,NA,2028,1583.8001213686907
18097357200,NA,2024,1302.401944481415
18097357200,NA,2025,1376.0724034119462
18097357200,NA,2026,1446.9259370615714
18097357200,NA,2027,1515.9543125893188
18097357200,NA,2028,1583.8001213686907
18097357300,NA,2024,1302.4019444539044
18097357300,NA,2025,1376.0724033514125
18097357300,NA,2026,1446.925936972421
18097357300,NA,2027,1515.954312479575
18097357300,NA,2028,1583.8001212469017
18097357400,NA,2024,1302.4019584336436
18097357400,NA,2025,1376.0724398968077
18097357400,NA,2026,1446.9260013407418
18097357400,NA,2027,1515.9544078790282
18097357400,NA,2028,1583.8002496278036
18097357500,NA,2024,1302.4019444539044
18097357500,NA,2025,1376.0724033514125
18097357500,NA,2026,1446.925936972421
18097357500,NA,2027,1515.954312479575
18097357500,NA,2028,1583.8001212469017
18097357601,NA,2024,1302.4019444539044
18097357601,NA,2025,1376.0724033514125
18097357601,NA,2026,1446.925936972421
18097357601,NA,2027,1515.954312479575
18097357601,NA,2028,1583.8001212469017
18097357602,NA,2024,1302.4019444539044
18097357602,NA,2025,1376.0724033514125
18097357602,NA,2026,1446.925936972421
18097357602,NA,2027,1515.954312479575
18097357602,NA,2028,1583.8001212469017
18097357800,NA,2024,435.48786283939444
18097357800,NA,2025,460.12126486731466
18097357800,NA,2026,483.8127635345535
18097357800,NA,2027,506.89397886358836
18097357800,NA,2028,529.5797759698663
18097357900,NA,2024,221.85544350399556
18097357900,NA,2025,234.40471620684949
18097357900,NA,2026,246.4741454657488
18097357900,NA,2027,258.23267181928577
18097357900,NA,2028,269.78975618631534
18097358100,NA,2024,1500.0991279602838
18097358100,NA,2025,1554.4217317019616
18097358100,NA,2026,1594.7980745837879
18097358100,NA,2027,1623.736094607807
18097358100,NA,2028,1643.6574552778377
18097360101,NA,2024,1018.5520525633774
18097360101,NA,2025,1073.7737010284552
18097360101,NA,2026,1124.195844626799
18097360101,NA,2027,1170.2356249614954
18097360101,NA,2028,1212.273928413091
18097360102,NA,2024,1018.5521281670258
18097360102,NA,2025,1073.7739146975364
18097360102,NA,2026,1124.1962473945296
18097360102,NA,2027,1170.2362579472772
18097360102,NA,2028,1212.2748241602899
18097360201,NA,2024,1124.4176160046131
18097360201,NA,2025,1160.9250425262744
18097360201,NA,2026,1191.1200991774274
18097360201,NA,2027,1216.094235484334
18097360201,NA,2028,1236.7501822997915
18097360202,NA,2024,1129.2111831403301
18097360202,NA,2025,1164.5130898783116
18097360202,NA,2026,1193.2333915163401
18097360202,NA,2027,1216.599147148227
18097360202,NA,2028,1235.6086458342072
18097360301,NA,2024,910.8223188978366
18097360301,NA,2025,944.9272415363376
18097360301,NA,2026,974.300694578041
18097360301,NA,2027,999.5990877964774
18097360301,NA,2028,1021.387765434274
18097360302,NA,2024,916.617382846426
18097360302,NA,2025,951.9053629819381
18097360302,NA,2026,982.4626368619737
18097360302,NA,2027,1008.9234029186806
18097360302,NA,2028,1031.8368389488896
18097360401,NA,2024,1622.8340870622765
18097360401,NA,2025,1673.7979840321702
18097360401,NA,2026,1717.7580055013998
18097360401,NA,2027,1755.6766813184536
18097360401,NA,2028,1788.384262608541
18097360402,NA,2024,1550.440906583246
18097360402,NA,2025,1618.1256553931578
18097360402,NA,2026,1677.2024498562423
18097360402,NA,2027,1728.7660251874465
18097360402,NA,2028,1773.7718912826049
18097360405,NA,2024,1624.7519398167146
18097360405,NA,2025,1675.7580721333509
18097360405,NA,2026,1719.7532563172963
18097360405,NA,2027,1757.7011685283928
18097360405,NA,2028,1790.433024705201
18097360406,NA,2024,1550.4409065955876
18097360406,NA,2025,1618.1256554270444
18097360406,NA,2026,1677.2024499183362
18097360406,NA,2027,1728.766025282367
18097360406,NA,2028,1773.7718914133404
18097360407,NA,2024,1553.168055868647
18097360407,NA,2025,1623.0712150095324
18097360407,NA,2026,1685.2004926329482
18097360407,NA,2027,1740.4204166742609
18097360407,NA,2028,1789.49937152081
18097360501,NA,2024,1624.7519398167146
18097360501,NA,2025,1675.7580721333509
18097360501,NA,2026,1719.7532563172963
18097360501,NA,2027,1757.7011685283928
18097360501,NA,2028,1790.433024705201
18097360502,NA,2024,1616.4338112425078
18097360502,NA,2025,1667.256820297582
18097360502,NA,2026,1711.0995755755898
18097360502,NA,2027,1748.920775581365
18097360502,NA,2028,1781.5474469848016
18097360601,NA,2024,910.8223188243722
18097360601,NA,2025,944.9272413363284
18097360601,NA,2026,974.3006942145483
18097360601,NA,2027,999.5990872452475
18097360601,NA,2028,1021.3877646809291
18097360602,NA,2024,910.8222899124415
18097360602,NA,2025,944.9271626226173
18097360602,NA,2026,974.3005511618969
18097360602,NA,2027,999.5988703085933
18097360602,NA,2028,1021.3874682019639
18097360700,NA,2024,910.8223188978366
18097360700,NA,2025,944.9272415363376
18097360700,NA,2026,974.300694578041
18097360700,NA,2027,999.5990877964774
18097360700,NA,2028,1021.387765434274
18097360800,NA,2024,910.8223186888936
18097360800,NA,2025,944.9272409674833
18097360800,NA,2026,974.3006935442169
18097360800,NA,2027,999.5990862287023
18097360800,NA,2028,1021.3877632916557
18097360900,NA,2024,962.9706901090848
18097360900,NA,2025,1007.6166226429544
18097360900,NA,2026,1047.5729314361258
18097360900,NA,2027,1083.332216140597
18097360900,NA,2028,1115.335333575558
18097361000,NA,2024,910.822318869833
18097361000,NA,2025,944.9272414600969
18097361000,NA,2026,974.3006944394826
18097361000,NA,2027,999.5990875863562
18097361000,NA,2028,1021.3877651471093
18097361100,NA,2024,891.2956329146446
18097361100,NA,2025,899.8484566463726
18097361100,NA,2026,903.534587544273
18097361100,NA,2027,905.1232512912003
18097361100,NA,2028,905.8079400802606
18097361200,NA,2024,896.4675430188046
18097361200,NA,2025,905.4398673041732
18097361200,NA,2026,909.3808532793182
18097361200,NA,2027,911.111884165219
18097361200,NA,2028,911.872218748199
18097361300,NA,2024,910.8223188978366
18097361300,NA,2025,944.9272415363376
18097361300,NA,2026,974.300694578041
18097361300,NA,2027,999.5990877964774
18097361300,NA,2028,1021.387765434274
18097361401,NA,2024,1801.9997725980702
18097361401,NA,2025,1869.0266916674357
18097361401,NA,2026,1928.7262489517152
18097361401,NA,2027,1981.8994693447125
18097361401,NA,2028,2029.2598099498982
18097361402,NA,2024,1393.2609602776224
18097361402,NA,2025,1463.2228480057024
18097361402,NA,2026,1528.563169948777
18097361402,NA,2027,1589.587219045598
18097361402,NA,2028,1646.5801210918348
18097361601,NA,2024,1705.6659925579431
18097361601,NA,2025,1735.3632185759348
18097361601,NA,2026,1753.7305240711325
18097361601,NA,2027,1765.0904373152025
18097361601,NA,2028,1772.116379631376
18097361602,NA,2024,1803.8312375537269
18097361602,NA,2025,1870.9175155458772
18097361602,NA,2026,1930.66834169726
18097361602,NA,2027,1983.8858003583368
18097361602,NA,2028,2031.2842731287067
18097370201,NA,2024,1498.1910274060558
18097370201,NA,2025,1549.3871636829922
18097370201,NA,2026,1584.746028489708
18097370201,NA,2027,1607.1131067242136
18097370201,NA,2028,1619.4389075817446
18097370203,NA,2024,1241.2222148667447
18097370203,NA,2025,1241.8891619439298
18097370203,NA,2026,1241.946787454287
18097370203,NA,2027,1241.951766409226
18097370203,NA,2028,1241.9521966005098
18097370204,NA,2024,1500.0991279602838
18097370204,NA,2025,1554.4217317019616
18097370204,NA,2026,1594.7980745837879
18097370204,NA,2027,1623.736094607807
18097370204,NA,2028,1643.6574552778377
18097370303,NA,2024,1232.2772127422636
18097370303,NA,2025,1233.2746221349844
18097370303,NA,2026,1233.381505029321
18097370303,NA,2027,1233.392958654267
18097370303,NA,2028,1233.3941860305017
18097370304,NA,2024,1500.0991279602838
18097370304,NA,2025,1554.4217317019616
18097370304,NA,2026,1594.7980745837879
18097370304,NA,2027,1623.736094607807
18097370304,NA,2028,1643.6574552778377
18097370305,NA,2024,1500.0991283479352
18097370305,NA,2025,1554.4217330003976
18097370305,NA,2026,1594.7980772891915
18097370305,NA,2027,1623.7360991004061
18097370305,NA,2028,1643.657461786993
18097370306,NA,2024,1500.0991284461968
18097370306,NA,2025,1554.421733337153
18097370306,NA,2026,1594.7980780051685
18097370306,NA,2027,1623.7361003108842
18097370306,NA,2028,1643.6574635691363
18097380101,NA,2024,1670.9861709975874
18097380101,NA,2025,1739.060200426804
18097380101,NA,2026,1801.141716758661
18097380101,NA,2027,1857.7582370730659
18097380101,NA,2028,1909.3908414601233
18097380102,NA,2024,1670.9861711014828
18097380102,NA,2025,1739.0602007201985
18097380102,NA,2026,1801.1417173112823
18097380102,NA,2027,1857.7582379408966
18097380102,NA,2028,1909.390842687281
18097380103,NA,2024,1664.3609410877789
18097380103,NA,2025,1732.1650665170253
18097380103,NA,2026,1794.0004383929313
18097380103,NA,2027,1850.392482251996
18097380103,NA,2028,1901.8203707586677
18097380200,NA,2024,913.7119235229972
18097380200,NA,2025,922.7509689306929
18097380200,NA,2026,926.8500945845288
18097380200,NA,2027,928.7090111368929
18097380200,NA,2028,929.5520130452192
18097380301,NA,2024,1587.0309953959134
18097380301,NA,2025,1587.6477188821796
18097380301,NA,2026,1587.707323238545
18097380301,NA,2027,1587.7130838093306
18097380301,NA,2028,1587.7136405501092
18097380302,NA,2024,1203.3033842797497
18097380302,NA,2025,1203.4228526086686
18097380302,NA,2026,1203.4283140643909
18097380302,NA,2027,1203.4285637330593
18097380302,NA,2028,1203.4285751465811
18097380402,NA,2024,1651.4020542152427
18097380402,NA,2025,1690.5258616389583
18097380402,NA,2026,1720.8888282102648
18097380402,NA,2027,1744.4527346835248
18097380402,NA,2028,1762.7400679378873
18097380403,NA,2024,1302.4019584612674
18097380403,NA,2025,1376.0724399575329
18097380403,NA,2026,1446.9260014300698
18097380403,NA,2027,1515.9544079888296
18097380403,NA,2028,1583.8002497494329
18097380404,NA,2024,1560.0150937446158
18097380404,NA,2025,1570.2749215792312
18097380404,NA,2026,1574.394036646915
18097380404,NA,2027,1576.047778718841
18097380404,NA,2028,1576.7117229873354
18097380600,NA,2024,1333.328336917503
18097380600,NA,2025,1334.8966713900218
18097380600,NA,2026,1335.1407021247746
18097380600,NA,2027,1335.178672978918
18097380600,NA,2028,1335.1845811927576
18097380700,NA,2024,1420.9143110780237
18097380700,NA,2025,1424.41302261163
18097380700,NA,2026,1425.1957412836941
18097380700,NA,2027,1425.370848180537
18097380700,NA,2028,1425.4100224412468
18097380901,NA,2024,1374.9404703834393
18097380901,NA,2025,1376.569095399108
18097380901,NA,2026,1376.836692843298
18097380901,NA,2027,1376.8806614618861
18097380901,NA,2028,1376.8878858934438
18097380902,NA,2024,1651.4020536782218
18097380902,NA,2025,1690.5258602684005
18097380902,NA,2026,1720.8888258693776
18097380902,NA,2027,1744.4527313385745
18097380902,NA,2028,1762.740063618903
18097381002,NA,2024,1369.9185297458446
18097381002,NA,2025,1372.0821444168944
18097381002,NA,2026,1372.4711151988672
18097381002,NA,2027,1372.5410436714612
18097381002,NA,2028,1372.5536152873922
18097381101,NA,2024,1457.6249274418444
18097381101,NA,2025,1462.7121113291591
18097381101,NA,2026,1464.0645072724183
18097381101,NA,2027,1464.4240332553309
18097381101,NA,2028,1464.5196109839048
18097381102,NA,2024,1559.3626136050204
18097381102,NA,2025,1576.0468571065767
18097381102,NA,2026,1583.7984003110917
18097381102,NA,2027,1587.399787574821
18097381102,NA,2028,1589.0730015247602
18097381205,NA,2024,1368.383380849685
18097381205,NA,2025,1369.934835130253
18097381205,NA,2026,1370.183895815827
18097381205,NA,2027,1370.2238784475267
18097381205,NA,2028,1370.2302970070593
18097381206,NA,2024,1208.8931260583863
18097381206,NA,2025,1209.4724993235254
18097381206,NA,2026,1209.5307737823607
18097381206,NA,2027,1209.5366351376508
18097381206,NA,2028,1209.5372246838522
18097381207,NA,2024,1670.9861711014828
18097381207,NA,2025,1739.0602007201985
18097381207,NA,2026,1801.1417173112823
18097381207,NA,2027,1857.7582379408966
18097381207,NA,2028,1909.390842687281
18097390102,NA,2024,1373.7334367747803
18097390102,NA,2025,1381.2298156077393
18097390102,NA,2026,1383.551421905484
18097390102,NA,2027,1384.2704164923143
18097390102,NA,2028,1384.4930869840312
18097390103,NA,2024,1549.620380012751
18097390103,NA,2025,1551.4353023959745
18097390103,NA,2026,1551.7234092844462
18097390103,NA,2027,1551.7691443417425
18097390103,NA,2028,1551.7764044786902
18097390104,NA,2024,1799.9941186285591
18097390104,NA,2025,1867.193159205509
18097390104,NA,2026,1927.0942628199691
18097390104,NA,2027,1980.4899985838083
18097390104,NA,2028,2028.086861174391
18097390200,NA,2024,1803.8312617608847
18097390200,NA,2025,1870.9175828735647
18097390200,NA,2026,1930.6684666333233
18097390200,NA,2027,1983.8859937067732
18097390200,NA,2028,2031.284542642057
18097390300,NA,2024,1803.8312375537269
18097390300,NA,2025,1870.9175155458772
18097390300,NA,2026,1930.66834169726
18097390300,NA,2027,1983.8858003583368
18097390300,NA,2028,2031.2842731287067
18097390405,NA,2024,1651.4020536782218
18097390405,NA,2025,1690.5258602684005
18097390405,NA,2026,1720.8888258693776
18097390405,NA,2027,1744.4527313385745
18097390405,NA,2028,1762.740063618903
18097390406,NA,2024,1803.831237347725
18097390406,NA,2025,1870.9175149729215
18097390406,NA,2026,1930.6683406340594
18097390406,NA,2027,1983.88579871295
18097390406,NA,2028,2031.2842708351598
18097390408,NA,2024,1607.8501475012943
18097390408,NA,2025,1608.3881619240863
18097390408,NA,2026,1608.4370710095236
18097390408,NA,2027,1608.441517170327
18097390408,NA,2028,1608.4419213558829
18097390409,NA,2024,1651.4020536782218
18097390409,NA,2025,1690.5258602684005
18097390409,NA,2026,1720.8888258693776
18097390409,NA,2027,1744.4527313385745
18097390409,NA,2028,1762.740063618903
18097390410,NA,2024,1651.4020536782218
18097390410,NA,2025,1690.5258602684005
18097390410,NA,2026,1720.8888258693776
18097390410,NA,2027,1744.4527313385745
18097390410,NA,2028,1762.740063618903
18097390411,NA,2024,1651.4020536782218
18097390411,NA,2025,1690.5258602684005
18097390411,NA,2026,1720.8888258693776
18097390411,NA,2027,1744.4527313385745
18097390411,NA,2028,1762.740063618903
18097390500,NA,2024,1192.0664484513695
18097390500,NA,2025,1269.5717935402092
18097390500,NA,2026,1343.1546016430025
18097390500,NA,2027,1413.6931497029414
18097390500,NA,2028,1481.8690637733257
18097390601,NA,2024,1129.2111832230657
18097390601,NA,2025,1164.5130900956685
18097390601,NA,2026,1193.2333918979812
18097390601,NA,2027,1216.5991477080752
18097390601,NA,2028,1235.6086465752837
18097390602,NA,2024,1128.8563019438147
18097390602,NA,2025,1163.023437119357
18097390602,NA,2026,1190.4155582922306
18097390602,NA,2027,1212.3760855209373
18097390602,NA,2028,1229.9820515985243
18097390700,NA,2024,975.2566341469484
18097390700,NA,2025,1025.5606598519626
18097390700,NA,2026,1069.562570475875
18097390700,NA,2027,1108.051898346145
18097390700,NA,2028,1141.7192627605457
18097390802,NA,2024,1321.4109837725632
18097390802,NA,2025,1324.1765768385608
18097390802,NA,2026,1324.6642347413276
18097390802,NA,2027,1324.7502236140417
18097390802,NA,2028,1324.765386059249
18097390900,NA,2024,1351.880509015831
18097390900,NA,2025,1388.5469129392584
18097390900,NA,2026,1415.193541464334
18097390900,NA,2027,1434.5584841850928
18097390900,NA,2028,1448.6315968952194
18097391001,NA,2024,914.7295424860407
18097391001,NA,2025,915.3084578028396
18097391001,NA,2026,915.3780421140917
18097391001,NA,2027,915.386405990866
18097391001,NA,2028,915.3874113099306
18097391002,NA,2024,1607.0333878930708
18097391002,NA,2025,1607.0464932695822
18097391002,NA,2026,1607.046707621053
18097391002,NA,2027,1607.0467111269845
18097391002,NA,2028,1607.0467111843275
