GEOID,NAME,year,percent_white
18097310103,NA,2024,54.72103505248802
18097310103,NA,2025,53.38597738601362
18097310103,NA,2026,53.49251192428645
18097310103,NA,2027,52.28958812476885
18097310103,NA,2028,51.17375083224746
18097310104,NA,2024,54.989854890422386
18097310104,NA,2025,47.605650635603105
18097310104,NA,2026,48.281685722984484
18097310104,NA,2027,42.75502278930725
18097310104,NA,2028,38.76613575368747
18097310105,NA,2024,37.57400093520479
18097310105,NA,2025,36.08975956502836
18097310105,NA,2026,36.09340648554791
18097310105,NA,2027,34.61631783310817
18097310105,NA,2028,33.14274043887284
18097310106,NA,2024,37.586005138141694
18097310106,NA,2025,34.743712183739646
18097310106,NA,2026,35.86421485942535
18097310106,NA,2027,34.493778931355216
18097310106,NA,2028,34.002664987341035
18097310108,NA,2024,65.37663870180087
18097310108,NA,2025,64.66647430496074
18097310108,NA,2026,64.66649451378522
18097310108,NA,2027,63.95637100120961
18097310108,NA,2028,63.24626817484801
18097310110,NA,2024,40.796217918205556
18097310110,NA,2025,40.52522575083303
18097310110,NA,2026,40.53296295776792
18097310110,NA,2027,40.27584635042745
18097310110,NA,2028,40.025198491069
18097310111,NA,2024,35.995132128941094
18097310111,NA,2025,35.33633138098411
18097310111,NA,2026,35.309099797188416
18097310111,NA,2027,34.59341761135429
18097310111,NA,2028,33.847870819655704
18097310112,NA,2024,59.58771343467318
18097310112,NA,2025,58.40125513549938
18097310112,NA,2026,58.401547342311574
18097310112,NA,2027,57.215668076842995
18097310112,NA,2028,56.03007573731895
18097310113,NA,2024,73.26803261703343
18097310113,NA,2025,71.14643021114063
18097310113,NA,2026,72.26292182951292
18097310113,NA,2027,71.8841136264294
18097310113,NA,2028,72.34682260056302
18097310201,NA,2024,30.748099682251656
18097310201,NA,2025,29.94140336573889
18097310201,NA,2026,29.944764038486568
18097310201,NA,2027,29.144626640390925
18097310201,NA,2028,28.347695338344025
18097310203,NA,2024,28.820825233903108
18097310203,NA,2025,27.372794600289556
18097310203,NA,2026,27.342458406764184
18097310203,NA,2027,25.844647990529023
18097310203,NA,2028,24.323482854054873
18097310204,NA,2024,12.80307997657392
18097310204,NA,2025,12.289767349102359
18097310204,NA,2026,12.30295123322719
18097310204,NA,2027,11.813732019592933
18097310204,NA,2028,11.335814684992792
18097310305,NA,2024,7.191977320197536
18097310305,NA,2025,6.0427324527256
18097310305,NA,2026,6.063028290971854
18097310305,NA,2027,4.959572027790785
18097310305,NA,2028,3.882939249701932
18097310306,NA,2024,4.5061379375767805
18097310306,NA,2025,4.110741820491649
18097310306,NA,2026,4.075088282124878
18097310306,NA,2027,3.6190938074248016
18097310306,NA,2028,3.134938095964738
18097310308,NA,2024,23.730611000305636
18097310308,NA,2025,24.218340221395607
18097310308,NA,2026,24.223259260246625
18097310308,NA,2027,24.72182263417119
18097310308,NA,2028,25.226502821171323
18097310309,NA,2024,25.07711935903596
18097310309,NA,2025,26.685985033518236
18097310309,NA,2026,26.62583995238396
18097310309,NA,2027,28.125723242796322
18097310309,NA,2028,29.57464327341376
18097310310,NA,2024,26.252309078277072
18097310310,NA,2025,25.090453778129785
18097310310,NA,2026,25.442214516838618
18097310310,NA,2027,24.853137365964358
18097310310,NA,2028,24.53367263917707
18097310311,NA,2024,21.388209681593683
18097310311,NA,2025,20.500046771976727
18097310311,NA,2026,20.737441702147727
18097310311,NA,2027,20.23961782899812
18097310311,NA,2028,19.924780580946635
18097310312,NA,2024,13.538027206624662
18097310312,NA,2025,13.100692936017127
18097310312,NA,2026,13.088603651422261
18097310312,NA,2027,12.629532517058637
18097310312,NA,2028,12.1603206456982
18097320105,NA,2024,44.13040557850935
18097320105,NA,2025,43.66078344519097
18097320105,NA,2026,42.76471875886838
18097320105,NA,2027,40.93603218620897
18097320105,NA,2028,38.435047090787826
18097320106,NA,2024,39.9980530281963
18097320106,NA,2025,37.223294997939746
18097320106,NA,2026,37.2046732879684
18097320106,NA,2027,34.39004685549434
18097320106,NA,2028,31.553803703963837
18097320107,NA,2024,86.36950546614473
18097320107,NA,2025,85.99698286569091
18097320107,NA,2026,85.99651704402038
18097320107,NA,2027,85.62307570994365
18097320107,NA,2028,85.24918110613642
18097320108,NA,2024,42.58026355543129
18097320108,NA,2025,43.329324837442236
18097320108,NA,2026,43.30466506457574
18097320108,NA,2027,44.00137561648595
18097320108,NA,2028,44.67002261735416
18097320109,NA,2024,76.37328162362707
18097320109,NA,2025,76.04098142805913
18097320109,NA,2026,76.05898607728851
18097320109,NA,2027,75.76034299910056
18097320109,NA,2028,75.47765968501535
18097320202,NA,2024,77.86971244264993
18097320202,NA,2025,75.98263296297159
18097320202,NA,2026,75.97109924194717
18097320202,NA,2027,74.0632182701345
18097320202,NA,2028,72.14562435179938
18097320203,NA,2024,71.02673717467925
18097320203,NA,2025,71.38095825413956
18097320203,NA,2026,71.40557667380246
18097320203,NA,2027,71.80298885320713
18097320203,NA,2028,72.2204584127712
18097320204,NA,2024,47.62138929161969
18097320204,NA,2025,45.99432877866977
18097320204,NA,2026,45.913130485870646
18097320204,NA,2027,44.171168781251005
18097320204,NA,2028,42.367722652230334
18097320205,NA,2024,68.84604771372868
18097320205,NA,2025,72.45530675004436
18097320205,NA,2026,71.26463808523296
18097320205,NA,2027,73.21295670555956
18097320205,NA,2028,74.25513780574146
18097320206,NA,2024,38.460082832808055
18097320206,NA,2025,38.653551896420595
18097320206,NA,2026,38.5405785453492
18097320206,NA,2027,38.58117882477068
18097320206,NA,2028,38.53461250454062
18097320301,NA,2024,86.45029874990631
18097320301,NA,2025,86.33832071004436
18097320301,NA,2026,86.40272625911307
18097320301,NA,2027,86.45040166883496
18097320301,NA,2028,86.60809467914443
18097320304,NA,2024,74.93144086444184
18097320304,NA,2025,73.36923002402267
18097320304,NA,2026,73.3692300243966
18097320304,NA,2027,71.80701918470415
18097320304,NA,2028,70.2448083453657
18097320305,NA,2024,74.4236231066333
18097320305,NA,2025,68.37472277339664
18097320305,NA,2026,68.52715210155286
18097320305,NA,2027,62.682619552502786
18097320305,NA,2028,56.95627527835169
18097320306,NA,2024,76.22907503450591
18097320306,NA,2025,73.45699843199756
18097320306,NA,2026,74.38778603098636
18097320306,NA,2027,72.81564483418704
18097320306,NA,2028,71.98297057512
18097320400,NA,2024,59.9466087048562
18097320400,NA,2025,60.17707096641964
18097320400,NA,2026,59.90139243866727
18097320400,NA,2027,59.69789732116342
18097320400,NA,2028,59.28612785889802
18097320500,NA,2024,66.42872270893234
18097320500,NA,2025,66.69141918627372
18097320500,NA,2026,66.70439382445328
18097320500,NA,2027,66.99489694771016
18097320500,NA,2028,67.30049796832718
18097320600,NA,2024,67.70724117529086
18097320600,NA,2025,65.56456251998699
18097320600,NA,2026,65.58481451001289
18097320600,NA,2027,63.48538237711739
18097320600,NA,2028,61.409316174109904
18097320700,NA,2024,83.252286693609
18097320700,NA,2025,81.37156266663484
18097320700,NA,2026,81.55125912804895
18097320700,NA,2027,80.1342682116802
18097320700,NA,2028,79.06189874789676
18097320800,NA,2024,88.7726614897835
18097320800,NA,2025,88.70766036208894
18097320800,NA,2026,88.73757263656232
18097320800,NA,2027,88.74577707384572
18097320800,NA,2028,88.80326069181358
18097320901,NA,2024,51.62561425523962
18097320901,NA,2025,50.65945592878419
18097320901,NA,2026,50.702136891449506
18097320901,NA,2027,49.808835423051356
18097320901,NA,2028,48.94937370150833
18097320902,NA,2024,28.23245384794749
18097320902,NA,2025,27.600296890751707
18097320902,NA,2026,27.746181664242084
18097320902,NA,2027,27.325468730983626
18097320902,NA,2028,27.01454303371048
18097320903,NA,2024,21.972713007214978
18097320903,NA,2025,26.8577704701573
18097320903,NA,2026,24.87950385497129
18097320903,NA,2027,27.490732611141766
18097320903,NA,2028,28.37509851373167
18097321001,NA,2024,33.26313262400996
18097321001,NA,2025,32.23414986226885
18097321001,NA,2026,32.22216285239864
18097321001,NA,2027,31.172192947283406
18097321001,NA,2028,30.11247865046108
18097321002,NA,2024,64.38010975346086
18097321002,NA,2025,66.67860872060888
18097321002,NA,2026,66.6586202296361
18097321002,NA,2027,68.91910748477343
18097321002,NA,2028,71.16137829338514
18097321100,NA,2024,61.77695121749778
18097321100,NA,2025,63.13519960632773
18097321100,NA,2026,63.090314830471335
18097321100,NA,2027,64.34726481371007
18097321100,NA,2028,65.54483992992996
18097321200,NA,2024,86.94554140915461
18097321200,NA,2025,86.28767720553454
18097321200,NA,2026,86.28188718716909
18097321200,NA,2027,85.61384085930852
18097321200,NA,2028,84.94106492071411
18097321300,NA,2024,86.81434423734774
18097321300,NA,2025,86.06804559052424
18097321300,NA,2026,85.9901521015189
18097321300,NA,2027,85.05679582888006
18097321300,NA,2028,84.00172169476679
18097321400,NA,2024,69.37156901489926
18097321400,NA,2025,69.31132716860428
18097321400,NA,2026,69.35737720663785
18097321400,NA,2027,69.3818272374878
18097321400,NA,2028,69.44611088521117
18097321600,NA,2024,46.77481208154243
18097321600,NA,2025,46.508988440570036
18097321600,NA,2026,46.74973021764428
18097321600,NA,2027,46.85228618204983
18097321600,NA,2028,47.1356178363424
18097321700,NA,2024,80.72605825839024
18097321700,NA,2025,81.0311259986207
18097321700,NA,2026,81.02773980939423
18097321700,NA,2027,81.32648228789323
18097321700,NA,2028,81.62222665602806
18097321800,NA,2024,92.45840734973963
18097321800,NA,2025,92.41088311444382
18097321800,NA,2026,92.4028660041335
18097321800,NA,2027,92.33563712968304
18097321800,NA,2028,92.25504032388739
18097321900,NA,2024,81.08531063398813
18097321900,NA,2025,81.20149985153498
18097321900,NA,2026,81.21628213070898
18097321900,NA,2027,81.35910801338623
18097321900,NA,2028,81.51436820332925
18097322000,NA,2024,44.494193902657926
18097322000,NA,2025,45.504668143471015
18097322000,NA,2026,45.3642342792453
18097322000,NA,2027,46.154071907745355
18097322000,NA,2028,46.837874077712634
18097322100,NA,2024,51.60650924733244
18097322100,NA,2025,52.464809851023006
18097322100,NA,2026,52.452924936015904
18097322100,NA,2027,53.28545000378523
18097322100,NA,2028,54.103745966420426
18097322200,NA,2024,70.4620100566836
18097322200,NA,2025,71.42807579839986
18097322200,NA,2026,71.45350629091091
18097322200,NA,2027,72.47302544401222
18097322200,NA,2028,73.5208317922081
18097322300,NA,2024,78.72112351103726
18097322300,NA,2025,78.56707659128202
18097322300,NA,2026,78.56710290010348
18097322300,NA,2027,78.4131089276572
18097322300,NA,2028,78.25914159782936
18097322400,NA,2024,59.88585051604833
18097322400,NA,2025,61.103722331639275
18097322400,NA,2026,61.19016889846981
18097322400,NA,2027,62.62385950410893
18097322400,NA,2028,64.20823737234578
18097322500,NA,2024,32.679470404693234
18097322500,NA,2025,33.31432290468468
18097322500,NA,2026,33.2956749555025
18097322500,NA,2027,33.894880821586675
18097322500,NA,2028,34.4769421384744
18097322600,NA,2024,10.671706331053525
18097322600,NA,2025,11.109755770577014
18097322600,NA,2026,11.109738256419448
18097322600,NA,2027,11.547755657524533
18097322600,NA,2028,11.98575802395414
18097322601,NA,2024,6.130715847360239
18097322601,NA,2025,7.732744863891055
18097322601,NA,2026,7.310720824775746
18097322601,NA,2027,8.421854433136431
18097322601,NA,2028,9.168596046100022
18097322602,NA,2024,30.52818182218853
18097322602,NA,2025,32.36265269938515
18097322602,NA,2026,32.143170064446515
18097322602,NA,2027,33.637918432850874
18097322602,NA,2028,34.96755264552264
18097322700,NA,2024,33.67827673308582
18097322700,NA,2025,35.44281506926793
18097322700,NA,2026,35.37009777197563
18097322700,NA,2027,36.9451464014827
18097322700,NA,2028,38.37673223330095
18097330103,NA,2024,63.20987176533744
18097330103,NA,2025,61.61056399511887
18097330103,NA,2026,61.5888911765939
18097330103,NA,2027,59.94917299467096
18097330103,NA,2028,58.29031969177043
18097330105,NA,2024,63.186998481932335
18097330105,NA,2025,61.36996406681231
18097330105,NA,2026,61.56564887241158
18097330105,NA,2027,60.2132153408722
18097330105,NA,2028,59.157103281607704
18097330106,NA,2024,33.13062302251795
18097330106,NA,2025,28.98241115170721
18097330106,NA,2026,29.385056411808403
18097330106,NA,2027,25.86475974479262
18097330106,NA,2028,22.647871288546515
18097330107,NA,2024,83.55468790238356
18097330107,NA,2025,83.28878294183178
18097330107,NA,2026,83.267826292386
18097330107,NA,2027,82.96416357020934
18097330107,NA,2028,82.6428757257932
18097330108,NA,2024,92.28377782539191
18097330108,NA,2025,91.48908448572396
18097330108,NA,2026,92.19367978304403
18097330108,NA,2027,92.34215816463556
18097330108,NA,2028,93.03743755124587
18097330109,NA,2024,68.52425925248323
18097330109,NA,2025,64.14688516902555
18097330109,NA,2026,64.45876900370563
18097330109,NA,2027,60.9262409613707
18097330109,NA,2028,58.08338618590047
18097330202,NA,2024,20.26770944516208
18097330202,NA,2025,19.743973010827386
18097330202,NA,2026,19.744880231736715
18097330202,NA,2027,19.22329553689244
18097330202,NA,2028,18.703080765277893
18097330203,NA,2024,89.55906607548008
18097330203,NA,2025,89.86401271839549
18097330203,NA,2026,89.88230810751264
18097330203,NA,2027,90.21900143882952
18097330203,NA,2028,90.57042864430018
18097330204,NA,2024,55.9605332991474
18097330204,NA,2025,55.016491051734846
18097330204,NA,2026,55.022561064955816
18097330204,NA,2027,54.090257640477425
18097330204,NA,2028,53.163649543653584
18097330206,NA,2024,51.9976137361904
18097330206,NA,2025,49.330632825969474
18097330206,NA,2026,49.29066497602013
18097330206,NA,2027,46.55329144044345
18097330206,NA,2028,43.78321454124892
18097330208,NA,2024,67.72580791279972
18097330208,NA,2025,67.61080076969313
18097330208,NA,2026,66.91311789435042
18097330208,NA,2027,65.76340515799762
18097330208,NA,2028,64.09023005650162
18097330209,NA,2024,42.87191677150696
18097330209,NA,2025,39.98656580563397
18097330209,NA,2026,39.98423148838525
18097330209,NA,2027,37.09508951827883
18097330209,NA,2028,34.20416089966225
18097330211,NA,2024,16.55857021340584
18097330211,NA,2025,14.129533763311677
18097330211,NA,2026,14.194656412599306
18097330211,NA,2027,11.856794261665224
18097330211,NA,2028,9.568424806261278
18097330212,NA,2024,30.237848846797597
18097330212,NA,2025,26.839937462774962
18097330212,NA,2026,26.57295228068479
18097330212,NA,2027,22.864915680439527
18097330212,NA,2028,18.92606327367648
18097330213,NA,2024,82.22484120416944
18097330213,NA,2025,84.13370963984367
18097330213,NA,2026,84.17439733038638
18097330213,NA,2027,86.15743020522264
18097330213,NA,2028,88.17521779955166
18097330401,NA,2024,70.71877899704735
18097330401,NA,2025,69.92737425611588
18097330401,NA,2026,70.13362526322719
18097330401,NA,2027,69.66199813021854
18097330401,NA,2028,69.34558377276579
18097330500,NA,2024,45.02426672808079
18097330500,NA,2025,47.25175667551708
18097330500,NA,2026,47.25165460476632
18097330500,NA,2027,49.47893833498318
18097330500,NA,2028,51.70611787651941
18097330600,NA,2024,36.7553226850152
18097330600,NA,2025,33.779236605374514
18097330600,NA,2026,34.24656556235263
18097330600,NA,2027,31.9475326361915
18097330600,NA,2028,30.00022283818234
18097330700,NA,2024,46.13219310829518
18097330700,NA,2025,45.22654695865623
18097330700,NA,2026,45.226546960405095
18097330700,NA,2027,44.3209008140794
18097330700,NA,2028,43.41525466933755
18097330701,NA,2024,18.340571393477163
18097330701,NA,2025,12.573376044211834
18097330701,NA,2026,12.573371504212908
18097330701,NA,2027,6.806167081208109
18097330701,NA,2028,1.0389581244541357
18097330702,NA,2024,44.189886374128534
18097330702,NA,2025,44.17418840349647
18097330702,NA,2026,44.154804529579735
18097330702,NA,2027,44.1029238212574
18097330702,NA,2028,44.03389951531371
18097330804,NA,2024,36.47961031314421
18097330804,NA,2025,39.29518579239739
18097330804,NA,2026,39.32294540037756
18097330804,NA,2027,42.20109226731683
18097330804,NA,2028,45.115842478384856
18097330805,NA,2024,16.15721723608642
18097330805,NA,2025,13.482055574004017
18097330805,NA,2026,13.666228612728027
18097330805,NA,2027,11.501317063480421
18097330805,NA,2028,9.77181865294113
18097330806,NA,2024,17.808340758284107
18097330806,NA,2025,18.182044121643518
18097330806,NA,2026,18.138956020515696
18097330806,NA,2027,18.41409804664987
18097330806,NA,2028,18.63020688476951
18097330900,NA,2024,11.792002583573321
18097330900,NA,2025,10.834955231577917
18097330900,NA,2026,11.290087773320513
18097330900,NA,2027,10.96350869228332
18097330900,NA,2028,10.984272940710492
18097331000,NA,2024,4.0450769985232675
18097331000,NA,2025,3.9813552625971202
18097331000,NA,2026,3.9746570734650466
18097331000,NA,2027,3.8988279222841196
18097331000,NA,2028,3.8173415039642116
18097340101,NA,2024,66.04283672927532
18097340101,NA,2025,63.775402766048735
18097340101,NA,2026,63.74968146091544
18097340101,NA,2027,61.4436619034127
18097340101,NA,2028,59.11835136654583
18097340102,NA,2024,37.42030803107486
18097340102,NA,2025,37.070689229235974
18097340102,NA,2026,37.08001258836631
18097340102,NA,2027,36.74956762635281
18097340102,NA,2028,36.42900294729127
18097340109,NA,2024,26.293603974418644
18097340109,NA,2025,25.421331262669675
18097340109,NA,2026,25.41306884113438
18097340109,NA,2027,24.528128022509225
18097340109,NA,2028,23.636981269789274
18097340111,NA,2024,40.58621093473663
18097340111,NA,2025,38.52925277051101
18097340111,NA,2026,38.53497806430409
18097340111,NA,2027,36.487985362315676
18097340111,NA,2028,34.445618066172614
18097340112,NA,2024,47.312673804098516
18097340112,NA,2025,45.56075378425258
18097340112,NA,2026,45.49979875867845
18097340112,NA,2027,43.589311498340464
18097340112,NA,2028,41.55916708884112
18097340113,NA,2024,53.35603887763975
18097340113,NA,2025,50.96702846907729
18097340113,NA,2026,50.60250647186933
18097340113,NA,2027,47.68522742359733
18097340113,NA,2028,44.493616518855255
18097340114,NA,2024,54.433851201571215
18097340114,NA,2025,51.720599765354216
18097340114,NA,2026,51.72008973862294
18097340114,NA,2027,49.00579758440517
18097340114,NA,2028,46.290973901661516
18097340115,NA,2024,40.91632946089708
18097340115,NA,2025,43.161672604256864
18097340115,NA,2026,43.814365924175284
18097340115,NA,2027,46.83072869402478
18097340115,NA,2028,50.40290976896828
18097340201,NA,2024,16.09008104017112
18097340201,NA,2025,13.712750349444143
18097340201,NA,2026,13.758995739035333
18097340201,NA,2027,11.487266588517407
18097340201,NA,2028,9.2786105441067
18097340202,NA,2024,42.17880590874247
18097340202,NA,2025,41.814926147089906
18097340202,NA,2026,41.78621048577441
18097340202,NA,2027,41.369768806118635
18097340202,NA,2028,40.92865514958126
18097340300,NA,2024,5.77626380440563
18097340300,NA,2025,4.469740568747946
18097340300,NA,2026,4.469133960009903
18097340300,NA,2027,3.16121710734923
18097340300,NA,2028,1.8524595973624223
18097340301,NA,2024,24.66723369562022
18097340301,NA,2025,25.515328006260084
18097340301,NA,2026,25.51532704405285
18097340301,NA,2027,26.36341943127935
18097340301,NA,2028,27.21151085729868
18097340400,NA,2024,19.947272322904695
18097340400,NA,2025,18.680689388628014
18097340400,NA,2026,18.68121105076855
18097340400,NA,2027,17.41586272155743
18097340400,NA,2028,16.151297473270017
18097340500,NA,2024,40.5395804212077
18097340500,NA,2025,44.306590405630885
18097340500,NA,2026,43.952420029731776
18097340500,NA,2027,46.81598220641812
18097340500,NA,2028,49.022785451210744
18097340600,NA,2024,33.432965432118095
18097340600,NA,2025,34.830251304337324
18097340600,NA,2026,34.82712756393021
18097340600,NA,2027,36.21801587680346
18097340600,NA,2028,37.60562316029051
18097340800,NA,2024,74.89959158346832
18097340800,NA,2025,73.39360968374837
18097340800,NA,2026,73.39361837538242
18097340800,NA,2027,71.88765383779669
18097340800,NA,2028,70.3816979707625
18097340901,NA,2024,42.34726451664558
18097340901,NA,2025,39.57964490637887
18097340901,NA,2026,39.74187174100708
18097340901,NA,2027,37.21829897605363
18097340901,NA,2028,34.81639941470146
18097340902,NA,2024,51.03384594561788
18097340902,NA,2025,55.566710589740055
18097340902,NA,2026,53.37051014498682
18097340902,NA,2027,55.674411486391556
18097340902,NA,2028,55.81438648559128
18097340904,NA,2024,48.139385997622156
18097340904,NA,2025,44.41505444232171
18097340904,NA,2026,44.8655504983951
18097340904,NA,2027,41.76575084681488
18097340904,NA,2028,39.00964501393997
18097341000,NA,2024,93.17803008499811
18097341000,NA,2025,92.67096941174773
18097341000,NA,2026,92.64872010062038
18097341000,NA,2027,92.08645250022613
18097341000,NA,2028,91.48607351555073
18097341100,NA,2024,38.70540900735221
18097341100,NA,2025,37.665872136776656
18097341100,NA,2026,37.65974088177125
18097341100,NA,2027,36.60875186564858
18097341100,NA,2028,35.55233485357699
18097341200,NA,2024,7.169925739057855
18097341200,NA,2025,6.633282297973355
18097341200,NA,2026,6.632854384336582
18097341200,NA,2027,6.095266887833724
18097341200,NA,2028,5.557145058482519
18097341600,NA,2024,17.07694136563638
18097341600,NA,2025,17.29073319140491
18097341600,NA,2026,17.313843347622818
18097341600,NA,2027,17.56872887521052
18097341600,NA,2028,17.84273520321364
18097341700,NA,2024,45.109326208278546
18097341700,NA,2025,43.72534656601286
18097341700,NA,2026,43.72875590287879
18097341700,NA,2027,42.35012499849976
18097341700,NA,2028,40.97406725809125
18097341701,NA,2024,41.2569001708136
18097341701,NA,2025,33.044314462054864
18097341701,NA,2026,38.19645240927938
18097341701,NA,2027,35.26606871534471
18097341701,NA,2028,37.361042326644686
18097341702,NA,2024,60.382826212059115
18097341702,NA,2025,54.88779426044778
18097341702,NA,2026,55.3281227185679
18097341702,NA,2027,50.447258789470595
18097341702,NA,2028,45.90151478076012
18097341902,NA,2024,52.245557817607725
18097341902,NA,2025,48.853143987687844
18097341902,NA,2026,48.9542120452601
18097341902,NA,2027,45.70751844744484
18097341902,NA,2028,42.5369681988775
18097341903,NA,2024,23.140581065046668
18097341903,NA,2025,21.621584305998994
18097341903,NA,2026,21.59698239525879
18097341903,NA,2027,20.019616924727103
18097341903,NA,2028,18.405070479257358
18097341904,NA,2024,28.14461960649208
18097341904,NA,2025,28.196791742564933
18097341904,NA,2026,28.459174229513803
18097341904,NA,2027,28.9076400697606
18097341904,NA,2028,29.55292097167869
18097342000,NA,2024,43.82495331023035
18097342000,NA,2025,43.11441996726907
18097342000,NA,2026,43.29168266100144
18097342000,NA,2027,42.87630328323826
18097342000,NA,2028,42.59870072481184
18097342200,NA,2024,35.224209953997345
18097342200,NA,2025,31.87072350796312
18097342200,NA,2026,31.929487970109435
18097342200,NA,2027,28.68528133062037
18097342200,NA,2028,25.492748013347466
18097342300,NA,2024,61.2850975942659
18097342300,NA,2025,59.7177879283854
18097342300,NA,2026,59.81401199962915
18097342300,NA,2027,58.42011721362175
18097342300,NA,2028,57.1071780435426
18097342400,NA,2024,67.2600529622498
18097342400,NA,2025,64.6333672812217
18097342400,NA,2026,64.62791800648459
18097342400,NA,2027,61.990836041522336
18097342400,NA,2028,59.34876077300555
18097342500,NA,2024,58.25383227451253
18097342500,NA,2025,55.680471759131095
18097342500,NA,2026,56.13617947553783
18097342500,NA,2027,54.296383069699196
18097342500,NA,2028,52.803853979942026
18097342600,NA,2024,58.58448240503747
18097342600,NA,2025,59.58316668013398
18097342600,NA,2026,59.58316913706019
18097342600,NA,2027,60.581858317061204
18097342600,NA,2028,61.58054994507313
18097350100,NA,2024,28.52473001903952
18097350100,NA,2025,30.86771927915165
18097350100,NA,2026,30.66810508179395
18097350100,NA,2027,32.51071221913548
18097350100,NA,2028,34.00129216777069
18097350300,NA,2024,23.818133758193675
18097350300,NA,2025,24.181082538620327
18097350300,NA,2026,24.14733968157837
18097350300,NA,2027,24.460078470514915
18097350300,NA,2028,24.747505272572255
18097350400,NA,2024,48.78563537381311
18097350400,NA,2025,51.45093428627422
18097350400,NA,2026,51.419662870524895
18097350400,NA,2027,54.02977803301204
18097350400,NA,2028,56.61424905350094
18097350500,NA,2024,15.939798811146254
18097350500,NA,2025,19.686689317186666
18097350500,NA,2026,18.533740849104536
18097350500,NA,2027,20.947961970961448
18097350500,NA,2028,22.36094075216448
18097350600,NA,2024,4.24333228229253
18097350600,NA,2025,4.069834788839659
18097350600,NA,2026,4.071331043954508
18097350600,NA,2027,3.900404963134646
18097350600,NA,2028,3.7306725511644516
18097350700,NA,2024,9.0517417226696
18097350700,NA,2025,9.87555553240162
18097350700,NA,2026,9.88243674481196
18097350700,NA,2027,10.716415007023352
18097350700,NA,2028,11.555557777341567
18097350800,NA,2024,9.653880991081374
18097350800,NA,2025,10.251374304157768
18097350800,NA,2026,10.260998999934658
18097350800,NA,2027,10.879518414894429
18097350800,NA,2028,11.509767215116435
18097350900,NA,2024,48.52735922396386
18097350900,NA,2025,51.34423230079895
18097350900,NA,2026,51.54948836205929
18097350900,NA,2027,54.66199475131549
18097350900,NA,2028,57.92917437855428
18097351000,NA,2024,49.516434693528026
18097351000,NA,2025,51.39634069187471
18097351000,NA,2026,51.48614725381044
18097351000,NA,2027,53.56796237093567
18097351000,NA,2028,55.767415401988764
18097351200,NA,2024,11.04979377538217
18097351200,NA,2025,12.22649665640698
18097351200,NA,2026,12.164152079019956
18097351200,NA,2027,13.165273543665705
18097351200,NA,2028,14.011614503457432
18097351500,NA,2024,49.24893541258285
18097351500,NA,2025,52.31400123777762
18097351500,NA,2026,52.221956094670134
18097351500,NA,2027,55.126343242519624
18097351500,NA,2028,57.95614213205396
18097351600,NA,2024,80.41328977456283
18097351600,NA,2025,83.05800496666492
18097351600,NA,2026,82.98486752145044
18097351600,NA,2027,85.49814966608203
18097351600,NA,2028,87.95012434084646
18097351700,NA,2024,49.110037398898726
18097351700,NA,2025,50.65869519611961
18097351700,NA,2026,50.98554175670449
18097351700,NA,2027,53.002757745416744
18097351700,NA,2028,55.26655090844426
18097352100,NA,2024,20.827788075997162
18097352100,NA,2025,21.885507739534113
18097352100,NA,2026,22.132289714712
18097352100,NA,2027,23.55105186138779
18097352100,NA,2028,25.155238300416283
18097352300,NA,2024,3.006594080800947
18097352300,NA,2025,2.4134636432781953
18097352300,NA,2026,2.4327494087854986
18097352300,NA,2027,1.8824509825102238
18097352300,NA,2028,1.356639998310201
18097352400,NA,2024,23.931272939186943
18097352400,NA,2025,21.02035528847349
18097352400,NA,2026,20.916179085939692
18097352400,NA,2027,17.82816740900576
18097352400,NA,2028,14.657858739012633
18097352500,NA,2024,57.50063350008139
18097352500,NA,2025,55.87527573612992
18097352500,NA,2026,55.88634989301584
18097352500,NA,2027,54.28422171698178
18097352500,NA,2028,52.694354546948944
18097352600,NA,2024,39.55918764303696
18097352600,NA,2025,38.102007739731846
18097352600,NA,2026,38.1074464535663
18097352600,NA,2027,36.661598307272406
18097352600,NA,2028,35.22168115709002
18097352700,NA,2024,72.30433131884882
18097352700,NA,2025,75.35228293904981
18097352700,NA,2026,75.15927596914281
18097352700,NA,2027,77.73821283705395
18097352700,NA,2028,80.00544821227236
18097352800,NA,2024,20.68598634176248
18097352800,NA,2025,20.735278192120848
18097352800,NA,2026,21.213250757333896
18097352800,NA,2027,21.874336703899548
18097352800,NA,2028,22.917040693171533
18097353300,NA,2024,78.23100870295282
18097353300,NA,2025,79.46528246426747
18097353300,NA,2026,79.4733476225065
18097353300,NA,2027,80.72183892848328
18097353300,NA,2028,81.97693626306989
18097353500,NA,2024,50.61865145140401
18097353500,NA,2025,50.5122340324739
18097353500,NA,2026,51.26973410662463
18097353500,NA,2027,52.29891306999675
18097353500,NA,2028,53.89621765315547
18097353600,NA,2024,28.486074046578615
18097353600,NA,2025,28.645209362855343
18097353600,NA,2026,28.70207447913174
18097353600,NA,2027,28.962475789372416
18097353600,NA,2028,29.2700100080037
18097354200,NA,2024,59.202228262062704
18097354200,NA,2025,58.68478978030303
18097354200,NA,2026,58.68045133284442
18097354200,NA,2027,58.15715251873445
18097354200,NA,2028,57.63050327973799
18097354201,NA,2024,66.51469628173199
18097354201,NA,2025,65.389342973120975
18097354201,NA,2026,66.41763774644859
18097354201,NA,2027,66.34049769632811
18097354201,NA,2028,67.27211976347645
18097354202,NA,2024,70.95626918067411
18097354202,NA,2025,72.37407409103274
18097354202,NA,2026,72.45266056416733
18097354202,NA,2027,74.00340750172028
18097354202,NA,2028,75.61598122108744
18097354400,NA,2024,88.03130666663873
18097354400,NA,2025,90.49242577744279
18097354400,NA,2026,90.34590554398422
18097354400,NA,2027,92.5712734476025
18097354400,NA,2028,94.68501033619482
18097354500,NA,2024,65.44739911167282
18097354500,NA,2025,64.9669106259539
18097354500,NA,2026,64.88227581297987
18097354500,NA,2027,64.24709959808007
18097354500,NA,2028,63.5393581235788
18097354700,NA,2024,44.779428996317314
18097354700,NA,2025,44.7653494028887
18097354700,NA,2026,44.76251185451347
18097354700,NA,2027,44.74285499649855
18097354700,NA,2028,44.720455049243775
18097354800,NA,2024,34.070611174441126
18097354800,NA,2025,34.55852169092476
18097354800,NA,2026,33.933527644183876
18097354800,NA,2027,33.5657048540023
18097354800,NA,2028,32.718441495878636
18097354900,NA,2024,33.71322213682405
18097354900,NA,2025,33.178228489594304
18097354900,NA,2026,33.178379679452405
18097354900,NA,2027,32.64368635922156
18097354900,NA,2028,32.10914220400142
18097355000,NA,2024,45.4266757479536
18097355000,NA,2025,42.83794339934717
18097355000,NA,2026,44.02187855226029
18097355000,NA,2027,42.953635965900304
18097355000,NA,2028,42.828445552419076
18097355100,NA,2024,55.05644358551569
18097355100,NA,2025,55.69071391097703
18097355100,NA,2026,55.475945038598205
18097355100,NA,2027,55.56275362240063
18097355100,NA,2028,55.252120340054205
18097355300,NA,2024,59.683445039800965
18097355300,NA,2025,58.32324571463238
18097355300,NA,2026,58.30910095750405
18097355300,NA,2027,56.92176119652976
18097355300,NA,2028,55.52133240912567
18097355400,NA,2024,46.750392904651065
18097355400,NA,2025,44.44268401728748
18097355400,NA,2026,44.66538547106169
18097355400,NA,2027,42.94446290837008
18097355400,NA,2028,41.67738336722484
18097355500,NA,2024,83.6202000634378
18097355500,NA,2025,85.60734836401228
18097355500,NA,2026,85.45134984480116
18097355500,NA,2027,87.07398585250405
18097355500,NA,2028,88.47042938059575
18097355600,NA,2024,37.25835927783825
18097355600,NA,2025,35.74770562880555
18097355600,NA,2026,35.26514863069872
18097355600,NA,2027,33.09464490825102
18097355600,NA,2028,30.553739186724467
18097355700,NA,2024,73.82866020480907
18097355700,NA,2025,74.72841031291735
18097355700,NA,2026,74.68703331989924
18097355700,NA,2027,75.51914524121726
18097355700,NA,2028,76.31947388099944
18097355900,NA,2024,85.59923491119088
18097355900,NA,2025,83.40728548416809
18097355900,NA,2026,84.90591595705256
18097355900,NA,2027,84.68608747929393
18097355900,NA,2028,85.64099773854262
18097356200,NA,2024,51.803298029427694
18097356200,NA,2025,51.31141038821129
18097356200,NA,2026,51.42435267101041
18097356200,NA,2027,51.111315212560434
18097356200,NA,2028,50.88377294338644
18097356400,NA,2024,38.59657822951705
18097356400,NA,2025,35.7996307893077
18097356400,NA,2026,35.82574280239682
18097356400,NA,2027,33.08562515922087
18097356400,NA,2028,30.37703768948586
18097356900,NA,2024,69.98215937446899
18097356900,NA,2025,68.87973799741246
18097356900,NA,2026,69.1531976839989
18097356900,NA,2027,68.39263724642986
18097356900,NA,2028,67.85424464341197
18097357000,NA,2024,92.94175528542988
18097357000,NA,2025,94.11098552077252
18097357000,NA,2026,94.16456225823605
18097357000,NA,2027,95.42758086818948
18097357000,NA,2028,96.73414513514511
18097357100,NA,2024,76.75536521677762
18097357100,NA,2025,77.28631161180043
18097357100,NA,2026,77.4952372496673
18097357100,NA,2027,78.3761496471103
18097357100,NA,2028,79.42016006741943
18097357200,NA,2024,66.75504164968403
18097357200,NA,2025,67.57569728823165
18097357200,NA,2026,67.43547011569832
18097357200,NA,2027,67.91358602442934
18097357200,NA,2028,68.16190115850868
18097357300,NA,2024,46.11776848717101
18097357300,NA,2025,43.43885621066809
18097357300,NA,2026,43.72120582889701
18097357300,NA,2027,41.52380807134958
18097357300,NA,2028,39.550082763961036
18097357400,NA,2024,41.14104720064982
18097357400,NA,2025,38.234462666908165
18097357400,NA,2026,38.2285981081529
18097357400,NA,2027,35.31056106163542
18097357400,NA,2028,32.38692301490202
18097357500,NA,2024,86.6857243326739
18097357500,NA,2025,86.73871810805136
18097357500,NA,2026,86.54547182401886
18097357500,NA,2027,86.36589236544727
18097357500,NA,2028,86.02439026756046
18097357600,NA,2024,66.90961343500048
18097357600,NA,2025,66.93177966106127
18097357600,NA,2026,66.93175847746173
18097357600,NA,2027,66.95387904904037
18097357600,NA,2028,66.97597463961394
18097357601,NA,2024,59.6871569800185
18097357601,NA,2025,55.35857702046154
18097357601,NA,2026,55.21337569503172
18097357601,NA,2027,50.717740296776036
18097357601,NA,2028,46.09546844457492
18097357602,NA,2024,43.933382919187316
18097357602,NA,2025,42.36528995177788
18097357602,NA,2026,42.86089187962772
18097357602,NA,2027,41.87645753065727
18097357602,NA,2028,41.315214001262234
18097357800,NA,2024,78.30860575158734
18097357800,NA,2025,78.21994872617752
18097357800,NA,2026,78.22565859499335
18097357800,NA,2027,78.14895258198429
18097357800,NA,2028,78.07853714502336
18097357900,NA,2024,70.22843632027549
18097357900,NA,2025,69.76250627273934
18097357900,NA,2026,69.78435263190615
18097357900,NA,2027,69.35184490849298
18097357900,NA,2028,68.93574146016476
18097358000,NA,2024,90.53683807284561
18097358000,NA,2025,91.74592027613016
18097358000,NA,2026,92.18073556118345
18097358000,NA,2027,94.10009753806462
18097358000,NA,2028,96.35332277009464
18097358100,NA,2024,67.96181696456162
18097358100,NA,2025,66.30346521775627
18097358100,NA,2026,66.49541937539828
18097358100,NA,2027,65.13262021957414
18097358100,NA,2028,63.914089280505046
18097360101,NA,2024,42.789157233115944
18097360101,NA,2025,43.855843426800604
18097360101,NA,2026,43.861111235497724
18097360101,NA,2027,44.938654402097086
18097360101,NA,2028,46.021806336771455
18097360102,NA,2024,17.73431623775747
18097360102,NA,2025,18.740264798537456
18097360102,NA,2026,18.46685553053259
18097360102,NA,2027,19.078119324894868
18097360102,NA,2028,19.48345546541749
18097360201,NA,2024,15.33184196857254
18097360201,NA,2025,13.138695449435104
18097360201,NA,2026,13.152681098052858
18097360201,NA,2027,10.984465528551958
18097360201,NA,2028,8.827856202853063
18097360202,NA,2024,24.225251799268854
18097360202,NA,2025,24.656334835163666
18097360202,NA,2026,24.67325954007789
18097360202,NA,2027,25.136827936570867
18097360202,NA,2028,25.61606692450809
18097360301,NA,2024,19.66844147988575
18097360301,NA,2025,15.083701035269556
18097360301,NA,2026,15.327889580825302
18097360301,NA,2027,11.1380696623231
18097360301,NA,2028,7.134749698348824
18097360302,NA,2024,17.64798233150822
18097360302,NA,2025,17.805580926789325
18097360302,NA,2026,17.7172246085324
18097360302,NA,2027,17.669873709340155
18097360302,NA,2028,17.496905716195272
18097360401,NA,2024,13.516596802781827
18097360401,NA,2025,10.475667142808625
18097360401,NA,2026,10.430673430157958
18097360401,NA,2027,7.2745583851053155
18097360401,NA,2028,4.03413998091095
18097360404,NA,2024,17.37592829543574
18097360404,NA,2025,16.870516539924328
18097360404,NA,2026,16.935873514758896
18097360404,NA,2027,16.519599461615734
18097360404,NA,2028,16.153554488978525
18097360405,NA,2024,22.816310566421755
18097360405,NA,2025,22.354476248467186
18097360405,NA,2026,22.06485885911339
18097360405,NA,2027,21.153221944463947
18097360405,NA,2028,20.02355561022515
18097360407,NA,2024,25.37035960723257
18097360407,NA,2025,23.14168971445589
18097360407,NA,2026,23.372891415913035
18097360407,NA,2027,21.47092326465065
18097360407,NA,2028,19.74410396567585
18097360501,NA,2024,40.319649681549805
18097360501,NA,2025,38.51795183337469
18097360501,NA,2026,38.59602567973144
18097360501,NA,2027,36.937569273060554
18097360501,NA,2028,35.346413971387754
18097360502,NA,2024,26.8041042250095
18097360502,NA,2025,23.728295692111377
18097360502,NA,2026,23.820020225003613
18097360502,NA,2027,20.95350748884321
18097360502,NA,2028,18.211849275214984
18097360601,NA,2024,54.43890124680495
18097360601,NA,2025,52.28069575241071
18097360601,NA,2026,52.28264275356326
18097360601,NA,2027,50.12845597110925
18097360601,NA,2028,47.976348887364786
18097360602,NA,2024,44.75153733380408
18097360602,NA,2025,42.72062058120037
18097360602,NA,2026,42.63286854612004
18097360602,NA,2027,40.46676003376982
18097360602,NA,2028,38.23469276902446
18097360700,NA,2024,79.43137961007255
18097360700,NA,2025,77.23793743701444
18097360700,NA,2026,78.12409747034587
18097360700,NA,2027,77.2234146182467
18097360700,NA,2028,76.9888536006851
18097360800,NA,2024,28.60275604981868
18097360800,NA,2025,24.935682742031972
18097360800,NA,2026,24.988043022345778
18097360800,NA,2027,21.409799261386834
18097360800,NA,2028,17.872847589090114
18097360900,NA,2024,54.23860949786785
18097360900,NA,2025,55.34349611487289
18097360900,NA,2026,54.65099186569486
18097360900,NA,2027,54.78079492316897
18097360900,NA,2028,54.38536534986617
18097361000,NA,2024,86.88239805081626
18097361000,NA,2025,85.97991529300594
18097361000,NA,2026,85.9899052494665
18097361000,NA,2027,85.10562089452982
18097361000,NA,2028,84.2298626828913
18097361100,NA,2024,85.8480850834826
18097361100,NA,2025,86.19393042876693
18097361100,NA,2026,86.26303352522729
18097361100,NA,2027,86.7702194216954
18097361100,NA,2028,87.37738770125712
18097361200,NA,2024,79.16552703380985
18097361200,NA,2025,77.76680009512987
18097361200,NA,2026,78.0101024570475
18097361200,NA,2027,77.00519214687294
18097361200,NA,2028,76.18618265098378
18097361300,NA,2024,70.33428689301519
18097361300,NA,2025,67.90858980021272
18097361300,NA,2026,68.05903343068313
18097361300,NA,2027,65.8854611710513
18097361300,NA,2028,63.8293751990848
18097361400,NA,2024,75.87900964178705
18097361400,NA,2025,76.65675837060365
18097361400,NA,2026,76.65754556087674
18097361400,NA,2027,77.43660287253915
18097361400,NA,2028,78.21627132434858
18097361401,NA,2024,23.904016470193632
18097361401,NA,2025,18.88682094192157
18097361401,NA,2026,19.28448613082374
18097361401,NA,2027,14.702411049885539
18097361401,NA,2028,10.484073732437487
18097361402,NA,2024,74.34904737257474
18097361402,NA,2025,70.46561943993945
18097361402,NA,2026,72.46745662583501
18097361402,NA,2027,70.69620594499314
18097361402,NA,2028,70.82253426244962
18097361600,NA,2024,51.226049495061886
18097361600,NA,2025,49.325458858536734
18097361600,NA,2026,49.316313396090855
18097361600,NA,2027,47.40180262902433
18097361600,NA,2028,45.48042830624549
18097361601,NA,2024,36.61399825125558
18097361601,NA,2025,33.602985670575734
18097361601,NA,2026,34.01540084851178
18097361601,NA,2027,31.68136162573229
18097361601,NA,2028,29.664889523952255
18097370201,NA,2024,72.27910227110445
18097370201,NA,2025,69.25964358332546
18097370201,NA,2026,69.56246857891189
18097370201,NA,2027,66.99222643862521
18097370201,NA,2028,64.6491862940929
18097370202,NA,2024,76.88410505812261
18097370202,NA,2025,76.28581107817485
18097370202,NA,2026,76.45652000993333
18097370202,NA,2027,76.08076983145708
18097370202,NA,2028,75.83963310071914
18097370203,NA,2024,45.66053684455816
18097370203,NA,2025,41.31874153387206
18097370203,NA,2026,41.59269549483328
18097370203,NA,2027,37.674066557627164
18097370203,NA,2028,33.961449554484325
18097370204,NA,2024,89.93917123347674
18097370204,NA,2025,85.97257067672453
18097370204,NA,2026,87.17760945053926
18097370204,NA,2027,84.826378059468
18097370204,NA,2028,83.40957755068943
18097370301,NA,2024,79.4285812137377
18097370301,NA,2025,79.73089642912316
18097370301,NA,2026,79.73089642912761
18097370301,NA,2027,80.0332116445221
18097370301,NA,2028,80.33552685992112
18097370302,NA,2024,71.58372034577184
18097370302,NA,2025,69.94517211801545
18097370302,NA,2026,69.94540464016059
18097370302,NA,2027,68.30738931965031
18097370302,NA,2028,66.6696941904439
18097370303,NA,2024,54.96264998265833
18097370303,NA,2025,51.62100915598397
18097370303,NA,2026,51.21522997008813
18097370303,NA,2027,47.31465558584051
18097370303,NA,2028,43.103650905035295
18097370304,NA,2024,65.58840626071105
18097370304,NA,2025,64.45668124027964
18097370304,NA,2026,64.1319865210614
18097370304,NA,2027,62.60469552472457
18097370304,NA,2028,60.80811196603111
18097370306,NA,2024,74.4884041176837
18097370306,NA,2025,72.55942390620905
18097370306,NA,2026,71.5653730903588
18097370306,NA,2027,68.34887165447718
18097370306,NA,2028,64.34514949138561
18097380100,NA,2024,62.73992311652212
18097380100,NA,2025,60.224540186919235
18097380100,NA,2026,60.300897160273784
18097380100,NA,2027,57.88276443636806
18097380100,NA,2028,55.52581237936257
18097380101,NA,2024,67.3045850400085
18097380101,NA,2025,64.26671754381232
18097380101,NA,2026,63.00935195622268
18097380101,NA,2027,58.66261261750504
18097380101,NA,2028,53.107904063114425
18097380102,NA,2024,35.446157048848704
18097380102,NA,2025,33.68960254956683
18097380102,NA,2026,32.15943759216726
18097380102,NA,2027,28.819610868680304
18097380102,NA,2028,24.0008832665339
18097380103,NA,2024,60.80528209358563
18097380103,NA,2025,51.785570676883815
18097380103,NA,2026,55.515357287064695
18097380103,NA,2027,50.85037895106016
18097380103,NA,2028,49.39495400827324
18097380200,NA,2024,68.38166909141589
18097380200,NA,2025,67.23665653709224
18097380200,NA,2026,67.23852382961483
18097380200,NA,2027,66.09737870063712
18097380200,NA,2028,64.95824315482072
18097380300,NA,2024,51.573145506779
18097380300,NA,2025,49.56851162337392
18097380300,NA,2026,49.60731264422666
18097380300,NA,2027,47.70443294259354
18097380300,NA,2028,45.87954017823326
18097380301,NA,2024,74.98363471904827
18097380301,NA,2025,75.07770438562218
18097380301,NA,2026,75.83547068276029
18097380301,NA,2027,76.88802957487432
18097380301,NA,2028,78.55080085912711
18097380302,NA,2024,63.52974154675678
18097380302,NA,2025,62.28739551750619
18097380302,NA,2026,62.2878037069846
18097380302,NA,2027,61.046267609941026
18097380302,NA,2028,59.80513335744294
18097380402,NA,2024,72.20556968592116
18097380402,NA,2025,70.86951271185863
18097380402,NA,2026,71.10076987197921
18097380402,NA,2027,70.31669505268071
18097380402,NA,2028,69.88795818189068
18097380403,NA,2024,82.30583363317811
18097380403,NA,2025,80.49029892740724
18097380403,NA,2026,80.53450547899531
18097380403,NA,2027,78.78633860129457
18097380403,NA,2028,77.07135195854194
18097380404,NA,2024,87.13322001294166
18097380404,NA,2025,85.63507999544231
18097380404,NA,2026,85.68438961350269
18097380404,NA,2027,84.31094520751617
18097380404,NA,2028,83.02667674875455
18097380501,NA,2024,72.98937831271694
18097380501,NA,2025,70.37839268626485
18097380501,NA,2026,70.70869892449691
18097380501,NA,2027,68.63876689796719
18097380501,NA,2028,66.82285820949575
18097380502,NA,2024,54.986845681604535
18097380502,NA,2025,52.838831601646966
18097380502,NA,2026,52.69302493160737
18097380502,NA,2027,50.32579001505682
18097380502,NA,2028,47.84919830628578
18097380600,NA,2024,43.90069969912906
18097380600,NA,2025,41.825015656065574
18097380600,NA,2026,41.82496993684344
18097380600,NA,2027,39.749193559001576
18097380600,NA,2028,37.673370548030675
18097380700,NA,2024,51.91698768778391
18097380700,NA,2025,49.812605821152175
18097380700,NA,2026,49.88416948503687
18097380700,NA,2027,47.948831432186005
18097380700,NA,2028,46.12035907785644
18097380800,NA,2024,77.47143593443873
18097380800,NA,2025,75.46445718875765
18097380800,NA,2026,75.46627343074113
18097380800,NA,2027,73.46315199805889
18097380800,NA,2028,71.46209946753682
18097380901,NA,2024,64.08841506070817
18097380901,NA,2025,61.199759661229436
18097380901,NA,2026,61.21372297263511
18097380901,NA,2027,58.351554562753286
18097380901,NA,2028,55.50205825887699
18097380902,NA,2024,76.33996538220543
18097380902,NA,2025,74.5065041150159
18097380902,NA,2026,74.50144601937754
18097380902,NA,2027,72.65893180753982
18097380902,NA,2028,70.81219924490938
18097381001,NA,2024,46.238993433957596
18097381001,NA,2025,44.89403699292157
18097381001,NA,2026,45.05707474128562
18097381001,NA,2027,43.917998716048345
18097381001,NA,2028,42.91037586485896
18097381002,NA,2024,88.33086194573914
18097381002,NA,2025,87.88076436632936
18097381002,NA,2026,87.96553410486507
18097381002,NA,2027,87.71842726102268
18097381002,NA,2028,87.602741722651
18097381003,NA,2024,55.31490564367905
18097381003,NA,2025,55.928542773658165
18097381003,NA,2026,55.93016147932869
18097381003,NA,2027,56.54697089241112
18097381003,NA,2028,57.165336503345515
18097381004,NA,2024,39.64122131212616
18097381004,NA,2025,36.68447604955402
18097381004,NA,2026,36.69460969580096
18097381004,NA,2027,33.75752377886242
18097381004,NA,2028,30.83000003380779
18097381101,NA,2024,69.24014894094032
18097381101,NA,2025,62.834595180348586
18097381101,NA,2026,64.81138226870299
18097381101,NA,2027,60.77987617561175
18097381101,NA,2028,58.40773117213112
18097381102,NA,2024,54.82919308428439
18097381102,NA,2025,51.789503004165276
18097381102,NA,2026,51.787227167421555
18097381102,NA,2027,48.743151144590684
18097381102,NA,2028,45.69695294696035
18097381201,NA,2024,63.47201531725342
18097381201,NA,2025,60.48762093203779
18097381201,NA,2026,60.48394143329134
18097381201,NA,2027,57.493554641848
18097381201,NA,2028,54.50034738148236
18097381203,NA,2024,37.81697757780461
18097381203,NA,2025,35.294244152575914
18097381203,NA,2026,35.152358487427534
18097381203,NA,2027,32.390084976552686
18097381203,NA,2028,29.516368457014398
18097381204,NA,2024,59.674261275089684
18097381204,NA,2025,59.393896421145215
18097381204,NA,2026,59.00234894790475
18097381204,NA,2027,58.066364285568795
18097381204,NA,2028,56.82480552407748
18097381205,NA,2024,53.852256207643
18097381205,NA,2025,52.536150120387376
18097381205,NA,2026,52.68271214804477
18097381205,NA,2027,51.61671577789204
18097381205,NA,2028,50.66689133090606
18097381206,NA,2024,52.15682075637249
18097381206,NA,2025,48.68407802715319
18097381206,NA,2026,48.6276455130768
18097381206,NA,2027,45.05124291016188
18097381206,NA,2028,41.42611142195647
18097381207,NA,2024,62.83826146806033
18097381207,NA,2025,58.47741026452866
18097381207,NA,2026,61.37769496575035
18097381207,NA,2027,60.07080164906125
18097381207,NA,2028,61.51866230652846
18097390101,NA,2024,74.89105760790335
18097390101,NA,2025,73.66243786937692
18097390101,NA,2026,73.66308095709043
18097390101,NA,2027,72.4354992004982
18097390101,NA,2028,71.20840812600845
18097390102,NA,2024,82.55298760168711
18097390102,NA,2025,88.63108214505638
18097390102,NA,2026,88.04139631203854
18097390102,NA,2027,92.55488826967303
18097390102,NA,2028,95.84179919306511
18097390103,NA,2024,91.97638222749652
18097390103,NA,2025,93.19439798245187
18097390103,NA,2026,93.23086577866825
18097390103,NA,2027,94.51048311825207
18097390103,NA,2028,95.81875679891732
18097390104,NA,2024,65.19905848175569
18097390104,NA,2025,61.68309154071612
18097390104,NA,2026,62.78135675046257
18097390104,NA,2027,60.44506045214862
18097390104,NA,2028,59.13165785069676
18097390200,NA,2024,71.76494362237796
18097390200,NA,2025,70.9676150041527
18097390200,NA,2026,70.5149649755091
18097390200,NA,2027,69.14493761448223
18097390200,NA,2028,67.41047044817331
18097390300,NA,2024,78.337793371225
18097390300,NA,2025,76.8363596337981
18097390300,NA,2026,76.83809295598724
18097390300,NA,2027,75.34020063115288
18097390300,NA,2028,73.84411962190762
18097390402,NA,2024,94.54365850661613
18097390402,NA,2025,90.10014725348982
18097390402,NA,2026,93.49311716380481
18097390402,NA,2027,92.81036625192199
18097390402,NA,2028,95.19266248835821
18097390403,NA,2024,85.49610022989958
18097390403,NA,2025,85.21637623631297
18097390403,NA,2026,85.21637623631297
18097390403,NA,2027,84.93665224272637
18097390403,NA,2028,84.65692824913975
18097390404,NA,2024,87.69016777274572
18097390404,NA,2025,88.80375345908976
18097390404,NA,2026,88.34995865500578
18097390404,NA,2027,88.9752163792367
18097390404,NA,2028,89.17858453176724
18097390405,NA,2024,56.146610523169215
18097390405,NA,2025,53.8197511461802
18097390405,NA,2026,53.86391498564342
18097390405,NA,2027,51.61323002259902
18097390405,NA,2028,49.397900040942524
18097390406,NA,2024,62.26548297938494
18097390406,NA,2025,58.571803101807525
18097390406,NA,2026,58.570746736238696
18097390406,NA,2027,54.874997509650335
18097390406,NA,2028,51.1782335180312
18097390407,NA,2024,82.02018677058368
18097390407,NA,2025,79.65749232841473
18097390407,NA,2026,79.65769791605096
18097390407,NA,2027,77.29541189687534
18097390407,NA,2028,74.93332874990257
18097390408,NA,2024,71.43423483815886
18097390408,NA,2025,72.64041242474903
18097390408,NA,2026,69.92004637282893
18097390408,NA,2027,68.2517765295312
18097390408,NA,2028,64.00849485182435
18097390410,NA,2024,85.1879176616388
18097390410,NA,2025,83.40848136528501
18097390410,NA,2026,82.33890812962439
18097390410,NA,2027,79.46735899488546
18097390410,NA,2028,75.54830123992201
18097390411,NA,2024,55.51986491180743
18097390411,NA,2025,54.48083491995531
18097390411,NA,2026,51.67353066824729
18097390411,NA,2027,47.72768205106424
18097390411,NA,2028,41.070515932970174
18097390500,NA,2024,14.652098611781842
18097390500,NA,2025,15.422392166304101
18097390500,NA,2026,15.423960981024992
18097390500,NA,2027,16.19771962941394
18097390500,NA,2028,16.973442909793757
18097390600,NA,2024,43.293896264059846
18097390600,NA,2025,43.45446978469065
18097390600,NA,2026,43.45415674911674
18097390600,NA,2027,43.61401962627622
18097390600,NA,2028,43.77346204676804
18097390601,NA,2024,79.88549017071125
18097390601,NA,2025,89.06548300219126
18097390601,NA,2026,89.7814127191208
18097390601,NA,2027,99.89735125416378
18097390601,NA,2028,100
18097390602,NA,2024,40.33726682913038
18097390602,NA,2025,38.85935727671251
18097390602,NA,2026,38.94638522577602
18097390602,NA,2027,37.606650408505324
18097390602,NA,2028,36.33285599098654
18097390700,NA,2024,13.370032206818209
18097390700,NA,2025,10.238188014244287
18097390700,NA,2026,10.253223017804535
18097390700,NA,2027,7.1529705714535865
18097390700,NA,2028,4.069428887675421
18097390800,NA,2024,56.94392399538179
18097390800,NA,2025,51.849189002810945
18097390800,NA,2026,52.99404077707814
18097390800,NA,2027,49.215927881704204
18097390800,NA,2028,46.43666837120757
18097390802,NA,2024,61.325867570092754
18097390802,NA,2025,60.78175044355025
18097390802,NA,2026,59.37027421284285
18097390802,NA,2027,57.345847829805905
18097390802,NA,2028,53.975421482920666
18097390900,NA,2024,63.928645741823686
18097390900,NA,2025,65.46309215354327
18097390900,NA,2026,65.46302987741127
18097390900,NA,2027,66.99734957465186
18097390900,NA,2028,68.53160475847376
18097391000,NA,2024,65.74267152450093
18097391000,NA,2025,64.93385145121891
18097391000,NA,2026,65.03316150208776
18097391000,NA,2027,64.3383767783477
18097391000,NA,2028,63.73036021542231
18097391001,NA,2024,47.084997133493715
18097391001,NA,2025,49.44281124484117
18097391001,NA,2026,44.12716696394225
18097391001,NA,2027,40.86952212842596
18097391001,NA,2028,32.57913743545792
18097391002,NA,2024,75.97761460434444
18097391002,NA,2025,77.2981457502103
18097391002,NA,2026,77.2793316712356
18097391002,NA,2027,78.56450378584898
18097391002,NA,2028,79.8328572735618
