GEOID,NAME,year,vacancy_rate_forecast
18097310103,NA,2024,0
18097310103,NA,2025,0
18097310103,NA,2026,0
18097310103,NA,2027,0
18097310103,NA,2028,0
18097310104,NA,2024,11.251415841894389
18097310104,NA,2025,11.251299715460105
18097310104,NA,2026,11.251301594634166
18097310104,NA,2027,11.25130156422511
18097310104,NA,2028,11.251301564717194
18097310105,NA,2024,2.2764039674316137
18097310105,NA,2025,2.3377059948132413
18097310105,NA,2026,2.3262591499281586
18097310105,NA,2027,2.328396603833352
18097310105,NA,2028,2.3279974799487624
18097310106,NA,2024,1.4521576631455546
18097310106,NA,2025,1.435491332401012
18097310106,NA,2026,1.4338204652626905
18097310106,NA,2027,1.4336529540668121
18097310106,NA,2028,1.4336361603911805
18097310108,NA,2024,2.492136524989894
18097310108,NA,2025,2.4740239085978155
18097310108,NA,2026,2.476299726669659
18097310108,NA,2027,2.476013774172018
18097310108,NA,2028,2.47604970359534
18097310110,NA,2024,6.770307962849565
18097310110,NA,2025,6.787650443637448
18097310110,NA,2026,6.783889725492498
18097310110,NA,2027,6.784705237479436
18097310110,NA,2028,6.7845283936492935
18097310111,NA,2024,7.709322191331338
18097310111,NA,2025,7.749685976721968
18097310111,NA,2026,7.754178792011885
18097310111,NA,2027,7.7546788786374075
18097310111,NA,2028,7.754734542317503
18097310112,NA,2024,3.1556783556154393
18097310112,NA,2025,3.3288843938214936
18097310112,NA,2026,3.4282453450698442
18097310112,NA,2027,3.4852445047713796
18097310112,NA,2028,3.517942502987606
18097310113,NA,2024,0
18097310113,NA,2025,0
18097310113,NA,2026,0
18097310113,NA,2027,0
18097310113,NA,2028,0
18097310201,NA,2024,4.7847296254939495
18097310201,NA,2025,3.7134599131351305
18097310201,NA,2026,3.0033739154257573
18097310201,NA,2027,2.5326968129874983
18097310201,NA,2028,2.22071075006791
18097310203,NA,2024,6.0106452075375945
18097310203,NA,2025,6.003409754724059
18097310203,NA,2026,6.001023572646854
18097310203,NA,2027,6.000236632969089
18097310203,NA,2028,5.99997710790503
18097310204,NA,2024,2.568682095572866
18097310204,NA,2025,3.2439338262407498
18097310204,NA,2026,4.100000062204124
18097310204,NA,2027,3.719719306657404
18097310204,NA,2028,2.8209120926761146
18097310305,NA,2024,6.417937275176947
18097310305,NA,2025,6.274703681955342
18097310305,NA,2026,6.232590652834048
18097310305,NA,2027,6.220208730535785
18097310305,NA,2028,6.216568241998172
18097310306,NA,2024,3.7143572428888096
18097310306,NA,2025,2.6794460973005894
18097310306,NA,2026,2.0774417190874863
18097310306,NA,2027,1.727257770511148
18097310306,NA,2028,1.5235569299881806
18097310308,NA,2024,0.28887992907023685
18097310308,NA,2025,0
18097310308,NA,2026,0
18097310308,NA,2027,0
18097310308,NA,2028,0
18097310309,NA,2024,12.500371127318818
18097310309,NA,2025,12.470926430867973
18097310309,NA,2026,12.46760342000921
18097310309,NA,2027,12.467228398273601
18097310309,NA,2028,12.467186074818109
18097310310,NA,2024,0
18097310310,NA,2025,0
18097310310,NA,2026,0
18097310310,NA,2027,0
18097310310,NA,2028,0
18097310311,NA,2024,2.35662063231158
18097310311,NA,2025,3.1823233453281974
18097310311,NA,2026,2.457520466318244
18097310311,NA,2027,3.093753344253022
18097310311,NA,2028,2.535267324553297
18097310312,NA,2024,0.5797828992516714
18097310312,NA,2025,0.2461939849581533
18097310312,NA,2026,0.1460413826820412
18097310312,NA,2027,0.11597280632086324
18097310312,NA,2028,0.10694538952049483
18097320105,NA,2024,4.236668819513102
18097320105,NA,2025,4.230403560085407
18097320105,NA,2026,4.229841115804596
18097320105,NA,2027,4.2297906241094525
18097320105,NA,2028,4.229786091373739
18097320106,NA,2024,4.501013410252055
18097320106,NA,2025,4.357217567159002
18097320106,NA,2026,4.3070886534211015
18097320106,NA,2027,4.289613127435864
18097320106,NA,2028,4.28352095456219
18097320107,NA,2024,3.84602964892558
18097320107,NA,2025,4.042536018256454
18097320107,NA,2026,4.13961806866952
18097320107,NA,2027,4.1875805064495175
18097320107,NA,2028,4.211275879878615
18097320108,NA,2024,14.585565522129054
18097320108,NA,2025,15.373611057490434
18097320108,NA,2026,15.854392523488624
18097320108,NA,2027,16.147714175189076
18097320108,NA,2028,16.326667810969635
18097320109,NA,2024,1.8210208506107621
18097320109,NA,2025,1.8202194963151497
18097320109,NA,2026,1.8202986498902867
18097320109,NA,2027,1.8202908315152042
18097320109,NA,2028,1.8202916037732964
18097320202,NA,2024,13.947634541444046
18097320202,NA,2025,13.772633185684596
18097320202,NA,2026,13.839695063134027
18097320202,NA,2027,13.813996431329
18097320202,NA,2028,13.823844346445131
18097320203,NA,2024,7.918801518345747
18097320203,NA,2025,7.82362995492731
18097320203,NA,2026,7.842266551600099
18097320203,NA,2027,7.838617113437387
18097320203,NA,2028,7.839331750296106
18097320204,NA,2024,15.759568811095424
18097320204,NA,2025,15.711657678523393
18097320204,NA,2026,15.74435856689595
18097320204,NA,2027,15.722039159214516
18097320204,NA,2028,15.737272872548989
18097320205,NA,2024,17.622531992265245
18097320205,NA,2025,19.81529502660746
18097320205,NA,2026,18.258359509594985
18097320205,NA,2027,19.363836100622095
18097320205,NA,2028,18.578910533727772
18097320206,NA,2024,33.7754912664775
18097320206,NA,2025,37.72462034415466
18097320206,NA,2026,42.05292927101314
18097320206,NA,2027,46.121770821211356
18097320206,NA,2028,50.36816220612867
18097320301,NA,2024,2.857718702059419
18097320301,NA,2025,2.838500003077732
18097320301,NA,2026,2.841592540180124
18097320301,NA,2027,2.841094910983747
18097320301,NA,2028,2.841174985954196
18097320303,NA,2024,5.2251077753531945
18097320303,NA,2025,4.246932174668035
18097320303,NA,2026,3.8044946982695063
18097320303,NA,2027,3.604376314223957
18097320303,NA,2028,3.5138609990228344
18097320304,NA,2024,2.8744787036606008
18097320304,NA,2025,2.77292485466674
18097320304,NA,2026,2.6834828377341937
18097320304,NA,2027,2.6047081337498517
18097320304,NA,2028,2.535328504347033
18097320306,NA,2024,2.542487566879925
18097320306,NA,2025,2.5423782118172933
18097320306,NA,2026,2.542388248301238
18097320306,NA,2027,2.542387327164095
18097320306,NA,2028,2.54238741170502
18097320400,NA,2024,7.816040221482007
18097320400,NA,2025,8.393051894508854
18097320400,NA,2026,8.18895055038874
18097320400,NA,2027,8.261145552013428
18097320400,NA,2028,8.235608639054533
18097320500,NA,2024,7.969400224491433
18097320500,NA,2025,7.971803092741091
18097320500,NA,2026,7.971652290839881
18097320500,NA,2027,7.97166175503477
18097320500,NA,2028,7.97166116107021
18097320600,NA,2024,9.545472304803033
18097320600,NA,2025,9.606961853074042
18097320600,NA,2026,9.622777607895342
18097320600,NA,2027,9.626845585423247
18097320600,NA,2028,9.627891911782912
18097320700,NA,2024,9.92513062967196
18097320700,NA,2025,10.572365900062225
18097320700,NA,2026,10.91309045141565
18097320700,NA,2027,11.092458333862773
18097320700,NA,2028,11.186883103447965
18097320800,NA,2024,7.760720120556652
18097320800,NA,2025,7.778186270970828
18097320800,NA,2026,7.774966213280286
18097320800,NA,2027,7.7755598627843
18097320800,NA,2028,7.775450417622913
18097320901,NA,2024,4.017612449518225
18097320901,NA,2025,3.617793955763306
18097320901,NA,2026,3.820292539595664
18097320901,NA,2027,3.717731809928051
18097320901,NA,2028,3.7696763868770993
18097320902,NA,2024,14.020752062143844
18097320902,NA,2025,13.446779497584993
18097320902,NA,2026,13.708013640043257
18097320902,NA,2027,13.589117230354484
18097320902,NA,2028,13.643230969484655
18097320903,NA,2024,15.33753275520327
18097320903,NA,2025,16.258967860961537
18097320903,NA,2026,15.636509878124409
18097320903,NA,2027,16.05699954470687
18097320903,NA,2028,15.772945737738677
18097321001,NA,2024,7.06684359705621
18097321001,NA,2025,7.140545649514757
18097321001,NA,2026,7.128714025998227
18097321001,NA,2027,7.130613393931239
18097321001,NA,2028,7.130308482391423
18097321002,NA,2024,9.042760367082035
18097321002,NA,2025,9.088586953457881
18097321002,NA,2026,9.096317028212468
18097321002,NA,2027,9.097620945009181
18097321002,NA,2028,9.097840891007989
18097321100,NA,2024,9.8224294469579
18097321100,NA,2025,10.290683601265172
18097321100,NA,2026,9.88988160634313
18097321100,NA,2027,10.232947946824702
18097321100,NA,2028,9.939300421456695
18097321200,NA,2024,8.608239968834846
18097321200,NA,2025,8.761761883209205
18097321200,NA,2026,8.712068341116233
18097321200,NA,2027,8.72815365464173
18097321200,NA,2028,8.722946995983158
18097321300,NA,2024,2.1660181073043274
18097321300,NA,2025,2.1680608078201837
18097321300,NA,2026,2.1683059539400467
18097321300,NA,2027,2.168335374121624
18097321300,NA,2028,2.168338904861105
18097321400,NA,2024,0
18097321400,NA,2025,0
18097321400,NA,2026,0
18097321400,NA,2027,0
18097321400,NA,2028,0
18097321600,NA,2024,10.32864440997544
18097321600,NA,2025,9.917820767860187
18097321600,NA,2026,10.108609441395071
18097321600,NA,2027,10.020006171724946
18097321600,NA,2028,10.06115399906073
18097321700,NA,2024,6.296204411990669
18097321700,NA,2025,9.332622023154677
18097321700,NA,2026,7.818755467978021
18097321700,NA,2027,9.1276648267006
18097321700,NA,2028,8.685460723316575
18097321800,NA,2024,4.708406994939249
18097321800,NA,2025,4.277729958529041
18097321800,NA,2026,4.088658168856877
18097321800,NA,2027,4.00565364661022
18097321800,NA,2028,3.9692137804337695
18097321900,NA,2024,4.059145255125821
18097321900,NA,2025,4.17528336966606
18097321900,NA,2026,4.154894705907862
18097321900,NA,2027,4.158474044280028
18097321900,NA,2028,4.157845672389922
18097322000,NA,2024,18.147417959367708
18097322000,NA,2025,18.14379183779063
18097322000,NA,2026,18.142920405790967
18097322000,NA,2027,18.142710982661075
18097322000,NA,2028,18.142660653952294
18097322100,NA,2024,14.369921791899495
18097322100,NA,2025,14.356605966325743
18097322100,NA,2026,14.35769190158311
18097322100,NA,2027,14.357603341142251
18097322100,NA,2028,14.357610563443611
18097322200,NA,2024,0.8079109497518517
18097322200,NA,2025,0.5423185192773465
18097322200,NA,2026,0.3842878928735617
18097322200,NA,2027,0.290257807614901
18097322200,NA,2028,0.23430879864774273
18097322300,NA,2024,10.915025065899474
18097322300,NA,2025,10.83265721608195
18097322300,NA,2026,10.847635605241958
18097322300,NA,2027,10.844911822329989
18097322300,NA,2028,10.845407135495662
18097322400,NA,2024,9.324792600085768
18097322400,NA,2025,7.8063494795091675
18097322400,NA,2026,6.786022583193212
18097322400,NA,2027,5.454999480830304
18097322400,NA,2028,4.31777077373178
18097322500,NA,2024,20.425146596203938
18097322500,NA,2025,20.749241552694706
18097322500,NA,2026,20.915051921619067
18097322500,NA,2027,20.999882240302586
18097322500,NA,2028,21.04328231844384
18097322600,NA,2024,13.901348824126176
18097322600,NA,2025,13.902050687837184
18097322600,NA,2026,13.902267546043486
18097322600,NA,2027,13.902334549766435
18097322600,NA,2028,13.90235525222896
18097322601,NA,2024,29.615728094448972
18097322601,NA,2025,29.61645865024595
18097322601,NA,2026,29.616562331133963
18097322601,NA,2027,29.61657704558368
18097322601,NA,2028,29.616579133866626
18097322602,NA,2024,8.033054407033768
18097322602,NA,2025,8.607982904527749
18097322602,NA,2026,9.05896584882482
18097322602,NA,2027,9.412723954282075
18097322602,NA,2028,9.690217368964895
18097322700,NA,2024,18.055663285654934
18097322700,NA,2025,17.79452984909342
18097322700,NA,2026,17.869876320023604
18097322700,NA,2027,17.84813612942838
18097322700,NA,2028,17.85440896319593
18097330103,NA,2024,8.364272372793996
18097330103,NA,2025,8.435534057805382
18097330103,NA,2026,8.447251494486743
18097330103,NA,2027,8.449178172509578
18097330103,NA,2028,8.449494972873397
18097330105,NA,2024,12.59565855565526
18097330105,NA,2025,12.594438674009732
18097330105,NA,2026,12.594411040728634
18097330105,NA,2027,12.594410414767724
18097330105,NA,2028,12.59441040058819
18097330106,NA,2024,18.64062128751685
18097330106,NA,2025,18.930709329323385
18097330106,NA,2026,19.02410202154847
18097330106,NA,2027,19.05416942765984
18097330106,NA,2028,19.063849509566968
18097330107,NA,2024,3.9422886856245545
18097330107,NA,2025,3.944416937959013
18097330107,NA,2026,3.9442663448716546
18097330107,NA,2027,3.9442770006936136
18097330107,NA,2028,3.944276246697905
18097330108,NA,2024,1.5220070392656506
18097330108,NA,2025,1.5756531650837418
18097330108,NA,2026,1.5867144908067896
18097330108,NA,2027,1.5889952319579073
18097330108,NA,2028,1.5894654992955342
18097330109,NA,2024,2.1870567244566024
18097330109,NA,2025,2.2010372711934845
18097330109,NA,2026,2.197233602595478
18097330109,NA,2027,2.1982684616089165
18097330109,NA,2028,2.1979869089052304
18097330202,NA,2024,9.95017650338564
18097330202,NA,2025,9.954576317977326
18097330202,NA,2026,9.956597778209042
18097330202,NA,2027,9.957526522223878
18097330202,NA,2028,9.957953226361589
18097330203,NA,2024,1.5998324561033623
18097330203,NA,2025,1.605221468491479
18097330203,NA,2026,1.604452765246739
18097330203,NA,2027,1.6045624151484124
18097330203,NA,2028,1.6045467743910469
18097330204,NA,2024,2.0505148943215348
18097330204,NA,2025,2.050811755244086
18097330204,NA,2026,2.0507751094086695
18097330204,NA,2027,2.050779633133927
18097330204,NA,2028,2.0507790747051184
18097330206,NA,2024,1.7725968894060802
18097330206,NA,2025,1.7897466871555858
18097330206,NA,2026,1.783934991543501
18097330206,NA,2027,1.7859044495150096
18097330206,NA,2028,1.7852370427957944
18097330208,NA,2024,3.169968365559997
18097330208,NA,2025,3.3140698478809028
18097330208,NA,2026,3.240175369204829
18097330208,NA,2027,3.2780680673982365
18097330208,NA,2028,3.258636891996473
18097330209,NA,2024,4.428251405407363
18097330209,NA,2025,4.428247843949259
18097330209,NA,2026,4.428248250610367
18097330209,NA,2027,4.4282482041762234
18097330209,NA,2028,4.428248209478254
18097330210,NA,2024,4.920032421139824
18097330210,NA,2025,4.660383447077447
18097330210,NA,2026,4.735246630110175
18097330210,NA,2027,4.713661733832305
18097330210,NA,2028,4.719885190122198
18097330211,NA,2024,13.02946434618052
18097330211,NA,2025,11.982689678750862
18097330211,NA,2026,12.61300497209716
18097330211,NA,2027,12.233460661952755
18097330211,NA,2028,12.462003241965721
18097330212,NA,2024,0.26052963787192507
18097330212,NA,2025,0.15559780247328325
18097330212,NA,2026,0.1362352071056133
18097330212,NA,2027,0.1326623152568449
18097330212,NA,2028,0.13200302573906103
18097330213,NA,2024,8.529251401388501
18097330213,NA,2025,8.58395871108471
18097330213,NA,2026,8.600103080649253
18097330213,NA,2027,8.604867355662664
18097330213,NA,2028,8.606273314335294
18097330401,NA,2024,5.079513002208877
18097330401,NA,2025,5.117635157418085
18097330401,NA,2026,5.122433652831069
18097330401,NA,2027,5.123037646967867
18097330401,NA,2028,5.123113672656315
18097330500,NA,2024,3.3612205909867563
18097330500,NA,2025,3.2735422402666834
18097330500,NA,2026,3.251879401997039
18097330500,NA,2027,3.246527127940299
18097330500,NA,2028,3.245204732544928
18097330600,NA,2024,7.123852858862094
18097330600,NA,2025,7.111165835532145
18097330600,NA,2026,7.11235808939566
18097330600,NA,2027,7.1122460481990695
18097330600,NA,2028,7.1122565771896795
18097330700,NA,2024,4.264687137788869
18097330700,NA,2025,4.265349119406125
18097330700,NA,2026,4.265156748022328
18097330700,NA,2027,4.265212651008663
18097330700,NA,2028,4.265196405640877
18097330701,NA,2024,12.877878916654248
18097330701,NA,2025,15.456535331684428
18097330701,NA,2026,15.713917672340669
18097330701,NA,2027,18.186297977373215
18097330701,NA,2028,18.545090733070634
18097330702,NA,2024,4.49562308400929
18097330702,NA,2025,4.918652881973413
18097330702,NA,2026,5.1367368709572965
18097330702,NA,2027,5.249165419678955
18097330702,NA,2028,5.307125559836665
18097330803,NA,2024,27.75135958577328
18097330803,NA,2025,27.72380349890057
18097330803,NA,2026,27.726729964407824
18097330803,NA,2027,27.72641917280651
18097330803,NA,2028,27.72645217897699
18097330804,NA,2024,14.03818239770567
18097330804,NA,2025,13.798908009023084
18097330804,NA,2026,13.858880327749295
18097330804,NA,2027,13.843848718920615
18097330804,NA,2028,13.847616278167573
18097330805,NA,2024,18.33628109269091
18097330805,NA,2025,18.330975555102267
18097330805,NA,2026,18.330821093256812
18097330805,NA,2027,18.33081659635875
18097330805,NA,2028,18.330816465439092
18097330806,NA,2024,11.869601166198867
18097330806,NA,2025,11.837750222687244
18097330806,NA,2026,11.839860596502238
18097330806,NA,2027,11.839720767751563
18097330806,NA,2028,11.839730032498585
18097330900,NA,2024,7.10915791511127
18097330900,NA,2025,7.2150948550509595
18097330900,NA,2026,7.286446513055601
18097330900,NA,2027,7.334503962165513
18097330900,NA,2028,7.3668720735666735
18097331000,NA,2024,12.847357702776451
18097331000,NA,2025,12.843992857082554
18097331000,NA,2026,12.84420182780776
18097331000,NA,2027,12.844188849868216
18097331000,NA,2028,12.844189655851517
18097340101,NA,2024,3.559752663664799
18097340101,NA,2025,3.5731621737877526
18097340101,NA,2026,3.5710925563016866
18097340101,NA,2027,3.571411980091173
18097340101,NA,2028,3.571362680373724
18097340102,NA,2024,7.9269933029355055
18097340102,NA,2025,6.49342233395857
18097340102,NA,2026,5.818458431735516
18097340102,NA,2027,5.500667210259197
18097340102,NA,2028,5.351042526457904
18097340108,NA,2024,8.477503178434315
18097340108,NA,2025,7.129471551725745
18097340108,NA,2026,6.075319071383975
18097340108,NA,2027,5.250978284570266
18097340108,NA,2028,4.606348835342646
18097340109,NA,2024,13.727338034434554
18097340109,NA,2025,13.727286280245648
18097340109,NA,2026,13.727294091508872
18097340109,NA,2027,13.727292912554386
18097340109,NA,2028,13.727293090494067
18097340110,NA,2024,13.156143580998318
18097340110,NA,2025,13.156183986897446
18097340110,NA,2026,13.156193795714847
18097340110,NA,2027,13.156196176874552
18097340110,NA,2028,13.156196754917888
18097340111,NA,2024,1.3343249555808994
18097340111,NA,2025,1.3342877208581396
18097340111,NA,2026,1.3342879361629219
18097340111,NA,2027,1.3342879349179508
18097340111,NA,2028,1.3342879349251497
18097340112,NA,2024,12.049669001658826
18097340112,NA,2025,11.91415337541544
18097340112,NA,2026,11.950944154117218
18097340112,NA,2027,11.940955922981038
18097340112,NA,2028,11.943667601416509
18097340113,NA,2024,9.654925933837104
18097340113,NA,2025,9.97687560373691
18097340113,NA,2026,10.077777822204748
18097340113,NA,2027,10.10940157785233
18097340113,NA,2028,10.119312776401218
18097340114,NA,2024,1.7519718665143322
18097340114,NA,2025,1.7628127496103472
18097340114,NA,2026,1.768238236401887
18097340114,NA,2027,1.7709535047674312
18097340114,NA,2028,1.7723124026101873
18097340115,NA,2024,1.1446383977838335
18097340115,NA,2025,0
18097340115,NA,2026,0
18097340115,NA,2027,0
18097340115,NA,2028,0
18097340201,NA,2024,3.242478710059846
18097340201,NA,2025,3.0580171765001505
18097340201,NA,2026,3.103269848273892
18097340201,NA,2027,3.092168323402316
18097340201,NA,2028,3.094891783689709
18097340202,NA,2024,7.6597771615779795
18097340202,NA,2025,6.711558510831586
18097340202,NA,2026,7.251367019743461
18097340202,NA,2027,6.944061077106401
18097340202,NA,2028,7.119006341623284
18097340300,NA,2024,3.879681122790682
18097340300,NA,2025,3.869207650384665
18097340300,NA,2026,3.8643392099134246
18097340300,NA,2027,3.8620761865623154
18097340300,NA,2028,3.8610242532547363
18097340301,NA,2024,13.619510921248935
18097340301,NA,2025,13.538067288509456
18097340301,NA,2026,13.55817179385283
18097340301,NA,2027,13.553208961013649
18097340301,NA,2028,13.554434045111417
18097340302,NA,2024,4.606184409679271
18097340302,NA,2025,5.122797874708389
18097340302,NA,2026,4.701986686198997
18097340302,NA,2027,5.044761445979418
18097340302,NA,2028,4.765551816694803
18097340400,NA,2024,10.52450958216758
18097340400,NA,2025,10.56771649646729
18097340400,NA,2026,10.573179207143575
18097340400,NA,2027,10.573869865303651
18097340400,NA,2028,10.573957186181937
18097340500,NA,2024,8.316512082228519
18097340500,NA,2025,8.316043961395879
18097340500,NA,2026,8.316054626062808
18097340500,NA,2027,8.316054383101775
18097340500,NA,2028,8.316054388636882
18097340600,NA,2024,16.910264841919858
18097340600,NA,2025,17.460009824838114
18097340600,NA,2026,17.695437451179235
18097340600,NA,2027,17.7962590484049
18097340600,NA,2028,17.839435775899087
18097340700,NA,2024,8.169832344221048
18097340700,NA,2025,8.196915217415125
18097340700,NA,2026,8.193759902191962
18097340700,NA,2027,8.194127515114202
18097340700,NA,2028,8.194084686030246
18097340800,NA,2024,6.577408078541586
18097340800,NA,2025,6.575282947658378
18097340800,NA,2026,6.575220113693813
18097340800,NA,2027,6.575218255875486
18097340800,NA,2028,6.575218200945179
18097340901,NA,2024,4.088865537017324
18097340901,NA,2025,4.099431523602075
18097340901,NA,2026,4.100357140221225
18097340901,NA,2027,4.1004382274078095
18097340901,NA,2028,4.100445330923122
18097340902,NA,2024,2.491983550025783
18097340902,NA,2025,2.124790958520772
18097340902,NA,2026,1.8688498420319606
18097340902,NA,2027,1.6904533911639004
18097340902,NA,2028,1.566107236396261
18097340903,NA,2024,5.089148751795187
18097340903,NA,2025,5.090821936135634
18097340903,NA,2026,5.091061293671169
18097340903,NA,2027,5.091095534984832
18097340903,NA,2028,5.0911004333790215
18097340904,NA,2024,8.192899806537703
18097340904,NA,2025,8.189945175780835
18097340904,NA,2026,8.19011017723905
18097340904,NA,2027,8.19010096272683
18097340904,NA,2028,8.19010147731159
18097341000,NA,2024,7.369377366050312
18097341000,NA,2025,5.813469696554895
18097341000,NA,2026,7.427916138550747
18097341000,NA,2027,7.643879583898765
18097341000,NA,2028,6.156360497065452
18097341100,NA,2024,19.501585540374442
18097341100,NA,2025,16.258769072342655
18097341100,NA,2026,18.52879908865623
18097341100,NA,2027,16.93973713409788
18097341100,NA,2028,18.052109163224383
18097341200,NA,2024,27.024038842545306
18097341200,NA,2025,26.837302002856898
18097341200,NA,2026,26.86905706808659
18097341200,NA,2027,26.86365704006092
18097341200,NA,2028,26.864575328292013
18097341600,NA,2024,14.130267457575062
18097341600,NA,2025,14.174207645719212
18097341600,NA,2026,14.192242401800389
18097341600,NA,2027,14.199644564618639
18097341600,NA,2028,14.202682699104143
18097341700,NA,2024,19.58694222727815
18097341700,NA,2025,19.325178700186058
18097341700,NA,2026,19.503567536060896
18097341700,NA,2027,19.381997594219516
18097341700,NA,2028,19.46484611266428
18097341701,NA,2024,25.180280102913052
18097341701,NA,2025,23.078920948309914
18097341701,NA,2026,24.45623453461029
18097341701,NA,2027,23.553488942143556
18097341701,NA,2028,24.145183972835266
18097341702,NA,2024,2.1923609414979413
18097341702,NA,2025,0
18097341702,NA,2026,0
18097341702,NA,2027,0
18097341702,NA,2028,0
18097341902,NA,2024,1.0206330651630886
18097341902,NA,2025,0.07928474107785433
18097341902,NA,2026,0
18097341902,NA,2027,0
18097341902,NA,2028,0
18097341903,NA,2024,24.3902953762975
18097341903,NA,2025,25.793610683320424
18097341903,NA,2026,26.455283284988635
18097341903,NA,2027,26.76726636506148
18097341903,NA,2028,26.914368484759866
18097341904,NA,2024,5.70860615996453
18097341904,NA,2025,5.788813538162389
18097341904,NA,2026,5.771288666617564
18097341904,NA,2027,5.775117754783306
18097341904,NA,2028,5.7742811200528585
18097342000,NA,2024,6.777432503603433
18097342000,NA,2025,6.841384824341173
18097342000,NA,2026,6.820645514255962
18097342000,NA,2027,6.827371133871463
18097342000,NA,2028,6.825190060391845
18097342101,NA,2024,7.2349291455582145
18097342101,NA,2025,5.088027456881937
18097342101,NA,2026,6.959630355315672
18097342101,NA,2027,5.328024479787505
18097342101,NA,2028,6.750408328031097
18097342200,NA,2024,9.723763478506715
18097342200,NA,2025,13.037407990254394
18097342200,NA,2026,10.397031956793676
18097342200,NA,2027,12.500934645617956
18097342200,NA,2028,10.824504293294094
18097342300,NA,2024,10.229353160701923
18097342300,NA,2025,10.39213793431067
18097342300,NA,2026,10.424127706968532
18097342300,NA,2027,10.430414201288704
18097342300,NA,2028,10.431649596465162
18097342400,NA,2024,13.946847424643067
18097342400,NA,2025,13.878904297115817
18097342400,NA,2026,13.868224362768624
18097342400,NA,2027,13.866545591098676
18097342400,NA,2028,13.866281706113226
18097342500,NA,2024,5.01407574577332
18097342500,NA,2025,4.939443733129594
18097342500,NA,2026,4.919414921828012
18097342500,NA,2027,4.91403983856355
18097342500,NA,2028,4.91259734057079
18097342600,NA,2024,25.10301449196815
18097342600,NA,2025,25.225679287073092
18097342600,NA,2026,25.19182327800786
18097342600,NA,2027,25.201167681582206
18097342600,NA,2028,25.198588586155097
18097350100,NA,2024,19.21488467471205
18097350100,NA,2025,18.677720368038614
18097350100,NA,2026,18.35237745176857
18097350100,NA,2027,18.155327849157047
18097350100,NA,2028,18.035981326003824
18097350300,NA,2024,22.764774090291272
18097350300,NA,2025,22.737772600753136
18097350300,NA,2026,22.7414513297619
18097350300,NA,2027,22.740950133444535
18097350300,NA,2028,22.741018417286032
18097350400,NA,2024,13.973081381103572
18097350400,NA,2025,13.936629743101365
18097350400,NA,2026,13.92406620052744
18097350400,NA,2027,13.919736008232727
18097350400,NA,2028,13.918243549780115
18097350500,NA,2024,23.169432126917147
18097350500,NA,2025,23.18438504741262
18097350500,NA,2026,23.18545881818672
18097350500,NA,2027,23.185535925777554
18097350500,NA,2028,23.185541462881663
18097350600,NA,2024,11.759079680490226
18097350600,NA,2025,11.768708588923717
18097350600,NA,2026,11.769739964138243
18097350600,NA,2027,11.769850437183083
18097350600,NA,2028,11.76986227021287
18097350700,NA,2024,13.772644814216347
18097350700,NA,2025,13.532734019654981
18097350700,NA,2026,13.455500065114423
18097350700,NA,2027,13.430636307963024
18097350700,NA,2028,13.42263197329751
18097350800,NA,2024,25.55471404920608
18097350800,NA,2025,25.510517348989406
18097350800,NA,2026,25.49388539854065
18097350800,NA,2027,25.487626520063895
18097350800,NA,2028,25.48527120040926
18097350900,NA,2024,14.558024539303105
18097350900,NA,2025,8.8099292851591
18097350900,NA,2026,7.7450652011845165
18097350900,NA,2027,2.4337002215513053
18097350900,NA,2028,0.9728327299968527
18097351000,NA,2024,37.526445223240536
18097351000,NA,2025,37.61827094985812
18097351000,NA,2026,37.63428774267266
18097351000,NA,2027,37.63708148753604
18097351000,NA,2028,37.6375687892357
18097351200,NA,2024,9.709811049961203
18097351200,NA,2025,3.489016847211534
18097351200,NA,2026,0
18097351200,NA,2027,0
18097351200,NA,2028,0
18097351500,NA,2024,17.52153413273415
18097351500,NA,2025,17.52925190229885
18097351500,NA,2026,17.52997290675197
18097351500,NA,2027,17.530040263961464
18097351500,NA,2028,17.53004655656292
18097351600,NA,2024,4.49474728084319
18097351600,NA,2025,3.608248029422882
18097351600,NA,2026,3.0661010680865823
18097351600,NA,2027,2.734545990949999
18097351600,NA,2028,2.531780362781412
18097351700,NA,2024,17.80996571605583
18097351700,NA,2025,12.760993041060395
18097351700,NA,2026,8.203649427130294
18097351700,NA,2027,4.069031225009223
18097351700,NA,2028,0.2978918892551832
18097351900,NA,2024,12.63830214399179
18097351900,NA,2025,11.911042142292883
18097351900,NA,2026,12.183855564499625
18097351900,NA,2027,12.081516424216522
18097351900,NA,2028,12.119906396195056
18097352100,NA,2024,31.607806464600024
18097352100,NA,2025,31.60485762449328
18097352100,NA,2026,31.604542361960878
18097352100,NA,2027,31.604508657025804
18097352100,NA,2028,31.604505053607916
18097352300,NA,2024,17.49910255997754
18097352300,NA,2025,17.231868368992654
18097352300,NA,2026,17.160422602646708
18097352300,NA,2027,17.141321388427272
18097352300,NA,2028,17.136214628386515
18097352400,NA,2024,11.74903333488738
18097352400,NA,2025,11.72566701863601
18097352400,NA,2026,11.729628783756066
18097352400,NA,2027,11.72895706542881
18097352400,NA,2028,11.72907095544942
18097352500,NA,2024,4.195325904169856
18097352500,NA,2025,2.2461057965558666
18097352500,NA,2026,0.5055447473779573
18097352500,NA,2027,0
18097352500,NA,2028,0
18097352600,NA,2024,21.456182220684326
18097352600,NA,2025,20.772382982770868
18097352600,NA,2026,20.518788835335883
18097352600,NA,2027,20.42474077554349
18097352600,NA,2028,20.389862062291716
18097352700,NA,2024,22.86925732124888
18097352700,NA,2025,22.85120268028985
18097352700,NA,2026,22.849350684675017
18097352700,NA,2027,22.84916071203778
18097352700,NA,2028,22.84914122516502
18097352800,NA,2024,18.238327013569727
18097352800,NA,2025,18.217177770259283
18097352800,NA,2026,18.214411133095705
18097352800,NA,2027,18.214049215599058
18097352800,NA,2028,18.21400187138056
18097353300,NA,2024,21.392234900731793
18097353300,NA,2025,21.881195572698843
18097353300,NA,2026,22.140180663724554
18097353300,NA,2027,22.277355862506422
18097353300,NA,2028,22.35001269030419
18097353500,NA,2024,6.379591965080251
18097353500,NA,2025,6.4240033928796345
18097353500,NA,2026,6.403405802583287
18097353500,NA,2027,6.412958765571387
18097353500,NA,2028,6.408528193813283
18097353600,NA,2024,25.256909029782623
18097353600,NA,2025,25.25881890945076
18097353600,NA,2026,25.258886890152866
18097353600,NA,2027,25.258889309873823
18097353600,NA,2028,25.258889396001933
18097354200,NA,2024,9.885018905370567
18097354200,NA,2025,9.883530439566792
18097354200,NA,2026,9.884008790957203
18097354200,NA,2027,9.883855062163349
18097354200,NA,2028,9.883904466309618
18097354201,NA,2024,8.653109885640923
18097354201,NA,2025,8.999317163665317
18097354201,NA,2026,8.849455105731515
18097354201,NA,2027,8.914325597583428
18097354201,NA,2028,8.886245236409101
18097354202,NA,2024,5.276379153812373
18097354202,NA,2025,2.5528398505109027
18097354202,NA,2026,0.24964571530508817
18097354202,NA,2027,0
18097354202,NA,2028,0
18097354400,NA,2024,18.483975568620174
18097354400,NA,2025,19.153513886761843
18097354400,NA,2026,18.770758791999114
18097354400,NA,2027,18.989568468155433
18097354400,NA,2028,18.864481499922356
18097354500,NA,2024,23.485392445464928
18097354500,NA,2025,23.488395538681274
18097354500,NA,2026,23.488296564055823
18097354500,NA,2027,23.488299826018
18097354500,NA,2028,23.488299718511687
18097354700,NA,2024,25.261000922360225
18097354700,NA,2025,25.296240374661316
18097354700,NA,2026,25.302259963160495
18097354700,NA,2027,25.30328822674955
18097354700,NA,2028,25.303463874305645
18097354800,NA,2024,28.783128146283627
18097354800,NA,2025,28.708306128133135
18097354800,NA,2026,28.70148581326152
18097354800,NA,2027,28.70086411531621
18097354800,NA,2028,28.700807445156187
18097354900,NA,2024,10.02478655049925
18097354900,NA,2025,8.160541516145898
18097354900,NA,2026,6.041924974057036
18097354900,NA,2027,4.040049279026714
18097354900,NA,2028,1.984596729051951
18097355000,NA,2024,31.590887736013407
18097355000,NA,2025,31.337740054969657
18097355000,NA,2026,31.398092052531812
18097355000,NA,2027,31.383703757151327
18097355000,NA,2028,31.38713401716456
18097355100,NA,2024,15.483654854823133
18097355100,NA,2025,14.97737419080299
18097355100,NA,2026,14.734296262468588
18097355100,NA,2027,14.617588508366024
18097355100,NA,2028,14.561554215326773
18097355300,NA,2024,11.478687933378131
18097355300,NA,2025,11.757601782018009
18097355300,NA,2026,11.893173109481223
18097355300,NA,2027,11.959070105703411
18097355300,NA,2028,11.991100581412114
18097355400,NA,2024,24.971974044415628
18097355400,NA,2025,24.92619542339836
18097355400,NA,2026,24.933721560075927
18097355400,NA,2027,24.932484241606506
18097355400,NA,2028,24.93268766031392
18097355500,NA,2024,10.136476411579055
18097355500,NA,2025,7.74740933256967
18097355500,NA,2026,8.442242755875224
18097355500,NA,2027,6.5668419369900235
18097355500,NA,2028,6.833567316654673
18097355600,NA,2024,15.55942220752511
18097355600,NA,2025,16.071889217193853
18097355600,NA,2026,16.42623102196988
18097355600,NA,2027,16.671238236567152
18097355600,NA,2028,16.84064679744147
18097355700,NA,2024,22.935546823347565
18097355700,NA,2025,22.939596022505746
18097355700,NA,2026,22.939755626281443
18097355700,NA,2027,22.939761917245217
18097355700,NA,2028,22.939762165210688
18097355900,NA,2024,14.873358435595756
18097355900,NA,2025,12.948881612526675
18097355900,NA,2026,11.878078499090032
18097355900,NA,2027,11.282270176536672
18097355900,NA,2028,10.95075493085855
18097356200,NA,2024,14.285343881375903
18097356200,NA,2025,14.657217295848335
18097356200,NA,2026,14.493047287986116
18097356200,NA,2027,14.565523002658317
18097356200,NA,2028,14.533527333743843
18097356400,NA,2024,14.74403925143144
18097356400,NA,2025,14.703372998506259
18097356400,NA,2026,14.693342850192728
18097356400,NA,2027,14.690868959240039
18097356400,NA,2028,14.690258785167384
18097356900,NA,2024,27.173703968967676
18097356900,NA,2025,26.7709367023269
18097356900,NA,2026,26.66425335128657
18097356900,NA,2027,26.635995500334282
18097356900,NA,2028,26.628510676013946
18097357000,NA,2024,10.765889632005017
18097357000,NA,2025,7.138636411639027
18097357000,NA,2026,5.029646604824101
18097357000,NA,2027,3.8034190064099835
18097357000,NA,2028,3.090454857292878
18097357100,NA,2024,22.592084946742233
18097357100,NA,2025,21.817372305603495
18097357100,NA,2026,21.425111456463554
18097357100,NA,2027,21.22649771815948
18097357100,NA,2028,21.12593347084902
18097357200,NA,2024,22.580531223297136
18097357200,NA,2025,22.528614897400086
18097357200,NA,2026,22.524684093840076
18097357200,NA,2027,22.524386476156998
18097357200,NA,2028,22.524363942269478
18097357300,NA,2024,20.70631721665985
18097357300,NA,2025,20.671791181786016
18097357300,NA,2026,20.66316859412741
18097357300,NA,2027,20.66101517517264
18097357300,NA,2028,20.66047737684824
18097357400,NA,2024,14.132506933176739
18097357400,NA,2025,14.136831139012482
18097357400,NA,2026,14.136656908213407
18097357400,NA,2027,14.136663928316635
18097357400,NA,2028,14.136663645462802
18097357500,NA,2024,9.722040563837112
18097357500,NA,2025,9.709411075869264
18097357500,NA,2026,9.710945713777047
18097357500,NA,2027,9.710759236422303
18097357500,NA,2028,9.710781895711284
18097357600,NA,2024,21.767398136359244
18097357600,NA,2025,21.767547980495863
18097357600,NA,2026,21.767575807158046
18097357600,NA,2027,21.767580974681753
18097357600,NA,2028,21.767581934311803
18097357601,NA,2024,19.63255025448787
18097357601,NA,2025,19.017949468134283
18097357601,NA,2026,19.50920620192555
18097357601,NA,2027,19.116539638761697
18097357601,NA,2028,19.4304020638871
18097357602,NA,2024,25.247291163199865
18097357602,NA,2025,24.666721205888198
18097357602,NA,2026,24.921328937973218
18097357602,NA,2027,24.809671253277216
18097357602,NA,2028,24.858638495746934
18097357800,NA,2024,20.090799127247525
18097357800,NA,2025,25.839541391183033
18097357800,NA,2026,28.17435538515126
18097357800,NA,2027,22.6362664679245
18097357800,NA,2028,21.301903413764418
18097357900,NA,2024,17.382540782898943
18097357900,NA,2025,15.56453336314536
18097357900,NA,2026,14.392952411268743
18097357900,NA,2027,13.637948932247648
18097357900,NA,2028,13.15140103095163
18097358000,NA,2024,14.462508677719148
18097358000,NA,2025,14.442557122631586
18097358000,NA,2026,14.444324565985795
18097358000,NA,2027,14.4441679939293
18097358000,NA,2028,14.444181864138388
18097358100,NA,2024,22.345951731812406
18097358100,NA,2025,22.607035288109383
18097358100,NA,2026,22.519707346756935
18097358100,NA,2027,22.54891703521461
18097358100,NA,2028,22.539146898800297
18097360101,NA,2024,18.00152932086504
18097360101,NA,2025,17.910121072316763
18097360101,NA,2026,17.94496507123679
18097360101,NA,2027,17.931682853493633
18097360101,NA,2028,17.936745914957434
18097360102,NA,2024,30.1859387022317
18097360102,NA,2025,30.272719816675707
18097360102,NA,2026,30.28625718680868
18097360102,NA,2027,30.288368941091754
18097360102,NA,2028,30.28869836298894
18097360201,NA,2024,7.993668633331043
18097360201,NA,2025,8.119048349336508
18097360201,NA,2026,8.150433681583879
18097360201,NA,2027,8.15829012847705
18097360201,NA,2028,8.160256771917329
18097360202,NA,2024,3.4866034017239276
18097360202,NA,2025,3.4847179810402964
18097360202,NA,2026,3.4847650818859512
18097360202,NA,2027,3.4847639052309582
18097360202,NA,2028,3.484763934625695
18097360301,NA,2024,0
18097360301,NA,2025,0
18097360301,NA,2026,0
18097360301,NA,2027,0
18097360301,NA,2028,0
18097360302,NA,2024,15.624272171204723
18097360302,NA,2025,15.624210975811996
18097360302,NA,2026,15.624211176264529
18097360302,NA,2027,15.624211175607924
18097360302,NA,2028,15.624211175610075
18097360401,NA,2024,8.17286872479616
18097360401,NA,2025,8.172495710674184
18097360401,NA,2026,8.172536910354703
18097360401,NA,2027,8.172532359820085
18097360401,NA,2028,8.172532862429936
18097360402,NA,2024,7.407840766132447
18097360402,NA,2025,7.508511944082594
18097360402,NA,2026,7.530101782842263
18097360402,NA,2027,7.534731917774223
18097360402,NA,2028,7.535724891817559
18097360404,NA,2024,18.411133031396968
18097360404,NA,2025,18.41220478503721
18097360404,NA,2026,18.4125555112827
18097360404,NA,2027,18.412670284766698
18097360404,NA,2028,18.412707843839616
18097360405,NA,2024,3.669829988630754
18097360405,NA,2025,3.6715516614315375
18097360405,NA,2026,3.6716658730411513
18097360405,NA,2027,3.6716734495631043
18097360405,NA,2028,3.671673952171246
18097360406,NA,2024,13.035582638251991
18097360406,NA,2025,11.074395832358706
18097360406,NA,2026,9.909923037234165
18097360406,NA,2027,9.218506550793178
18097360406,NA,2028,8.80797162054496
18097360407,NA,2024,8.311796959161097
18097360407,NA,2025,7.6679431769988105
18097360407,NA,2026,8.011803544604883
18097360407,NA,2027,7.828159438309363
18097360407,NA,2028,7.926237498342486
18097360501,NA,2024,3.9890021220715703
18097360501,NA,2025,3.9291732320589765
18097360501,NA,2026,3.9438991972840434
18097360501,NA,2027,3.940274626415952
18097360501,NA,2028,3.9411667590386377
18097360502,NA,2024,13.385442627087672
18097360502,NA,2025,13.398838508207161
18097360502,NA,2026,13.401683563931966
18097360502,NA,2027,13.40228780504198
18097360502,NA,2028,13.402416135505192
18097360601,NA,2024,6.6997369093741375
18097360601,NA,2025,6.797356540425036
18097360601,NA,2026,6.771341815134909
18097360601,NA,2027,6.778274497881558
18097360601,NA,2028,6.776427002298588
18097360602,NA,2024,5.249707521907933
18097360602,NA,2025,5.056765060528759
18097360602,NA,2026,4.913901448150045
18097360602,NA,2027,4.808118555177693
18097360602,NA,2028,4.729791959207707
18097360700,NA,2024,8.357532492888193
18097360700,NA,2025,8.700121316267914
18097360700,NA,2026,8.828297233348497
18097360700,NA,2027,8.876252871706374
18097360700,NA,2028,8.894194957105034
18097360800,NA,2024,22.300658613035008
18097360800,NA,2025,22.48195311866433
18097360800,NA,2026,22.517444013556887
18097360800,NA,2027,22.52439184474406
18097360800,NA,2028,22.525751978331886
18097360900,NA,2024,5.103475138767244
18097360900,NA,2025,5.102535364063961
18097360900,NA,2026,5.10250108667664
18097360900,NA,2027,5.102499836441582
18097360900,NA,2028,5.102499790840448
18097361000,NA,2024,3.7560459170866514
18097361000,NA,2025,3.8183723578345163
18097361000,NA,2026,3.8360536628971325
18097361000,NA,2027,3.8410696488088263
18097361000,NA,2028,3.842492627179326
18097361100,NA,2024,15.376027488631149
18097361100,NA,2025,15.847683716221551
18097361100,NA,2026,15.992570368020887
18097361100,NA,2027,16.0370776609212
18097361100,NA,2028,16.050749721781973
18097361200,NA,2024,11.07575888159973
18097361200,NA,2025,9.802064303921634
18097361200,NA,2026,10.819026319847275
18097361200,NA,2027,10.007048503532097
18097361200,NA,2028,10.655359810998052
18097361300,NA,2024,6.461995694844975
18097361300,NA,2025,10.495098306949233
18097361300,NA,2026,7.7351506582965195
18097361300,NA,2027,9.623848208525557
18097361300,NA,2028,8.33136773775195
18097361400,NA,2024,11.827980279711605
18097361400,NA,2025,11.84520371706957
18097361400,NA,2026,11.852229469837491
18097361400,NA,2027,11.855095401935134
18097361400,NA,2028,11.856264467665117
18097361401,NA,2024,10.73461232491611
18097361401,NA,2025,12.065209332582437
18097361401,NA,2026,12.882106762969295
18097361401,NA,2027,13.383627063952863
18097361401,NA,2028,13.691526933560159
18097361402,NA,2024,7.522807806992757
18097361402,NA,2025,8.088975147160706
18097361402,NA,2026,7.9511775156336855
18097361402,NA,2027,8.503004483975895
18097361402,NA,2028,8.379255098568976
18097361600,NA,2024,3.4856197738076284
18097361600,NA,2025,3.4759314174935696
18097361600,NA,2026,3.48335687533906
18097361600,NA,2027,3.477665773316404
18097361600,NA,2028,3.482027611051696
18097361601,NA,2024,4.6744537882755175
18097361601,NA,2025,5.685283940260892
18097361601,NA,2026,4.714203042074326
18097361601,NA,2027,5.647097761301569
18097361601,NA,2028,4.750887611573266
18097370201,NA,2024,12.10357516036021
18097370201,NA,2025,12.104341289559573
18097370201,NA,2026,12.104171071687311
18097370201,NA,2027,12.1042088905357
18097370201,NA,2028,12.104200487979174
18097370202,NA,2024,13.319344587505972
18097370202,NA,2025,13.275599680280958
18097370202,NA,2026,13.296955737938989
18097370202,NA,2027,13.286529811182598
18097370202,NA,2028,13.291619699516401
18097370203,NA,2024,3.278013148845918
18097370203,NA,2025,3.313550832126965
18097370203,NA,2026,3.3008065514419376
18097370203,NA,2027,3.3053768181330523
18097370203,NA,2028,3.3037378603806187
18097370204,NA,2024,0
18097370204,NA,2025,0
18097370204,NA,2026,0
18097370204,NA,2027,0
18097370204,NA,2028,0
18097370301,NA,2024,6.0853227453635705
18097370301,NA,2025,6.082348205805915
18097370301,NA,2026,6.083360309421808
18097370301,NA,2027,6.083015935541599
18097370301,NA,2028,6.0831331106682445
18097370302,NA,2024,6.451618350374048
18097370302,NA,2025,6.45778712183793
18097370302,NA,2026,6.4605118188996595
18097370302,NA,2027,6.461715295819118
18097370302,NA,2028,6.462246861957612
18097370303,NA,2024,1.1594459371847274
18097370303,NA,2025,1.0589810246153424
18097370303,NA,2026,1.0360040815122014
18097370303,NA,2027,1.0307491133759343
18097370303,NA,2028,1.0295472698587518
18097370304,NA,2024,4.322617511143492
18097370304,NA,2025,4.306940678667495
18097370304,NA,2026,4.31609629944219
18097370304,NA,2027,4.310749212146438
18097370304,NA,2028,4.313872030713521
18097370305,NA,2024,5.404889195808343
18097370305,NA,2025,5.755961691300132
18097370305,NA,2026,5.55961300829523
18097370305,NA,2027,5.669427379437447
18097370305,NA,2028,5.608010129650956
18097370306,NA,2024,2.3942252594503137
18097370306,NA,2025,2.4064762118301504
18097370306,NA,2026,2.4073844547343164
18097370306,NA,2027,2.407451788697211
18097370306,NA,2028,2.4074567806025025
18097380100,NA,2024,4.652835873806567
18097380100,NA,2025,4.652835849737088
18097380100,NA,2026,4.65283584804212
18097380100,NA,2027,4.65283584792276
18097380100,NA,2028,4.652835847914355
18097380101,NA,2024,0
18097380101,NA,2025,0
18097380101,NA,2026,0
18097380101,NA,2027,0
18097380101,NA,2028,0
18097380103,NA,2024,5.747843261303261
18097380103,NA,2025,5.799357361066728
18097380103,NA,2026,5.791792891618844
18097380103,NA,2027,5.792903678729377
18097380103,NA,2028,5.792740567752007
18097380200,NA,2024,9.239342968178084
18097380200,NA,2025,9.306415646824176
18097380200,NA,2026,9.291322442734153
18097380200,NA,2027,9.294718830269309
18097380200,NA,2028,9.293954549324047
18097380300,NA,2024,25.417924256002895
18097380300,NA,2025,25.422505862149617
18097380300,NA,2026,25.423856119775394
18097380300,NA,2027,25.424254057877793
18097380300,NA,2028,25.42437133529976
18097380301,NA,2024,4.6579167789824
18097380301,NA,2025,3.9152319424501436
18097380301,NA,2026,3.4467279429391087
18097380301,NA,2027,3.15118400995307
18097380301,NA,2028,2.9647475730901687
18097380302,NA,2024,29.028725876755317
18097380302,NA,2025,27.494506390135395
18097380302,NA,2026,28.08986231588482
18097380302,NA,2027,27.858833651853278
18097380302,NA,2028,27.948484634224894
18097380402,NA,2024,12.874455222863249
18097380402,NA,2025,13.178632363031948
18097380402,NA,2026,13.266775404150009
18097380402,NA,2027,13.292317085859658
18097380402,NA,2028,13.299718435941092
18097380403,NA,2024,5.350844749650393
18097380403,NA,2025,5.069487528616259
18097380403,NA,2026,5.152478638788853
18097380403,NA,2027,5.127998995642093
18097380403,NA,2028,5.135219683826002
18097380404,NA,2024,10.24313611636991
18097380404,NA,2025,9.658485840028629
18097380404,NA,2026,9.854578355361149
18097380404,NA,2027,9.788808653155469
18097380404,NA,2028,9.810867902693314
18097380501,NA,2024,15.695913409243367
18097380501,NA,2025,15.850543116762005
18097380501,NA,2026,15.817489543019674
18097380501,NA,2027,15.82455505943739
18097380501,NA,2028,15.823044737962375
18097380502,NA,2024,18.20868333072071
18097380502,NA,2025,18.209773179855112
18097380502,NA,2026,18.20981083146345
18097380502,NA,2027,18.209812132233957
18097380502,NA,2028,18.20981217717238
18097380600,NA,2024,10.62224750144176
18097380600,NA,2025,10.622668282407927
18097380600,NA,2026,10.62265880034445
18097380600,NA,2027,10.622659014017442
18097380600,NA,2028,10.62265900920244
18097380700,NA,2024,8.798727127193719e-23
18097380700,NA,2025,8.798727127193719e-23
18097380700,NA,2026,8.798727127193719e-23
18097380700,NA,2027,8.798727127193719e-23
18097380700,NA,2028,8.798727127193719e-23
18097380800,NA,2024,4.940431427753796
18097380800,NA,2025,4.943400372912581
18097380800,NA,2026,4.943684113097054
18097380800,NA,2027,4.943711229964486
18097380800,NA,2028,4.943713821506114
18097380901,NA,2024,2.1448106839053005
18097380901,NA,2025,2.174929075253562
18097380901,NA,2026,2.1793027529436886
18097380901,NA,2027,2.1799378817032533
18097380901,NA,2028,2.180030112674488
18097380902,NA,2024,0
18097380902,NA,2025,0
18097380902,NA,2026,0
18097380902,NA,2027,0
18097380902,NA,2028,0
18097381001,NA,2024,17.00982874011511
18097381001,NA,2025,17.07163183232081
18097381001,NA,2026,17.10425890488187
18097381001,NA,2027,17.12148338064696
18097381001,NA,2028,17.13057652146819
18097381002,NA,2024,5.84930513619606
18097381002,NA,2025,5.848798730274487
18097381002,NA,2026,5.848759582368497
18097381002,NA,2027,5.848756556024456
18097381002,NA,2028,5.848756322071757
18097381003,NA,2024,6.871948624952019
18097381003,NA,2025,6.841810492519198
18097381003,NA,2026,6.862948658008303
18097381003,NA,2027,6.8481228541453465
18097381003,NA,2028,6.858521318491562
18097381004,NA,2024,10.295719508818696
18097381004,NA,2025,10.200941009496333
18097381004,NA,2026,10.254282538881448
18097381004,NA,2027,10.224261819229984
18097381004,NA,2028,10.241157540420971
18097381101,NA,2024,7.016594628986029
18097381101,NA,2025,7.03450695996656
18097381101,NA,2026,7.031204359567417
18097381101,NA,2027,7.0318132791663395
18097381101,NA,2028,7.031701009126632
18097381102,NA,2024,1.1780141721721031
18097381102,NA,2025,1.163273360035528
18097381102,NA,2026,1.160974472281888
18097381102,NA,2027,1.160615951675637
18097381102,NA,2028,1.1605600389739823
18097381201,NA,2024,9.684760879687424
18097381201,NA,2025,9.685566528517048
18097381201,NA,2026,9.685850250120847
18097381201,NA,2027,9.685950167039364
18097381201,NA,2028,9.68598535431616
18097381203,NA,2024,12.668447945540722
18097381203,NA,2025,12.669782310937244
18097381203,NA,2026,12.669665427694895
18097381203,NA,2027,12.669675666039188
18097381203,NA,2028,12.669674769215215
18097381204,NA,2024,15.420078943801508
18097381204,NA,2025,15.467215129737516
18097381204,NA,2026,15.457601973472132
18097381204,NA,2027,15.459562521860756
18097381204,NA,2028,15.459162679199508
18097381205,NA,2024,2.8857031313200388
18097381205,NA,2025,2.8705571812625466
18097381205,NA,2026,2.8750605161391776
18097381205,NA,2027,2.8737215426885783
18097381205,NA,2028,2.874119658740465
18097381206,NA,2024,4.569193269089397
18097381206,NA,2025,4.460438375059651
18097381206,NA,2026,4.4172416356353335
18097381206,NA,2027,4.400084170552595
18097381206,NA,2028,4.393269336563072
18097381207,NA,2024,0
18097381207,NA,2025,0
18097381207,NA,2026,0
18097381207,NA,2027,0
18097381207,NA,2028,0
18097390101,NA,2024,2.4146935099345024
18097390101,NA,2025,2.371408800628593
18097390101,NA,2026,2.340811421223475
18097390101,NA,2027,2.3191825448495056
18097390101,NA,2028,2.303893382761258
18097390102,NA,2024,0
18097390102,NA,2025,0
18097390102,NA,2026,0
18097390102,NA,2027,0
18097390102,NA,2028,0
18097390104,NA,2024,2.9321789565104837
18097390104,NA,2025,2.7719213615011857
18097390104,NA,2026,2.8435576444935777
18097390104,NA,2027,2.8115357172915107
18097390104,NA,2028,2.825849746145344
18097390200,NA,2024,6.041328241897778
18097390200,NA,2025,6.0142716861800976
18097390200,NA,2026,6.008120426231551
18097390200,NA,2027,6.00672194819357
18097390200,NA,2028,6.006404006692304
18097390300,NA,2024,3.6527169754111832
18097390300,NA,2025,3.633720959271948
18097390300,NA,2026,3.6354860084993903
18097390300,NA,2027,3.635322005755212
18097390300,NA,2028,3.6353372443670757
18097390402,NA,2024,3.103743696841336
18097390402,NA,2025,3.0955976488034183
18097390402,NA,2026,3.091730120879643
18097390402,NA,2027,3.089893921022785
18097390402,NA,2028,3.089022141948199
18097390403,NA,2024,1.5451629491904562
18097390403,NA,2025,1.5451435569187173
18097390403,NA,2026,1.545140436958753
18097390403,NA,2027,1.5451399349984716
18097390403,NA,2028,1.5451398542397032
18097390404,NA,2024,3.9202390315881694
18097390404,NA,2025,3.920664450363007
18097390404,NA,2026,3.9204785641246347
18097390404,NA,2027,3.920559786900074
18097390404,NA,2028,3.9205242967029093
18097390405,NA,2024,3.6278924361435196
18097390405,NA,2025,3.895623597929524
18097390405,NA,2026,4.009604743450054
18097390405,NA,2027,4.058129918657549
18097390405,NA,2028,4.078788533888733
18097390407,NA,2024,1.2318886674830798
18097390407,NA,2025,1.2291991303351595
18097390407,NA,2026,1.229734184099053
18097390407,NA,2027,1.2296277410516023
18097390407,NA,2028,1.2296489167223763
18097390408,NA,2024,1.082138947178169
18097390408,NA,2025,1.0820847589020495
18097390408,NA,2026,1.082086547278993
18097390408,NA,2027,1.0820864882571468
18097390408,NA,2028,1.0820864902050462
18097390409,NA,2024,0
18097390409,NA,2025,0
18097390409,NA,2026,0
18097390409,NA,2027,0
18097390409,NA,2028,0
18097390411,NA,2024,7.861811001803832
18097390411,NA,2025,11.56535861637277
18097390411,NA,2026,8.640626329047894
18097390411,NA,2027,10.950319586094414
18097390411,NA,2028,9.126329416202466
18097390500,NA,2024,21.26091680963978
18097390500,NA,2025,20.928182387246878
18097390500,NA,2026,20.80223800881097
18097390500,NA,2027,20.754566396281273
18097390500,NA,2028,20.736522060603853
18097390600,NA,2024,8.380995385300062
18097390600,NA,2025,8.472201550022877
18097390600,NA,2026,8.407398391208003
18097390600,NA,2027,8.453441873083909
18097390600,NA,2028,8.420727384129549
18097390601,NA,2024,13.33382754213388
18097390601,NA,2025,15.537691306064623
18097390601,NA,2026,13.682998205521226
18097390601,NA,2027,15.243841735643977
18097390601,NA,2028,13.93029151819168
18097390602,NA,2024,1.0437688151801088
18097390602,NA,2025,1.046142704671632
18097390602,NA,2026,1.0473470311398767
18097390602,NA,2027,1.0479580125049712
18097390602,NA,2028,1.0482679768197445
18097390700,NA,2024,15.044684973737235
18097390700,NA,2025,14.083747433868012
18097390700,NA,2026,13.660206978869345
18097390700,NA,2027,13.473528334755917
18097390700,NA,2028,13.391248316975474
18097390800,NA,2024,18.94054390879447
18097390800,NA,2025,18.997308768588823
18097390800,NA,2026,19.026435374501606
18097390800,NA,2027,19.04138052146527
18097390800,NA,2028,19.04904902284969
18097390802,NA,2024,11.127493870127681
18097390802,NA,2025,12.126150720311024
18097390802,NA,2026,11.638320448561492
18097390802,NA,2027,11.876618893108818
18097390802,NA,2028,11.760213348061317
18097390900,NA,2024,16.50931324954786
18097390900,NA,2025,16.509145967654714
18097390900,NA,2026,16.509142940473748
18097390900,NA,2027,16.509142885693016
18097390900,NA,2028,16.50914288470169
18097391000,NA,2024,7.055624453947282
18097391000,NA,2025,7.055624453970402
18097391000,NA,2026,7.055624453969932
18097391000,NA,2027,7.0556244539699415
18097391000,NA,2028,7.0556244539699415
18097391001,NA,2024,33.90068371215773
18097391001,NA,2025,38.151167530750904
18097391001,NA,2026,41.18524990431618
18097391001,NA,2027,43.35104002197539
18097391001,NA,2028,44.897025350066016
18097391002,NA,2024,14.433534614564055
18097391002,NA,2025,15.886315515334115
18097391002,NA,2026,16.82298776710208
18097391002,NA,2027,17.42690189260237
18097391002,NA,2028,17.81627210218249
