GEOID,NAME,year,call_volume
18097310104,NA,2024,743.8523998796909
18097310104,NA,2025,858.8061327645091
18097310104,NA,2026,1013.1622322854906
18097310104,NA,2027,1189.4334572603157
18097310104,NA,2028,1397.9186757642974
18097310105,NA,2024,1015.667505460171
18097310105,NA,2025,1190.2613449298563
18097310105,NA,2026,1410.8972654031193
18097310105,NA,2027,1669.2445822796274
18097310105,NA,2028,1975.526580689438
18097310106,NA,2024,776.2754509654156
18097310106,NA,2025,894.9538021015713
18097310106,NA,2026,1052.2284677722746
18097310106,NA,2027,1231.8557597621027
18097310106,NA,2028,1443.4951778377124
18097310108,NA,2024,369.6209235621731
18097310108,NA,2025,403.49855981573023
18097310108,NA,2026,460.78523708300656
18097310108,NA,2027,516.8739619203596
18097310108,NA,2028,583.9234543853001
18097310110,NA,2024,372.67634276071755
18097310110,NA,2025,396.3453822358018
18097310110,NA,2026,445.32936688086164
18097310110,NA,2027,488.66973279843836
18097310110,NA,2028,541.7163673898232
18097310111,NA,2024,455.72855728106333
18097310111,NA,2025,484.672361140258
18097310111,NA,2026,544.5725858532984
18097310111,NA,2027,597.5715271727737
18097310111,NA,2028,662.4397938843382
18097310112,NA,2024,1557.5918287175557
18097310112,NA,2025,1875.978319854333
18097310112,NA,2026,2266.992317566551
18097310112,NA,2027,2738.6808027405928
18097310112,NA,2028,3308.6026482325433
18097310113,NA,2024,319.16712659911184
18097310113,NA,2025,384.3990581800162
18097310113,NA,2026,464.5081911774571
18097310113,NA,2027,561.1432129381861
18097310113,NA,2028,677.9003572506962
18097310201,NA,2024,618.0316757627243
18097310201,NA,2025,713.5412460824145
18097310201,NA,2026,841.7884055526011
18097310201,NA,2027,988.2437867739764
18097310201,NA,2028,1161.4642477272548
18097310203,NA,2024,1049.5527369113206
18097310203,NA,2025,1227.7514729573097
18097310203,NA,2026,1454.2780165514132
18097310203,NA,2027,1718.8479468956432
18097310203,NA,2028,2032.3223773227553
18097310204,NA,2024,629.5715104493986
18097310204,NA,2025,726.6407567542022
18097310204,NA,2026,856.5998846526403
18097310204,NA,2027,1005.0177741756993
18097310204,NA,2028,1180.409494138758
18097310305,NA,2024,693.8272413058444
18097310305,NA,2025,737.8930556159535
18097310305,NA,2026,829.0885552177521
18097310305,NA,2027,909.7772514334342
18097310305,NA,2028,1008.5364318216862
18097310306,NA,2024,592.658831892801
18097310306,NA,2025,630.2992810157205
18097310306,NA,2026,708.1973832673657
18097310306,NA,2027,777.120666746732
18097310306,NA,2028,861.4795574906764
18097310308,NA,2024,423.7258562303499
18097310308,NA,2025,455.3382579076402
18097310308,NA,2026,510.24399363513515
18097310308,NA,2027,562.3094036496848
18097310308,NA,2028,623.8192385145015
18097310309,NA,2024,446.55281713593587
18097310309,NA,2025,474.91385631100684
18097310309,NA,2026,533.6080376546969
18097310309,NA,2027,585.5398840350698
18097310309,NA,2028,649.1020780684667
18097310310,NA,2024,403.73269477961617
18097310310,NA,2025,429.3741674354801
18097310310,NA,2026,482.4401454039757
18097310310,NA,2027,529.3922165339134
18097310310,NA,2028,586.8594046642828
18097310311,NA,2024,699.8664141820608
18097310311,NA,2025,752.8889402212104
18097310311,NA,2026,843.7974751614664
18097310311,NA,2027,930.3028685944124
18097310311,NA,2028,1032.4304048586268
18097310312,NA,2024,734.0593258301487
18097310312,NA,2025,780.6803481005586
18097310312,NA,2026,877.1638801839341
18097310312,NA,2027,962.5313826488261
18097310312,NA,2028,1067.0171896611935
18097320105,NA,2024,493.03377881398086
18097320105,NA,2025,558.9212003912706
18097320105,NA,2026,638.908190232818
18097320105,NA,2027,729.3929283881282
18097320105,NA,2028,832.8617236846823
18097320106,NA,2024,254.3214046403946
18097320106,NA,2025,288.30805523232993
18097320106,NA,2026,329.5677027402589
18097320106,NA,2027,376.2423896371219
18097320106,NA,2028,429.6146350281554
18097320107,NA,2024,103.8514059084989
18097320107,NA,2025,117.72973916814463
18097320107,NA,2026,134.5779920869134
18097320107,NA,2027,153.63745523914517
18097320107,NA,2028,175.43184571353785
18097320108,NA,2024,636.2195609358813
18097320108,NA,2025,721.2418904341185
18097320108,NA,2026,824.4585324616096
18097320108,NA,2027,941.2216648055955
18097320108,NA,2028,1074.7396575900434
18097320109,NA,2024,273.0521080361239
18097320109,NA,2025,309.54186947615375
18097320109,NA,2026,353.8402797880503
18097320109,NA,2027,403.952546695809
18097320109,NA,2028,461.2556457251956
18097320202,NA,2024,121.33336770225472
18097320202,NA,2025,124.58550865033693
18097320202,NA,2026,139.0239114652393
18097320202,NA,2027,149.61953699377273
18097320202,NA,2028,163.57942629049285
18097320206,NA,2024,0.12641343171755406
18097320206,NA,2025,0.04646376802548044
18097320206,NA,2026,0.12245104681599571
18097320206,NA,2027,0.055121195794481014
18097320206,NA,2028,0.12111298306249789
18097320301,NA,2024,12.368919991065745
18097320301,NA,2025,12.700425710861794
18097320301,NA,2026,14.172281800247372
18097320301,NA,2027,15.252389484081514
18097320301,NA,2028,16.67545532610676
18097320305,NA,2024,9.718455658195774
18097320305,NA,2025,9.978934219341129
18097320305,NA,2026,11.135411650789887
18097320305,NA,2027,11.984085421687112
18097320305,NA,2028,13.102231624947477
18097320306,NA,2024,4.711979383909905
18097320306,NA,2025,4.838270836817566
18097320306,NA,2026,5.398987646692422
18097320306,NA,2027,5.810465143706378
18097320306,NA,2028,6.352596599668392
18097320400,NA,2024,452.6439862113464
18097320400,NA,2025,464.7765737688331
18097320400,NA,2026,518.6401427977809
18097320400,NA,2027,558.1681199968049
18097320400,NA,2028,610.2466453255622
18097320500,NA,2024,474.14236201164243
18097320500,NA,2025,486.85119495332
18097320500,NA,2026,543.2730181284686
18097320500,NA,2027,584.6783853683818
18097320500,NA,2028,639.2303868891157
18097320600,NA,2024,253.268631544815
18097320600,NA,2025,260.0571461124508
18097320600,NA,2026,290.1955333327189
18097320600,NA,2027,312.3126539104283
18097320600,NA,2028,341.4522305980006
18097320700,NA,2024,459.9267422539064
18097320700,NA,2025,472.27163274478244
18097320700,NA,2026,527.007765775417
18097320700,NA,2027,567.1876384159341
18097320700,NA,2028,620.117133687771
18097320800,NA,2024,151.56324947136653
18097320800,NA,2025,169.3712147241695
18097320800,NA,2026,192.55033579891926
18097320800,NA,2027,218.08181261927228
18097320800,NA,2028,247.201216358795
18097320901,NA,2024,566.7078604506023
18097320901,NA,2025,642.4408589044466
18097320901,NA,2026,734.3803152141933
18097320901,NA,2027,838.3862036699547
18097320901,NA,2028,957.3163590892776
18097320902,NA,2024,432.88742193731895
18097320902,NA,2025,490.73707121429635
18097320902,NA,2026,560.9662564956859
18097320902,NA,2027,640.4125417645872
18097320902,NA,2028,731.2589276095239
18097320903,NA,2024,411.10879631986506
18097320903,NA,2025,466.07789923392573
18097320903,NA,2026,532.8228710722075
18097320903,NA,2027,608.3318728184761
18097320903,NA,2028,694.6833909853142
18097321001,NA,2024,441.2154585406785
18097321001,NA,2025,475.48737482393676
18097321001,NA,2026,533.5457058108847
18097321001,NA,2027,589.1097768195988
18097321001,NA,2028,654.666575177551
18097321002,NA,2024,809.7651300313039
18097321002,NA,2025,871.3196698057935
18097321002,NA,2026,976.9209238651692
18097321002,NA,2027,1077.1405360054725
18097321002,NA,2028,1195.7576816375722
18097321100,NA,2024,707.756005262847
18097321100,NA,2025,763.0442464151791
18097321100,NA,2026,845.5986058303505
18097321100,NA,2027,927.1224794845733
18097321100,NA,2028,1020.7353530855058
18097321200,NA,2024,817.7831215532382
18097321200,NA,2025,849.5272858256141
18097321200,NA,2026,939.9720171031078
18097321200,NA,2027,1012.5935039732142
18097321200,NA,2028,1103.268738118815
18097321300,NA,2024,456.7661484464652
18097321300,NA,2025,469.0087693931681
18097321300,NA,2026,523.3621113244737
18097321300,NA,2027,563.2493103194486
18097321300,NA,2028,615.8011542704612
18097321400,NA,2024,882.9059440895545
18097321400,NA,2025,906.5714039394875
18097321400,NA,2026,1011.6350685915675
18097321400,NA,2027,1088.7366042524018
18097321400,NA,2028,1190.3185357221182
18097321600,NA,2024,856.4747153140023
18097321600,NA,2025,893.1985874035832
18097321600,NA,2026,968.042158967089
18097321600,NA,2027,1034.6404421953623
18097321600,NA,2028,1111.4130526499323
18097321700,NA,2024,1073.4140168533456
18097321700,NA,2025,1111.6944224851957
18097321700,NA,2026,1219.0703088788428
18097321700,NA,2027,1306.8623414784975
18097321700,NA,2028,1413.6210641186178
18097321800,NA,2024,651.4605920728947
18097321800,NA,2025,685.7129942443452
18097321800,NA,2026,750.0936831067098
18097321800,NA,2027,807.7779330977596
18097321800,NA,2028,875.4502503281332
18097321900,NA,2024,891.1896794725806
18097321900,NA,2025,958.9124954823056
18097321900,NA,2026,1031.8548140308162
18097321900,NA,2027,1110.3190526457524
18097321900,NA,2028,1194.759564443554
18097322000,NA,2024,1062.7651397650966
18097322000,NA,2025,1143.6771059333055
18097322000,NA,2026,1230.706172968368
18097322000,NA,2027,1324.373464041391
18097322000,NA,2028,1425.1639260007873
18097322100,NA,2024,544.981926854869
18097322100,NA,2025,574.8520984793487
18097322100,NA,2026,612.2494255800269
18097322100,NA,2027,650.6620182329051
18097322100,NA,2028,691.8235277880235
18097322200,NA,2024,401.9727924929685
18097322200,NA,2025,424.00490412647116
18097322200,NA,2026,451.58903428813545
18097322200,NA,2027,479.9220315221573
18097322200,NA,2028,510.28263854050607
18097322300,NA,2024,527.8036202937785
18097322300,NA,2025,556.7322529281922
18097322300,NA,2026,592.9507824350743
18097322300,NA,2027,630.1525737135929
18097322300,NA,2028,670.0166337962316
18097322400,NA,2024,748.5448614654855
18097322400,NA,2025,789.5722699511097
18097322400,NA,2026,840.9383493241454
18097322400,NA,2027,893.6989388025078
18097322400,NA,2028,950.2352253102295
18097322500,NA,2024,484.85785266098
18097322500,NA,2025,511.4326390143365
18097322500,NA,2026,544.7041747207959
18097322500,NA,2027,578.8789631777431
18097322500,NA,2028,615.4994001421807
18097322601,NA,2024,752.0274255451998
18097322601,NA,2025,789.268301691374
18097322601,NA,2026,839.6465954925263
18097322601,NA,2027,890.0178428718175
18097322601,NA,2028,944.321475215197
18097322602,NA,2024,353.9595251129998
18097322602,NA,2025,373.34890458217205
18097322602,NA,2026,397.69330765733343
18097322602,NA,2027,422.6814125256037
18097322602,NA,2028,449.4667751468451
18097322700,NA,2024,330.376002896221
18097322700,NA,2025,337.1881311930808
18097322700,NA,2026,373.38247559442874
18097322700,NA,2027,396.40316166506943
18097322700,NA,2028,430.10461998569696
18097330103,NA,2024,8.177966912195908
18097330103,NA,2025,9.003823029294889
18097330103,NA,2026,10.027788488785895
18097330103,NA,2027,11.144754126283214
18097330103,NA,2028,12.390892924962792
18097330105,NA,2024,122.05608842623839
18097330105,NA,2025,134.38203432805696
18097330105,NA,2026,149.66472393616718
18097330105,NA,2027,166.3354570483338
18097330105,NA,2028,184.9341006672271
18097330106,NA,2024,503.35343889036193
18097330106,NA,2025,554.1851547701935
18097330106,NA,2026,617.2102610460253
18097330106,NA,2027,685.9596276449771
18097330106,NA,2028,762.6596090878869
18097330107,NA,2024,502.3311924191593
18097330107,NA,2025,553.059676481968
18097330107,NA,2026,615.9567869646057
18097330107,NA,2027,684.5665328344382
18097330107,NA,2028,761.1107468758202
18097330108,NA,2024,310.96695917529564
18097330108,NA,2025,342.37028690079916
18097330108,NA,2026,381.30659107255076
18097330108,NA,2027,423.77928143326056
18097330108,NA,2028,471.16378493717775
18097330109,NA,2024,434.24968934051674
18097330109,NA,2025,478.1028756052693
18097330109,NA,2026,532.4754683256392
18097330109,NA,2027,591.7864532660715
18097330109,NA,2028,657.9565386983087
18097330204,NA,2024,21.096942276121947
18097330204,NA,2025,22.968844015957977
18097330204,NA,2026,25.79575658226735
18097330204,NA,2027,28.681792432678495
18097330204,NA,2028,31.993944119388054
18097330210,NA,2024,413.05548692475685
18097330210,NA,2025,449.70602388410447
18097330210,NA,2026,505.0540200903362
18097330210,NA,2027,561.5600091941589
18097330210,NA,2028,626.4087982482387
18097330211,NA,2024,470.42458239846616
18097330211,NA,2025,512.1657196764019
18097330211,NA,2026,575.2012751135891
18097330211,NA,2027,639.5557126846826
18097330211,NA,2028,713.4117565940626
18097330212,NA,2024,217.8165037571726
18097330212,NA,2025,237.14335096715934
18097330212,NA,2026,266.3300018139882
18097330212,NA,2027,296.12724952878347
18097330212,NA,2028,330.3239175170864
18097330401,NA,2024,603.076292122001
18097330401,NA,2025,635.2035798518136
18097330401,NA,2026,704.9146897609003
18097330401,NA,2027,767.7634273301609
18097330401,NA,2028,841.8490173662029
18097330500,NA,2024,775.4040657353405
18097330500,NA,2025,792.4745453287874
18097330500,NA,2026,878.528356348825
18097330500,NA,2027,934.2162279627098
18097330500,NA,2028,1014.8330776595031
18097330600,NA,2024,620.924808909378
18097330600,NA,2025,634.5943610404665
18097330600,NA,2026,703.5042020039771
18097330600,NA,2027,748.0976447950012
18097330600,NA,2028,812.6536697344884
18097330701,NA,2024,273.6882001635229
18097330701,NA,2025,279.71327384797684
18097330701,NA,2026,310.08707043699604
18097330701,NA,2027,329.74265537555965
18097330701,NA,2028,358.19734990949235
18097330702,NA,2024,209.15502549789997
18097330702,NA,2025,223.2752162936632
18097330702,NA,2026,249.2518030360505
18097330702,NA,2027,273.5049104000497
18097330702,NA,2028,302.11009803618435
18097330803,NA,2024,344.0280907266185
18097330803,NA,2025,374.55391285055515
18097330803,NA,2026,420.6526966232839
18097330803,NA,2027,467.71596226328194
18097330803,NA,2028,521.7278950318187
18097330804,NA,2024,295.28937906837035
18097330804,NA,2025,321.11309173247673
18097330804,NA,2026,360.4805669934601
18097330804,NA,2027,400.4962788143247
18097330804,NA,2028,446.4632943612042
18097330805,NA,2024,690.3721208015639
18097330805,NA,2025,705.5705835227392
18097330805,NA,2026,782.1876250002584
18097330805,NA,2027,831.7686498422039
18097330805,NA,2028,903.5449384377596
18097330806,NA,2024,510.4652975507703
18097330806,NA,2025,521.7030488799254
18097330806,NA,2026,578.3541865635722
18097330806,NA,2027,615.0146313026021
18097330806,NA,2028,668.0864548591221
18097330900,NA,2024,687.911388278451
18097330900,NA,2025,703.0556794579062
18097330900,NA,2026,779.3996303832861
18097330900,NA,2027,828.8039318535137
18097330900,NA,2028,900.3243845295048
18097331000,NA,2024,518.6676217237273
18097331000,NA,2025,529.3941602880252
18097331000,NA,2026,586.2494871885367
18097331000,NA,2027,622.4394651194423
18097331000,NA,2028,675.3932032040383
18097340101,NA,2024,366.1819472218901
18097340101,NA,2025,409.37486587466657
18097340101,NA,2026,477.41139372134523
18097340101,NA,2027,547.8693614459279
18097340101,NA,2028,632.5899732165641
18097340102,NA,2024,575.0342026701603
18097340102,NA,2025,641.2953223235199
18097340102,NA,2026,724.8466264410283
18097340102,NA,2027,816.6938856453994
18097340102,NA,2028,920.8673385937116
18097340108,NA,2024,169.50291369140055
18097340108,NA,2025,173.8534950732159
18097340108,NA,2026,183.00735900504728
18097340108,NA,2027,191.0244683020046
18097340108,NA,2028,199.94021651987518
18097340111,NA,2024,256.38691203701313
18097340111,NA,2025,287.0334398476563
18097340111,NA,2026,325.729831862848
18097340111,NA,2027,368.457542832818
18097340111,NA,2028,417.1074155707615
18097340112,NA,2024,692.1432517025096
18097340112,NA,2025,773.8123460203358
18097340112,NA,2026,876.4991786983242
18097340112,NA,2027,989.7893561800469
18097340112,NA,2028,1118.518447785274
18097340113,NA,2024,428.93818199467427
18097340113,NA,2025,486.49319317892105
18097340113,NA,2026,567.9346601398119
18097340113,NA,2027,656.8053055695349
18097340113,NA,2028,761.9116411112267
18097340114,NA,2024,499.72664571558556
18097340114,NA,2025,566.9700462051512
18097340114,NA,2026,662.7366428593934
18097340114,NA,2027,767.0906348310957
18097340114,NA,2028,890.765484837772
18097340115,NA,2024,784.340300083393
18097340115,NA,2025,875.5734175125518
18097340115,NA,2026,989.8545014421899
18097340115,NA,2027,1115.79923898346
18097340115,NA,2028,1258.6117526118403
18097340201,NA,2024,140.13181819148593
18097340201,NA,2025,143.7285141453103
18097340201,NA,2026,151.2961896250176
18097340201,NA,2027,157.92408120336947
18097340201,NA,2028,165.29489544945375
18097340202,NA,2024,335.70296882678554
18097340202,NA,2025,344.31944925334466
18097340202,NA,2026,362.448795798867
18097340202,NA,2027,378.32683747029046
18097340202,NA,2028,395.9846252563664
18097340301,NA,2024,135.05970718708866
18097340301,NA,2025,138.52621724142128
18097340301,NA,2026,145.81997766905775
18097340301,NA,2027,152.20796895958026
18097340301,NA,2028,159.3119928646275
18097340302,NA,2024,218.10074500193366
18097340302,NA,2025,223.69866923378652
18097340302,NA,2026,235.47696943723938
18097340302,NA,2027,245.7926157124401
18097340302,NA,2028,257.264535380307
18097340400,NA,2024,708.4858596949252
18097340400,NA,2025,716.6792844284962
18097340400,NA,2026,766.0669170475857
18097340400,NA,2027,798.294365456867
18097340400,NA,2028,841.6933165590882
18097340500,NA,2024,1011.0335565975137
18097340500,NA,2025,1022.5196858390605
18097340500,NA,2026,1093.206889102899
18097340500,NA,2027,1139.118325771544
18097340500,NA,2028,1201.1626239552568
18097340600,NA,2024,1339.930120719956
18097340600,NA,2025,1355.1531207969342
18097340600,NA,2026,1448.8355479664049
18097340600,NA,2027,1509.6826527471478
18097340600,NA,2028,1591.9106804382222
18097340700,NA,2024,843.9005456420684
18097340700,NA,2025,853.5191846752138
18097340700,NA,2026,912.4895845924925
18097340700,NA,2027,950.8234559595114
18097340700,NA,2028,1002.5943585226597
18097340800,NA,2024,108.9914537589748
18097340800,NA,2025,111.78888598956478
18097340800,NA,2026,117.67488165491956
18097340800,NA,2027,122.8299253682375
18097340800,NA,2028,128.56280414523556
18097340901,NA,2024,347.41488218505265
18097340901,NA,2025,387.82552171255537
18097340901,NA,2026,438.4450576418235
18097340901,NA,2027,494.23085235044283
18097340901,NA,2028,557.4880431376224
18097340903,NA,2024,113.59171546429205
18097340903,NA,2025,116.50721180720961
18097340903,NA,2026,122.641621439696
18097340903,NA,2027,128.01423034820147
18097340903,NA,2028,133.98905981891212
18097340904,NA,2024,301.96754551838325
18097340904,NA,2025,309.7181269689623
18097340904,NA,2026,326.0256231196087
18097340904,NA,2027,340.30804478479564
18097340904,NA,2028,356.1913654567414
18097341000,NA,2024,140.81337526547978
18097341000,NA,2025,144.29233377951292
18097341000,NA,2026,152.14627914296742
18097341000,NA,2027,158.8747448880315
18097341000,NA,2028,166.45064574278962
18097341100,NA,2024,509.2430750264721
18097341100,NA,2025,515.0282957166535
18097341100,NA,2026,550.6324969906132
18097341100,NA,2027,573.7573204935986
18097341100,NA,2028,605.0081440645022
18097341200,NA,2024,597.1807506996764
18097341200,NA,2025,603.9651001737171
18097341200,NA,2026,645.7176331849345
18097341200,NA,2027,672.8358540635902
18097341200,NA,2028,709.4832869277262
18097341600,NA,2024,566.8745841339522
18097341600,NA,2025,573.3146209743443
18097341600,NA,2026,612.948272215652
18097341600,NA,2027,638.6902683835237
18097341600,NA,2028,673.4778906778802
18097341701,NA,2024,739.7687738441812
18097341701,NA,2025,748.1730951546876
18097341701,NA,2026,799.8947891815405
18097341701,NA,2027,833.4880398659877
18097341701,NA,2028,878.8857286742267
18097341702,NA,2024,312.36697558101616
18097341702,NA,2025,315.7697679671843
18097341702,NA,2026,339.0165336736705
18097341702,NA,2027,353.5626889051852
18097341702,NA,2028,373.9287869179375
18097341902,NA,2024,473.507390617747
18097341902,NA,2025,507.74360813801377
18097341902,NA,2026,567.115065726265
18097341902,NA,2027,623.1284476980918
18097341902,NA,2028,689.202535703534
18097341903,NA,2024,323.64290703859484
18097341903,NA,2025,330.7389947256421
18097341903,NA,2026,349.82664956204707
18097341903,NA,2027,365.3217083800573
18097341903,NA,2028,383.31419466657894
18097341904,NA,2024,123.61800643322545
18097341904,NA,2025,126.79085774567464
18097341904,NA,2026,133.46674768247954
18097341904,NA,2027,139.3135963075428
18097341904,NA,2028,145.81582346668205
18097342000,NA,2024,552.2056617488317
18097342000,NA,2025,536.691232325465
18097342000,NA,2026,620.161579280371
18097342000,NA,2027,645.2404892224645
18097342000,NA,2028,715.4202134466085
18097342101,NA,2024,785.6788833939927
18097342101,NA,2025,796.4369038665726
18097342101,NA,2026,877.2545851970723
18097342101,NA,2027,921.3898799553664
18097342101,NA,2028,994.4693345074335
18097342200,NA,2024,834.0273136981116
18097342200,NA,2025,845.6079340351027
18097342200,NA,2026,931.2175038683945
18097342200,NA,2027,978.1000135975946
18097342200,NA,2028,1055.5549179180866
18097342300,NA,2024,1106.1267718593474
18097342300,NA,2025,1121.4856363747422
18097342300,NA,2026,1235.0250987934162
18097342300,NA,2027,1297.2030055151497
18097342300,NA,2028,1399.9273924898575
18097342400,NA,2024,278.0021236195432
18097342400,NA,2025,282.08353744835426
18097342400,NA,2026,310.71823212553187
18097342400,NA,2027,326.5451938846554
18097342400,NA,2028,352.53684616645984
18097342500,NA,2024,758.4869549625965
18097342500,NA,2025,769.0186613715439
18097342500,NA,2026,846.8743238967439
18097342500,NA,2027,889.5105234807636
18097342500,NA,2028,959.9501057361766
18097342600,NA,2024,812.3797979671789
18097342600,NA,2025,850.5897338718434
18097342600,NA,2026,936.1510933643493
18097342600,NA,2027,1004.2698681070405
18097342600,NA,2028,1091.6009383764015
18097350100,NA,2024,494.8947878294072
18097350100,NA,2025,533.455911144115
18097350100,NA,2026,574.1517379976294
18097350100,NA,2027,618.2787780967366
18097350100,NA,2028,665.6744472610478
18097350300,NA,2024,1000.2489753168345
18097350300,NA,2025,1072.7480034958355
18097350300,NA,2026,1153.6057465208733
18097350300,NA,2027,1239.4970845582639
18097350300,NA,2028,1332.1453695174998
18097350400,NA,2024,613.6951550317016
18097350400,NA,2025,647.3314810612437
18097350400,NA,2026,689.4439984566251
18097350400,NA,2027,732.6997959298434
18097350400,NA,2028,779.0511027954226
18097350500,NA,2024,756.0536801108285
18097350500,NA,2025,753.7624228704898
18097350500,NA,2026,801.1005983669935
18097350500,NA,2027,816.0329718675707
18097350500,NA,2028,854.9918060124451
18097350600,NA,2024,1361.4942990791415
18097350600,NA,2025,1357.3684776724554
18097350600,NA,2026,1442.6145469161065
18097350600,NA,2027,1469.5048998232064
18097350600,NA,2028,1539.661573994047
18097350700,NA,2024,506.22724206829133
18097350700,NA,2025,504.69302754897814
18097350700,NA,2026,536.3890381927843
18097350700,NA,2027,546.3871606755116
18097350700,NA,2028,572.4726443104262
18097350800,NA,2024,681.6161121633119
18097350800,NA,2025,683.8477317607781
18097350800,NA,2026,726.9570513017394
18097350800,NA,2027,746.1868480172838
18097350800,NA,2028,782.3354562369203
18097350900,NA,2024,399.3957694830552
18097350900,NA,2025,421.28640702755035
18097350900,NA,2026,448.6934258197505
18097350900,NA,2027,476.84448133182946
18097350900,NA,2028,507.0101107207489
18097351000,NA,2024,919.7147482690093
18097351000,NA,2025,984.3881016925353
18097351000,NA,2026,1057.9352223408914
18097351000,NA,2027,1135.5603666921095
18097351000,NA,2028,1219.3438602935823
18097351200,NA,2024,1307.216730229487
18097351200,NA,2025,1409.0723501816844
18097351200,NA,2026,1516.5666951508088
18097351200,NA,2027,1633.124253119437
18097351200,NA,2028,1758.3156340625897
18097351500,NA,2024,624.0248357702733
18097351500,NA,2025,668.7754979467079
18097351500,NA,2026,719.0413119675471
18097351500,NA,2027,772.3085431642835
18097351500,NA,2028,829.7827690062152
18097351600,NA,2024,632.2314303116118
18097351600,NA,2025,676.5807009423536
18097351600,NA,2026,731.170586172086
18097351600,NA,2027,788.0107075346425
18097351600,NA,2028,849.9157702023398
18097351700,NA,2024,841.3254917221218
18097351700,NA,2025,883.8645958367175
18097351700,NA,2026,945.2996417377614
18097351700,NA,2027,1005.5100873681356
18097351700,NA,2028,1071.334430503815
18097351900,NA,2024,665.2076981952354
18097351900,NA,2025,663.1917229035009
18097351900,NA,2026,704.8418358018954
18097351900,NA,2027,717.9799284252881
18097351900,NA,2028,752.2575407425225
18097352100,NA,2024,1070.4285819442814
18097352100,NA,2025,1067.1847157761345
18097352100,NA,2026,1134.2065690165728
18097352100,NA,2027,1155.3481093623288
18097352100,NA,2028,1210.5064248347292
18097352300,NA,2024,492.48082355221794
18097352300,NA,2025,490.9882717105316
18097352300,NA,2026,521.8235993185415
18097352300,NA,2027,531.550230303302
18097352300,NA,2028,556.9273824020538
18097352400,NA,2024,897.2701425601559
18097352400,NA,2025,894.1509477122461
18097352400,NA,2026,952.0355327421746
18097352400,NA,2027,969.8620239073665
18097352400,NA,2028,1017.5777209530299
18097352500,NA,2024,1278.6486416733708
18097352500,NA,2025,1261.6995313435154
18097352500,NA,2026,1408.1861978124027
18097352500,NA,2027,1438.9160165828391
18097352500,NA,2028,1566.2851526694333
18097352600,NA,2024,1444.39637024506
18097352600,NA,2025,1428.1469303228605
18097352600,NA,2026,1572.3081894287982
18097352600,NA,2027,1603.5035559084693
18097352600,NA,2028,1726.8794933399895
18097352700,NA,2024,1222.4188057032268
18097352700,NA,2025,1208.8885948701281
18097352700,NA,2026,1336.1138343819737
18097352700,NA,2027,1364.37484901565
18097352700,NA,2028,1473.9463582353387
18097352800,NA,2024,637.5358568723518
18097352800,NA,2025,650.1597011993705
18097352800,NA,2026,703.7852372193864
18097352800,NA,2027,736.1221756371419
18097352800,NA,2028,785.3112810398649
18097353300,NA,2024,938.416288858941
18097353300,NA,2025,1025.3568218928808
18097353300,NA,2026,1146.2754457959004
18097353300,NA,2027,1272.1529370708502
18097353300,NA,2028,1415.1325365544626
18097353500,NA,2024,589.0877557041874
18097353500,NA,2025,643.6643080554284
18097353500,NA,2026,719.570577008131
18097353500,NA,2027,798.5897080986317
18097353500,NA,2028,888.3446449806014
18097353600,NA,2024,1152.9219551360864
18097353600,NA,2025,1239.4882738457554
18097353600,NA,2026,1365.840038048134
18097353600,NA,2027,1492.1888840382333
18097353600,NA,2028,1635.1162364904153
18097354201,NA,2024,1884.5172411682745
18097354201,NA,2025,2338.446217783129
18097354201,NA,2026,2901.6995004536966
18097354201,NA,2027,3600.6213085745776
18097354201,NA,2028,4467.889865130354
18097354202,NA,2024,1230.5159855940265
18097354202,NA,2025,1426.2644591160984
18097354202,NA,2026,1655.8474187511258
18097354202,NA,2027,1921.965568357095
18097354202,NA,2028,2230.9181617765967
18097354400,NA,2024,471.0055279552418
18097354400,NA,2025,491.7207445757705
18097354400,NA,2026,545.0022731764839
18097354400,NA,2027,586.0067299745094
18097354400,NA,2028,639.8627752790329
18097354500,NA,2024,1047.627445544623
18097354500,NA,2025,1034.0652725407824
18097354500,NA,2026,1153.5524749053093
18097354500,NA,2027,1178.5483716106746
18097354500,NA,2028,1282.57798983317
18097354700,NA,2024,676.8935044127886
18097354700,NA,2025,668.1305408998911
18097354700,NA,2026,745.3337914321362
18097354700,NA,2027,761.4839478473574
18097354700,NA,2028,828.6997283473902
18097354800,NA,2024,787.0501083546541
18097354800,NA,2025,776.8611388769023
18097354800,NA,2026,866.6282756527962
18097354800,NA,2027,885.4067630027971
18097354800,NA,2028,963.5610876970374
18097354900,NA,2024,1104.604990383895
18097354900,NA,2025,1090.3052384766095
18097354900,NA,2026,1216.290988809233
18097354900,NA,2027,1242.646378632192
18097354900,NA,2028,1352.333851020191
18097355000,NA,2024,999.0066050136636
18097355000,NA,2025,986.0738310077929
18097355000,NA,2026,1100.0156038450064
18097355000,NA,2027,1123.8513971909988
18097355000,NA,2028,1223.0529776805931
18097355100,NA,2024,876.6947924557952
18097355100,NA,2025,865.3453630212815
18097355100,NA,2026,965.3368980772195
18097355100,NA,2027,986.2543206714696
18097355100,NA,2028,1073.3103525713589
18097355300,NA,2024,1403.9270442838988
18097355300,NA,2025,1385.1129451850245
18097355300,NA,2026,1546.2921682333729
18097355300,NA,2027,1580.1601833321558
18097355300,NA,2028,1720.215535077551
18097355400,NA,2024,1228.5428368835992
18097355400,NA,2025,1212.365835528588
18097355400,NA,2026,1352.9337017774603
18097355400,NA,2027,1382.3953682692913
18097355400,NA,2028,1504.66430971219
18097355500,NA,2024,1154.6260639849925
18097355500,NA,2025,1124.2341573874257
18097355500,NA,2026,1260.6753648774693
18097355500,NA,2027,1272.572692664865
18097355500,NA,2028,1389.2030521457243
18097355600,NA,2024,864.132088341007
18097355600,NA,2025,849.4853689613685
18097355600,NA,2026,949.0277204782408
18097355600,NA,2027,965.9701064733702
18097355600,NA,2028,1052.1735100113353
18097355700,NA,2024,1025.8090877417283
18097355700,NA,2025,1014.2583552162091
18097355700,NA,2026,1132.4864341099276
18097355700,NA,2027,1160.4501873535658
18097355700,NA,2028,1263.4445338598657
18097355900,NA,2024,997.6906833935016
18097355900,NA,2025,956.1269844473426
18097355900,NA,2026,1075.505088817298
18097355900,NA,2027,1069.8328119097353
18097355900,NA,2028,1169.4816155331077
18097356200,NA,2024,981.257091767372
18097356200,NA,2025,1065.4552080392928
18097356200,NA,2026,1180.726859238383
18097356200,NA,2027,1297.7381032585945
18097356200,NA,2028,1431.0941068653835
18097356400,NA,2024,1226.1186360796376
18097356400,NA,2025,1257.9760152238794
18097356400,NA,2026,1362.6426601934581
18097356400,NA,2027,1437.3893925517825
18097356400,NA,2028,1536.012176293569
18097356900,NA,2024,1347.4214605729655
18097356900,NA,2025,1343.695610825742
18097356900,NA,2026,1531.9171478380815
18097356900,NA,2027,1593.3116715237497
18097356900,NA,2028,1764.8481564888707
18097357000,NA,2024,870.2915961861547
18097357000,NA,2025,835.0926804332295
18097357000,NA,2026,941.7057837815687
18097357000,NA,2027,938.3198663006583
18097357000,NA,2028,1027.9829620087953
18097357100,NA,2024,924.6264834194403
18097357100,NA,2025,885.1014601731101
18097357100,NA,2026,995.7691064139492
18097357100,NA,2027,989.4678765090434
18097357100,NA,2028,1081.683566992281
18097357200,NA,2024,1081.7813916841906
18097357200,NA,2025,1035.5385531192865
18097357200,NA,2026,1165.0158381037445
18097357200,NA,2027,1157.643732813322
18097357200,NA,2028,1265.5328523182093
18097357300,NA,2024,1006.675230759641
18097357300,NA,2025,963.6429138216073
18097357300,NA,2026,1084.1308537076654
18097357300,NA,2027,1077.2705314804812
18097357300,NA,2028,1177.6691370725175
18097357400,NA,2024,1198.5430690712583
18097357400,NA,2025,1147.3090872229718
18097357400,NA,2026,1290.7614011654487
18097357400,NA,2027,1282.593671774832
18097357400,NA,2028,1402.1277042443787
18097357500,NA,2024,207.646557772778
18097357500,NA,2025,198.77013075608292
18097357500,NA,2026,223.6232861256731
18097357500,NA,2027,222.20798712392937
18097357500,NA,2028,242.91733681343462
18097357601,NA,2024,1397.3536386930712
18097357601,NA,2025,1337.6212660937908
18097357601,NA,2026,1504.869042534759
18097357601,NA,2027,1495.3466797730273
18097357601,NA,2028,1634.7086860000406
18097357602,NA,2024,421.60449828049025
18097357602,NA,2025,403.5819986444091
18097357602,NA,2026,454.04358002679663
18097357602,NA,2027,451.17016847498314
18097357602,NA,2028,493.2181749078402
18097357800,NA,2024,720.4548988016641
18097357800,NA,2025,697.5266544891942
18097357800,NA,2026,789.9808016990044
18097357800,NA,2027,795.2764659845188
18097357800,NA,2028,874.6691303227982
18097357900,NA,2024,1712.7092497786693
18097357900,NA,2025,1674.4737138134533
18097357900,NA,2026,1900.3541291443194
18097357900,NA,2027,1934.3546811751335
18097357900,NA,2028,2131.6605196553223
18097358000,NA,2024,648.6514427773236
18097358000,NA,2025,646.8576396329044
18097358000,NA,2026,737.4679748106098
18097358000,NA,2027,767.0232183084913
18097358000,NA,2028,849.6013122822778
18097358100,NA,2024,642.7566251034667
18097358100,NA,2025,694.2602323881546
18097358100,NA,2026,780.8429491907136
18097358100,NA,2027,859.5558285457131
18097358100,NA,2028,957.06444154696
18097360101,NA,2024,836.7392526120915
18097360101,NA,2025,834.2034990440577
18097360101,NA,2026,886.5935694059602
18097360101,NA,2027,903.1195442003768
18097360101,NA,2028,946.2360394249239
18097360102,NA,2024,812.2347520803378
18097360102,NA,2025,809.7732545800285
18097360102,NA,2026,860.6290519788204
18097360102,NA,2027,876.6710472830846
18097360102,NA,2028,918.5248515180075
18097360201,NA,2024,501.8417760068027
18097360201,NA,2025,511.87839756271956
18097360201,NA,2026,567.2837375922983
18097360201,NA,2027,602.2458617761364
18097360201,NA,2028,653.7481226821394
18097360202,NA,2024,340.6747981216388
18097360202,NA,2025,348.17458048443024
18097360202,NA,2026,385.9825026167003
18097360202,NA,2027,410.44892427473195
18097360202,NA,2028,445.8680500615692
18097360301,NA,2024,640.1081663846663
18097360301,NA,2025,639.4051830084841
18097360301,NA,2026,717.9146508624013
18097360301,NA,2027,757.0461104846252
18097360301,NA,2028,825.6456159830755
18097360302,NA,2024,543.78844209816
18097360302,NA,2025,541.3843508806171
18097360302,NA,2026,606.8071969982974
18097360302,NA,2027,637.1614549830265
18097360302,NA,2028,693.5211510559838
18097360401,NA,2024,725.2958655424502
18097360401,NA,2025,777.7220187844187
18097360401,NA,2026,885.1006317989415
18097360401,NA,2027,977.6916399846056
18097360401,NA,2028,1096.2394464915021
18097360402,NA,2024,151.9349953865924
18097360402,NA,2025,165.41621294692155
18097360402,NA,2026,185.77506775033282
18097360402,NA,2027,206.55983023263352
18097360402,NA,2028,230.41338133941545
18097360405,NA,2024,737.5607422517938
18097360405,NA,2025,791.2323510444323
18097360405,NA,2026,900.610475076519
18097360405,NA,2027,995.1357450083375
18097360405,NA,2028,1116.0499401167558
18097360406,NA,2024,374.5628751863378
18097360406,NA,2025,407.7979321265876
18097360406,NA,2026,457.9880519700893
18097360406,NA,2027,509.2282396136406
18097360406,NA,2028,568.0337653735673
18097360407,NA,2024,239.0265019482276
18097360407,NA,2025,259.9732982570285
18097360407,NA,2026,292.06090425076417
18097360407,NA,2027,324.62521614941494
18097360407,NA,2028,362.09238623884016
18097360501,NA,2024,832.1901344050534
18097360501,NA,2025,892.7478620678844
18097360501,NA,2026,1016.1592476888396
18097360501,NA,2027,1122.8121788901415
18097360501,NA,2028,1259.2397307459867
18097360502,NA,2024,727.4237813823812
18097360502,NA,2025,778.8426465728187
18097360502,NA,2026,885.9477821824281
18097360502,NA,2027,977.6229109525082
18097360502,NA,2028,1095.3573161902323
18097360601,NA,2024,948.8767255806924
18097360601,NA,2025,947.8348180236607
18097360601,NA,2026,1064.2147488787937
18097360601,NA,2027,1122.2221592245116
18097360601,NA,2028,1223.9119289968953
18097360602,NA,2024,1467.553663184699
18097360602,NA,2025,1465.9425265527225
18097360602,NA,2026,1645.9381233563386
18097360602,NA,2027,1735.6538951616133
18097360602,NA,2028,1892.9294747568997
18097360700,NA,2024,433.8110183421537
18097360700,NA,2025,433.3345176186884
18097360700,NA,2026,486.54161951307134
18097360700,NA,2027,513.0615430834714
18097360700,NA,2028,559.5524845282553
18097360800,NA,2024,693.8266770704132
18097360800,NA,2025,693.0647230639886
18097360800,NA,2026,778.1627694442366
18097360800,NA,2027,820.5781987870826
18097360800,NA,2028,894.9346378894035
18097360900,NA,2024,1379.846661826699
18097360900,NA,2025,1360.9020570890123
18097360900,NA,2026,1494.4090044800175
18097360900,NA,2027,1533.8340877273745
18097360900,NA,2028,1642.6074663444008
18097361000,NA,2024,462.70164873889814
18097361000,NA,2025,462.19342841980176
18097361000,NA,2026,518.943970141336
18097361000,NA,2027,547.2300591051758
18097361000,NA,2028,596.817167545593
18097361100,NA,2024,822.1012258350993
18097361100,NA,2025,821.1350564778483
18097361100,NA,2026,921.9658979216684
18097361100,NA,2027,972.129710076302
18097361100,NA,2028,1060.209521171341
18097361200,NA,2024,732.4082017107911
18097361200,NA,2025,730.5846786570619
18097361200,NA,2026,820.4624760829993
18097361200,NA,2027,864.0925550862663
18097361200,NA,2028,942.2597419947334
18097361300,NA,2024,588.6467355874328
18097361300,NA,2025,588.0002457572103
18097361300,NA,2026,660.1979657488479
18097361300,NA,2027,696.1834380897585
18097361300,NA,2028,759.2678978363982
18097361401,NA,2024,817.5064282252938
18097361401,NA,2025,928.3762067177958
18097361401,NA,2026,1102.7323941279074
18097361401,NA,2027,1290.966656473497
18097361401,NA,2028,1518.4297862565818
18097361402,NA,2024,1375.3060089891285
18097361402,NA,2025,1327.4445956922614
18097361402,NA,2026,1511.7340711657334
18097361402,NA,2027,1527.0399938159403
18097361402,NA,2028,1682.6170549735014
18097361601,NA,2024,737.3430023947676
18097361601,NA,2025,807.3106930102847
18097361601,NA,2026,949.6926164421203
18097361601,NA,2027,1082.8440593981559
18097361601,NA,2028,1251.5470095165042
18097361602,NA,2024,536.9635721246574
18097361602,NA,2025,610.2691820858162
18097361602,NA,2026,725.0714171337751
18097361602,NA,2027,849.2767217433665
18097361602,NA,2028,999.3216782640648
18097370201,NA,2024,926.3946491934167
18097370201,NA,2025,1000.4085631194647
18097370201,NA,2026,1125.0833483754427
18097370201,NA,2027,1238.292326057407
18097370201,NA,2028,1378.6103145704092
18097370203,NA,2024,571.0153132866343
18097370203,NA,2025,578.9991471721809
18097370203,NA,2026,637.6362571428801
18097370203,NA,2027,669.784060320302
18097370203,NA,2028,722.8567885947436
18097370204,NA,2024,895.767163337905
18097370204,NA,2025,967.5444177930965
18097370204,NA,2026,1088.2089715223296
18097370204,NA,2027,1197.9059755492206
18097370204,NA,2028,1333.7972667997738
18097370303,NA,2024,50.25422159129118
18097370303,NA,2025,51.30865403455277
18097370303,NA,2026,56.64277619657312
18097370303,NA,2027,59.79981507444302
18097370303,NA,2028,64.7655249383147
18097370304,NA,2024,430.66691357796805
18097370304,NA,2025,465.1758725447039
18097370304,NA,2026,523.188992995725
18097370304,NA,2027,575.9290107675326
18097370304,NA,2028,641.2627965962066
18097370305,NA,2024,652.7373191431966
18097370305,NA,2025,705.0406774233372
18097370305,NA,2026,792.9678478418226
18097370305,NA,2027,872.9029833340888
18097370305,NA,2028,971.9257092516239
18097370306,NA,2024,1042.4833345187562
18097370306,NA,2025,1126.0169226647781
18097370306,NA,2026,1266.4449105813687
18097370306,NA,2027,1394.1090595731407
18097370306,NA,2028,1552.2577718461464
18097380101,NA,2024,962.9453918886244
18097380101,NA,2025,1099.9844848460425
18097380101,NA,2026,1283.636292412838
18097380101,NA,2027,1487.7684849815575
18097380101,NA,2028,1728.1249532960721
18097380102,NA,2024,400.8336627735732
18097380102,NA,2025,457.877183426517
18097380102,NA,2026,534.3236905134914
18097380102,NA,2027,619.2952621601802
18097380102,NA,2028,719.3454822882223
18097380103,NA,2024,1231.6269031388158
18097380103,NA,2025,1406.2233059928808
18097380103,NA,2026,1640.6283886696046
18097380103,NA,2027,1900.871145536699
18097380103,NA,2028,2207.3092234243964
18097380200,NA,2024,597.450067682565
18097380200,NA,2025,603.9655558749212
18097380200,NA,2026,696.3579691584124
18097380200,NA,2027,747.1506735666194
18097380200,NA,2028,833.8305521994686
18097380301,NA,2024,384.1254323041369
18097380301,NA,2025,376.6982882404821
18097380301,NA,2026,469.6930182499804
18097380301,NA,2027,504.0461223501764
18097380301,NA,2028,594.0728080488229
18097380302,NA,2024,474.3672807943745
18097380302,NA,2025,468.80323370105936
18097380302,NA,2026,540.9548866847109
18097380302,NA,2027,575.4289417264745
18097380302,NA,2028,638.823780415291
18097380402,NA,2024,506.6423666180727
18097380402,NA,2025,501.36592009793344
18097380402,NA,2026,629.9194527509172
18097380402,NA,2027,684.4308072130937
18097380402,NA,2028,812.3827106297385
18097380403,NA,2024,3.7868683496750823
18097380403,NA,2025,3.6249801454410497
18097380403,NA,2026,4.078234211812846
18097380403,NA,2027,4.052412297137636
18097380403,NA,2028,4.430095939935684
18097380404,NA,2024,344.8536810294504
18097380404,NA,2025,341.21397465764517
18097380404,NA,2026,422.00206405909665
18097380404,NA,2027,457.00849912669275
18097380404,NA,2028,535.6330145564384
18097380501,NA,2024,377.9437464946897
18097380501,NA,2025,373.61221896143957
18097380501,NA,2026,431.1088773360926
18097380501,NA,2027,458.7124756252085
18097380501,NA,2028,509.27554785794393
18097380502,NA,2024,577.1422593535189
18097380502,NA,2025,570.5278584951915
18097380502,NA,2026,658.3285712924799
18097380502,NA,2027,700.4809567555034
18097380502,NA,2028,777.6937128135106
18097380600,NA,2024,671.8414033893711
18097380600,NA,2025,685.6605694752063
18097380600,NA,2026,788.3755476253187
18097380600,NA,2027,854.4037442179487
18097380600,NA,2028,953.5478065772462
18097380700,NA,2024,792.8340567387107
18097380700,NA,2025,831.1367354540995
18097380700,NA,2026,954.4286782837531
18097380700,NA,2027,1050.3787898965647
18097380700,NA,2028,1179.1413968073723
18097380800,NA,2024,389.80080167798167
18097380800,NA,2025,385.33338774015465
18097380800,NA,2026,444.63385964812835
18097380800,NA,2027,473.10345642454143
18097380800,NA,2028,525.2528197128905
18097380901,NA,2024,763.450281527721
18097380901,NA,2025,755.3108661386061
18097380901,NA,2026,899.9641336706715
18097380901,NA,2027,966.3557035792433
18097380901,NA,2028,1099.8524012561854
18097380902,NA,2024,1408.7246103868144
18097380902,NA,2025,1394.0540825315172
18097380902,NA,2026,1751.4980680487909
18097380902,NA,2027,1903.0682187897808
18097380902,NA,2028,2258.8395266611974
18097381002,NA,2024,569.8446868343202
18097381002,NA,2025,587.8256810044738
18097381002,NA,2026,675.386308283157
18097381002,NA,2027,736.4566349884199
18097381002,NA,2028,823.6796649474555
18097381003,NA,2024,466.8716573626452
18097381003,NA,2025,461.52098561958644
18097381003,NA,2026,532.5462427549454
18097381003,NA,2027,566.6448323205007
18097381003,NA,2028,629.1050862013011
18097381004,NA,2024,517.8569905584858
18097381004,NA,2025,511.92201257846335
18097381004,NA,2026,590.7036641884616
18097381004,NA,2027,628.5260509172726
18097381004,NA,2028,697.8073546592656
18097381101,NA,2024,825.0342792798266
18097381101,NA,2025,875.6785407719408
18097381101,NA,2026,1005.7237471250246
18097381101,NA,2027,1114.7298099338036
18097381101,NA,2028,1255.513575784998
18097381102,NA,2024,856.0580663196067
18097381102,NA,2025,942.2324484182153
18097381102,NA,2026,1086.554847337519
18097381102,NA,2027,1230.1536134528214
18097381102,NA,2028,1402.8723458634638
18097381203,NA,2024,324.29057121677585
18097381203,NA,2025,320.57393064346235
18097381203,NA,2026,369.90833228183305
18097381203,NA,2027,393.5932881714762
18097381203,NA,2028,436.97839326188523
18097381204,NA,2024,588.1100340921963
18097381204,NA,2025,581.3699400428728
18097381204,NA,2026,670.8391791758874
18097381204,NA,2027,713.7926144521626
18097381204,NA,2028,792.4726892219904
18097381205,NA,2024,1034.024965384354
18097381205,NA,2025,1022.9887577090988
18097381205,NA,2026,1217.3174241636568
18097381205,NA,2027,1306.688557944757
18097381205,NA,2028,1485.691095646213
18097381206,NA,2024,615.6519473835095
18097381206,NA,2025,608.9901189557573
18097381206,NA,2026,702.6475508163146
18097381206,NA,2027,747.917469896681
18097381206,NA,2028,830.4346682894505
18097381207,NA,2024,382.9513555131054
18097381207,NA,2025,437.45000117803994
18097381207,NA,2026,510.48601567184187
18097381207,NA,2027,591.6667649043856
18097381207,NA,2028,687.253462382039
18097390102,NA,2024,1176.6141784306246
18097390102,NA,2025,1120.1514687750885
18097390102,NA,2026,1301.1012049912076
18097390102,NA,2027,1305.0799550785594
18097390102,NA,2028,1458.625907365172
18097390103,NA,2024,746.8094457784961
18097390103,NA,2025,723.4893154854553
18097390103,NA,2026,879.1512885522818
18097390103,NA,2027,919.484064722359
18097390103,NA,2028,1062.080327891252
18097390104,NA,2024,1107.2243726233116
18097390104,NA,2025,1249.4309355179773
18097390104,NA,2026,1481.8947962711898
18097390104,NA,2027,1728.0918435799433
18097390104,NA,2028,2026.832546372638
18097390200,NA,2024,1047.1511031865073
18097390200,NA,2025,1190.1064490018155
18097390200,NA,2026,1413.9850726977795
18097390200,NA,2027,1656.2008485207205
18097390200,NA,2028,1948.8068814670175
18097390300,NA,2024,374.48083619550175
18097390300,NA,2025,425.6044162342461
18097390300,NA,2026,505.6680324843891
18097390300,NA,2027,592.2893289298424
18097390300,NA,2028,696.9313370620692
18097390405,NA,2024,1261.6189002208773
18097390405,NA,2025,1248.4802720975892
18097390405,NA,2026,1568.5983091700036
18097390405,NA,2027,1704.3407143144746
18097390405,NA,2028,2022.9607273334252
18097390406,NA,2024,486.3481747184122
18097390406,NA,2025,552.7437843803039
18097390406,NA,2026,656.7244877670523
18097390406,NA,2027,769.2218748095689
18097390406,NA,2028,905.1232098163273
18097390408,NA,2024,1008.0667571193674
18097390408,NA,2025,997.9450723481691
18097390408,NA,2026,1253.630876749475
18097390408,NA,2027,1362.4614441121387
18097390408,NA,2028,1617.0943176768574
18097390409,NA,2024,1486.5161023884846
18097390409,NA,2025,1471.035488235653
18097390409,NA,2026,1848.2179384978126
18097390409,NA,2027,2008.158018692023
18097390409,NA,2028,2383.5754327916056
18097390410,NA,2024,520.1062832630405
18097390410,NA,2025,514.6896227123119
18097390410,NA,2026,646.6594341863547
18097390410,NA,2027,702.6194235468304
18097390410,NA,2028,833.971619076487
18097390411,NA,2024,939.4823078109101
18097390411,NA,2025,929.6983104849788
18097390411,NA,2026,1168.0788198677874
18097390411,NA,2027,1269.1611745863265
18097390411,NA,2028,1506.4261286402761
18097390500,NA,2024,818.4799367842784
18097390500,NA,2025,882.2541555080137
18097390500,NA,2026,949.558882212785
18097390500,NA,2027,1022.5383067813634
18097390500,NA,2028,1100.9235595383893
18097390601,NA,2024,244.15941144687545
18097390601,NA,2025,249.53441330450744
18097390601,NA,2026,276.6311236915867
18097390601,NA,2027,294.1660159014388
18097390601,NA,2028,319.5506746760903
18097390602,NA,2024,128.71013878072478
18097390602,NA,2025,131.5665529124592
18097390602,NA,2026,145.84591004082534
18097390602,NA,2027,155.1103026080206
18097390602,NA,2028,168.4960850058338
18097390700,NA,2024,921.1089318987431
18097390700,NA,2025,931.5735113877162
18097390700,NA,2026,995.973748401806
18097390700,NA,2027,1037.8018020377328
18097390700,NA,2028,1094.327864564431
18097390801,NA,2024,0.3854103528180163
18097390801,NA,2025,0.3907609764748024
18097390801,NA,2026,0.4303221502790554
18097390801,NA,2027,0.4519861230360174
18097390801,NA,2028,0.48777868008993747
18097390802,NA,2024,881.9532823285873
18097390802,NA,2025,914.8290516276488
18097390802,NA,2026,1014.8251614138301
18097390802,NA,2027,1083.71915237491
18097390802,NA,2028,1182.5209774019804
18097390900,NA,2024,851.0841608167494
18097390900,NA,2025,929.9336928065119
18097390900,NA,2026,1039.599228748237
18097390900,NA,2027,1153.7621268322046
18097390900,NA,2028,1283.4355587238445
18097391001,NA,2024,827.975599640796
18097391001,NA,2025,905.6806773250806
18097391001,NA,2026,1018.933374892278
18097391001,NA,2027,1133.9940262553453
18097391001,NA,2028,1267.3274769088075
18097391002,NA,2024,2241.119994085746
18097391002,NA,2025,2717.3641697487024
18097391002,NA,2026,3294.822841320739
18097391002,NA,2027,3994.99522849549
18097391002,NA,2028,4843.95904172248
