GEOID,NAME,year,percent_bachelors_plus
18097310103,NA,2024,58.38603665588704
18097310103,NA,2025,59.04081933084794
18097310103,NA,2026,57.76747169861494
18097310103,NA,2027,58.30013819965454
18097310103,NA,2028,57.14117263754419
18097310104,NA,2024,57.61027224604093
18097310104,NA,2025,58.67645205034061
18097310104,NA,2026,59.707626973638426
18097310104,NA,2027,60.746589919935644
18097310104,NA,2028,61.78382015637917
18097310105,NA,2024,51.54541922748925
18097310105,NA,2025,55.84768901779452
18097310105,NA,2026,59.2867902118268
18097310105,NA,2027,62.09130228774994
18097310105,NA,2028,64.42927358524194
18097310106,NA,2024,47.65379785354519
18097310106,NA,2025,47.428993212084904
18097310106,NA,2026,51.043565357438425
18097310106,NA,2027,51.61339927477216
18097310106,NA,2028,54.59779977202689
18097310108,NA,2024,74.29017316260122
18097310108,NA,2025,75.57909931371046
18097310108,NA,2026,76.90891498382292
18097310108,NA,2027,78.23044542843377
18097310108,NA,2028,79.55365466416973
18097310110,NA,2024,51.12830932948798
18097310110,NA,2025,51.83533646798177
18097310110,NA,2026,52.54720381146964
18097310110,NA,2027,53.258851830017136
18097310110,NA,2028,53.9705097868688
18097310111,NA,2024,35.93056961206799
18097310111,NA,2025,35.32967409339575
18097310111,NA,2026,34.69589621673024
18097310111,NA,2027,34.05535138344166
18097310111,NA,2028,33.41341395835819
18097310112,NA,2024,68.33837901859562
18097310112,NA,2025,69.50028152875407
18097310112,NA,2026,70.6617257030996
18097310112,NA,2027,71.82317578895653
18097310112,NA,2028,72.98462579856813
18097310113,NA,2024,72.38759955797511
18097310113,NA,2025,75.51254528737668
18097310113,NA,2026,77.87363823946833
18097310113,NA,2027,80.81195089878346
18097310113,NA,2028,83.31407663791674
18097310201,NA,2024,37.20370385717027
18097310201,NA,2025,36.91223790598042
18097310201,NA,2026,35.80783891725254
18097310201,NA,2027,35.36626365864096
18097310201,NA,2028,34.3842560680678
18097310203,NA,2024,33.24759902163757
18097310203,NA,2025,32.715418568387776
18097310203,NA,2026,32.18321209961779
18097310203,NA,2027,31.651005711286622
18097310203,NA,2028,31.118799322706742
18097310204,NA,2024,34.83888089454226
18097310204,NA,2025,35.38878097110825
18097310204,NA,2026,36.531922941834765
18097310204,NA,2027,37.21729269202313
18097310204,NA,2028,38.25590014838018
18097310305,NA,2024,23.059241122308247
18097310305,NA,2025,22.35519949456034
18097310305,NA,2026,22.823782580627224
18097310305,NA,2027,22.571400086540418
18097310305,NA,2028,22.76228930730206
18097310306,NA,2024,21.30406247184049
18097310306,NA,2025,22.517988294697496
18097310306,NA,2026,23.733271593789674
18097310306,NA,2027,24.948926142456024
18097310306,NA,2028,26.16468222236304
18097310308,NA,2024,40.13175207583009
18097310308,NA,2025,40.46017138108876
18097310308,NA,2026,40.765013810098985
18097310308,NA,2027,41.07660785581011
18097310308,NA,2028,41.386268467778976
18097310309,NA,2024,20.853048154178936
18097310309,NA,2025,23.232296219056227
18097310309,NA,2026,22.617692037756456
18097310309,NA,2027,23.716018430181457
18097310309,NA,2028,23.834292732812195
18097310310,NA,2024,28.82131400797555
18097310310,NA,2025,28.05411725498888
18097310310,NA,2026,27.2755068941876
18097310310,NA,2027,26.495768194572914
18097310310,NA,2028,25.715917948416717
18097310311,NA,2024,45.498828117861805
18097310311,NA,2025,47.17067505322544
18097310311,NA,2026,48.92640144390523
18097310311,NA,2027,50.6966980984205
18097310311,NA,2028,52.46952567767096
18097310312,NA,2024,30.919170198947768
18097310312,NA,2025,31.774368075774156
18097310312,NA,2026,32.63950411017432
18097310312,NA,2027,33.503401098221715
18097310312,NA,2028,34.367452565190675
18097320105,NA,2024,56.01838131080797
18097320105,NA,2025,57.29026721728191
18097320105,NA,2026,58.5523750329042
18097320105,NA,2027,59.816976145469496
18097320105,NA,2028,61.0809414969501
18097320106,NA,2024,39.12940304732479
18097320106,NA,2025,37.909823559893475
18097320106,NA,2026,36.59130564019921
18097320106,NA,2027,35.253544865358364
18097320106,NA,2028,33.91204148548809
18097320107,NA,2024,68.20040871207948
18097320107,NA,2025,69.99473761591898
18097320107,NA,2026,71.78949136466628
18097320107,NA,2027,73.58423680149552
18097320107,NA,2028,75.37898240094407
18097320108,NA,2024,35.42495158756509
18097320108,NA,2025,37.001993702883595
18097320108,NA,2026,38.64402667569625
18097320108,NA,2027,40.27905219174654
18097320108,NA,2028,41.914833267150385
18097320109,NA,2024,64.25498184920127
18097320109,NA,2025,64.63030412320909
18097320109,NA,2026,65.57912859139748
18097320109,NA,2027,66.32808592018924
18097320109,NA,2028,67.14669751328188
18097320202,NA,2024,72.78659124644271
18097320202,NA,2025,72.81441689640128
18097320202,NA,2026,72.90294167332866
18097320202,NA,2027,72.98086689811075
18097320202,NA,2028,73.06064306394079
18097320203,NA,2024,48.65368168553908
18097320203,NA,2025,48.683602658908114
18097320203,NA,2026,48.6428574350251
18097320203,NA,2027,48.57132906385727
18097320203,NA,2028,48.48639113913191
18097320204,NA,2024,41.0183965126339
18097320204,NA,2025,40.992859949469484
18097320204,NA,2026,40.94346642018658
18097320204,NA,2027,40.90359833696518
18097320204,NA,2028,40.85992699886972
18097320205,NA,2024,68.71439846762956
18097320205,NA,2025,71.85028956189164
18097320205,NA,2026,74.30272533336549
18097320205,NA,2027,77.20269514857402
18097320205,NA,2028,79.80961476192822
18097320206,NA,2024,32.378198631367084
18097320206,NA,2025,36.51425703790108
18097320206,NA,2026,40.622014409575456
18097320206,NA,2027,44.73176561531885
18097320206,NA,2028,48.841376353608865
18097320301,NA,2024,66.29558431005098
18097320301,NA,2025,65.95881992350195
18097320301,NA,2026,66.90213817855545
18097320301,NA,2027,67.04184015628287
18097320301,NA,2028,67.68604012515166
18097320303,NA,2024,38.11170702822268
18097320303,NA,2025,35.82000910252093
18097320303,NA,2026,33.41382714981616
18097320303,NA,2027,30.976403877049194
18097320303,NA,2028,28.53045522214135
18097320304,NA,2024,73.39812423328587
18097320304,NA,2025,74.01713151748612
18097320304,NA,2026,74.77683687684889
18097320304,NA,2027,75.4493305304544
18097320304,NA,2028,76.175882362271
18097320305,NA,2024,61.128014610789286
18097320305,NA,2025,61.618905772199014
18097320305,NA,2026,56.57763067911098
18097320305,NA,2027,56.87156947507572
18097320305,NA,2028,52.020234985227816
18097320306,NA,2024,69.25939714641498
18097320306,NA,2025,70.29543504642905
18097320306,NA,2026,69.62781504062698
18097320306,NA,2027,70.01739579935152
18097320306,NA,2028,69.75093319825599
18097320400,NA,2024,61.00281477481954
18097320400,NA,2025,63.3538043011531
18097320400,NA,2026,65.71556908485414
18097320400,NA,2027,68.07784710504436
18097320400,NA,2028,70.44014957121158
18097320500,NA,2024,59.8831377271308
18097320500,NA,2025,62.238376369781776
18097320500,NA,2026,61.12101393044821
18097320500,NA,2027,62.440920186840046
18097320500,NA,2028,62.050212826833366
18097320600,NA,2024,45.48386531158761
18097320600,NA,2025,45.97563393708482
18097320600,NA,2026,46.46549666514274
18097320600,NA,2027,46.955413110897844
18097320600,NA,2028,47.44532804262027
18097320700,NA,2024,81.85184269562677
18097320700,NA,2025,84.47918025917863
18097320700,NA,2026,86.33681059951645
18097320700,NA,2027,88.5229139319795
18097320700,NA,2028,90.56884122957935
18097320800,NA,2024,81.06368690211728
18097320800,NA,2025,84.09556614654984
18097320800,NA,2026,83.66279824122154
18097320800,NA,2027,86.39335145519709
18097320800,NA,2028,86.23570276251544
18097320901,NA,2024,48.089427058656696
18097320901,NA,2025,45.47612156522079
18097320901,NA,2026,43.29933837003192
18097320901,NA,2027,41.437089059841675
18097320901,NA,2028,39.80147551421516
18097320902,NA,2024,27.991652431226797
18097320902,NA,2025,27.73979470114781
18097320902,NA,2026,27.51245542999057
18097320902,NA,2027,27.28767336009583
18097320902,NA,2028,27.06315799857448
18097320903,NA,2024,27.574502208083693
18097320903,NA,2025,28.285126925749594
18097320903,NA,2026,30.688300614900236
18097320903,NA,2027,32.14537299944218
18097320903,NA,2028,34.13129724804397
18097321001,NA,2024,18.361057763901144
18097321001,NA,2025,17.24791410688959
18097321001,NA,2026,16.58418897495597
18097321001,NA,2027,16.165930625202186
18097321001,NA,2028,15.881743164367077
18097321002,NA,2024,57.56138529956886
18097321002,NA,2025,60.85472394185352
18097321002,NA,2026,61.02792067001208
18097321002,NA,2027,62.72313830022088
18097321002,NA,2028,63.67590648741239
18097321100,NA,2024,54.26280900780469
18097321100,NA,2025,54.70356162910018
18097321100,NA,2026,55.1276500253874
18097321100,NA,2027,55.552776633128524
18097321100,NA,2028,55.97783855841231
18097321200,NA,2024,78.07141827650267
18097321200,NA,2025,78.193500632333
18097321200,NA,2026,78.25741154549421
18097321200,NA,2027,78.33346576059219
18097321200,NA,2028,78.40698505863875
18097321300,NA,2024,78.95406145102147
18097321300,NA,2025,80.40562565643016
18097321300,NA,2026,80.06895027185953
18097321300,NA,2027,80.77729617756354
18097321300,NA,2028,80.87494679207343
18097321400,NA,2024,67.68747832629415
18097321400,NA,2025,69.9990693596754
18097321400,NA,2026,66.50514719101754
18097321400,NA,2027,69.03107557246801
18097321400,NA,2028,74.57645397651848
18097321600,NA,2024,43.82676043659687
18097321600,NA,2025,43.41307119806311
18097321600,NA,2026,43.13258007135194
18097321600,NA,2027,42.816560023839735
18097321600,NA,2028,42.51001686902528
18097321700,NA,2024,65.52240672669325
18097321700,NA,2025,67.13934989683753
18097321700,NA,2026,67.99093505772025
18097321700,NA,2027,69.23242631311115
18097321700,NA,2028,70.27528273265403
18097321800,NA,2024,82.37832169747516
18097321800,NA,2025,82.77257044904559
18097321800,NA,2026,83.15833089988567
18097321800,NA,2027,83.54481723192728
18097321800,NA,2028,83.9312414898818
18097321900,NA,2024,84.94158313418714
18097321900,NA,2025,85.99409001575836
18097321900,NA,2026,86.91526903438563
18097321900,NA,2027,87.88128088134707
18097321900,NA,2028,88.83198765555865
18097322000,NA,2024,47.76748764258579
18097322000,NA,2025,48.385000974734595
18097322000,NA,2026,50.17023873645014
18097322000,NA,2027,51.15832870149231
18097322000,NA,2028,52.690592097912436
18097322100,NA,2024,67.16197557251238
18097322100,NA,2025,70.66197438504
18097322100,NA,2026,73.97611802439647
18097322100,NA,2027,77.25263167906257
18097322100,NA,2028,80.52152641344988
18097322200,NA,2024,61.38765694986927
18097322200,NA,2025,62.31398765892783
18097322200,NA,2026,64.27905840894248
18097322200,NA,2027,65.90580437502518
18097322200,NA,2028,67.64274505288317
18097322300,NA,2024,74.71509443318158
18097322300,NA,2025,76.14502758152837
18097322300,NA,2026,77.47820492962924
18097322300,NA,2027,78.76913211172982
18097322300,NA,2028,80.04160999650128
18097322400,NA,2024,55.15145378208854
18097322400,NA,2025,58.04148472832046
18097322400,NA,2026,60.990311309575205
18097322400,NA,2027,63.928589513350545
18097322400,NA,2028,66.86876017508479
18097322600,NA,2024,25.391282551402902
18097322600,NA,2025,26.732424956288384
18097322600,NA,2026,28.073566696762516
18097322600,NA,2027,29.41470838195204
18097322600,NA,2028,30.75585006254142
18097322601,NA,2024,NA
18097322601,NA,2025,NA
18097322601,NA,2026,NA
18097322601,NA,2027,NA
18097322601,NA,2028,NA
18097322602,NA,2024,37.19350715784901
18097322602,NA,2025,37.314585237070666
18097322602,NA,2026,36.68208770132738
18097322602,NA,2027,36.69881875109975
18097322602,NA,2028,36.15621939277463
18097322700,NA,2024,36.55413978792224
18097322700,NA,2025,37.564477247064836
18097322700,NA,2026,38.9589057335603
18097322700,NA,2027,40.196207498131784
18097322700,NA,2028,41.49778779301086
18097330103,NA,2024,44.30877587521682
18097330103,NA,2025,43.36106613091661
18097330103,NA,2026,42.41139193801099
18097330103,NA,2027,41.46179444503022
18097330103,NA,2028,40.512193957377846
18097330105,NA,2024,44.32461480145572
18097330105,NA,2025,44.15172116226993
18097330105,NA,2026,44.00242540313316
18097330105,NA,2027,43.851580992904104
18097330105,NA,2028,43.700838215542106
18097330106,NA,2024,38.529076058752764
18097330106,NA,2025,40.11634374869403
18097330106,NA,2026,39.65956540592845
18097330106,NA,2027,40.58862993929064
18097330106,NA,2028,40.57810678892011
18097330107,NA,2024,63.18649555473636
18097330107,NA,2025,64.1383163634247
18097330107,NA,2026,64.74481385661153
18097330107,NA,2027,65.1916625289814
18097330107,NA,2028,65.56470284598083
18097330108,NA,2024,72.25090416226175
18097330108,NA,2025,72.36489358142457
18097330108,NA,2026,72.7507294119629
18097330108,NA,2027,73.23781006403445
18097330108,NA,2028,73.76259772071725
18097330109,NA,2024,57.97792150204785
18097330109,NA,2025,58.47892827029115
18097330109,NA,2026,59.00563837969728
18097330109,NA,2027,59.528820688186386
18097330109,NA,2028,60.052487189731615
18097330203,NA,2024,78.4726578607506
18097330203,NA,2025,80.12408264151304
18097330203,NA,2026,81.36736323469424
18097330203,NA,2027,82.81837158481387
18097330203,NA,2028,84.16365548187098
18097330204,NA,2024,46.54253190304359
18097330204,NA,2025,46.25353369750681
18097330204,NA,2026,45.96618529743365
18097330204,NA,2027,45.67873649371989
18097330204,NA,2028,45.39129380035749
18097330206,NA,2024,59.09880945114146
18097330206,NA,2025,61.74276293341603
18097330206,NA,2026,62.67268300898333
18097330206,NA,2027,64.62126423280019
18097330206,NA,2028,65.96444854259393
18097330208,NA,2024,54.38479899755643
18097330208,NA,2025,54.78959476569515
18097330208,NA,2026,55.24228267153052
18097330208,NA,2027,55.68025929839773
18097330208,NA,2028,56.122754865936365
18097330209,NA,2024,28.677049767059714
18097330209,NA,2025,26.540556053876188
18097330209,NA,2026,24.403344892207272
18097330209,NA,2027,22.265930529924574
18097330209,NA,2028,20.128458615789327
18097330210,NA,2024,35.987310966555455
18097330210,NA,2025,36.92680780605163
18097330210,NA,2026,38.50467196770298
18097330210,NA,2027,39.836291623978404
18097330210,NA,2028,41.26289790366544
18097330212,NA,2024,24.488455035133573
18097330212,NA,2025,23.78284728729077
18097330212,NA,2026,23.023609707347106
18097330212,NA,2027,22.27412397480792
18097330212,NA,2028,21.522865002933923
18097330213,NA,2024,56.09044251287226
18097330213,NA,2025,58.82362975272502
18097330213,NA,2026,61.40657394223796
18097330213,NA,2027,64.03304788638538
18097330213,NA,2028,66.64691000233672
18097330401,NA,2024,51.986725600512976
18097330401,NA,2025,51.70656885718991
18097330401,NA,2026,51.42157559164655
18097330401,NA,2027,51.13715023327659
18097330401,NA,2028,50.852658190925276
18097330500,NA,2024,37.75600737729951
18097330500,NA,2025,38.439064849038935
18097330500,NA,2026,39.642592761692214
18097330500,NA,2027,40.70240354588205
18097330500,NA,2028,41.80189883737553
18097330600,NA,2024,21.55852737402743
18097330600,NA,2025,21.805553775076184
18097330600,NA,2026,22.052363917072014
18097330600,NA,2027,22.29917543689634
18097330600,NA,2028,22.545986947942254
18097330700,NA,2024,12.972679500956763
18097330700,NA,2025,14.093946351108944
18097330700,NA,2026,15.215234277741551
18097330700,NA,2027,16.336515279027594
18097330700,NA,2028,17.457798555856044
18097330702,NA,2024,13.519019352309849
18097330702,NA,2025,16.051772402740276
18097330702,NA,2026,18.14867510533582
18097330702,NA,2027,20.446630801185595
18097330702,NA,2028,22.651842952611723
18097330803,NA,2024,5.160952160877105
18097330803,NA,2025,4.390774469685439
18097330803,NA,2026,3.5732271207775685
18097330803,NA,2027,2.740758239299785
18097330803,NA,2028,1.903589046589678
18097330804,NA,2024,7.446987059991414
18097330804,NA,2025,6.926480361061824
18097330804,NA,2026,6.427062328809132
18097330804,NA,2027,5.9305259225384335
18097330804,NA,2028,5.43438327128446
18097330805,NA,2024,14.25765190733204
18097330805,NA,2025,14.899342969328899
18097330805,NA,2026,15.70924014557959
18097330805,NA,2027,16.582664873130557
18097330805,NA,2028,17.480082484603205
18097330806,NA,2024,16.22235301099843
18097330806,NA,2025,17.329775744536505
18097330806,NA,2026,18.437199086996387
18097330806,NA,2027,19.54462243049838
18097330806,NA,2028,20.652045774002154
18097330900,NA,2024,28.329646972287787
18097330900,NA,2025,30.07381065117851
18097330900,NA,2026,31.722051407601164
18097330900,NA,2027,33.35403914007435
18097330900,NA,2028,34.9832729866076
18097331000,NA,2024,8.81073164687197
18097331000,NA,2025,8.612620006864198
18097331000,NA,2026,8.84932989375647
18097331000,NA,2027,8.918485424633122
18097331000,NA,2028,9.052206439238141
18097340101,NA,2024,21.59887882705622
18097340101,NA,2025,20.947612418635693
18097340101,NA,2026,20.186195181430147
18097340101,NA,2027,19.4496325716008
18097340101,NA,2028,18.707461719792494
18097340102,NA,2024,25.171194745341225
18097340102,NA,2025,26.263374969290705
18097340102,NA,2026,27.35153543236051
18097340102,NA,2027,28.439988297832947
18097340102,NA,2028,29.52841989359118
18097340108,NA,2024,30.881062748085263
18097340108,NA,2025,33.394767275609176
18097340108,NA,2026,35.77482705870895
18097340108,NA,2027,38.10974476814441
18097340108,NA,2028,40.42941453929771
18097340109,NA,2024,34.9718914453921
18097340109,NA,2025,36.41637343502639
18097340109,NA,2026,37.618178732266415
18097340109,NA,2027,38.995336371459544
18097340109,NA,2028,40.24578862528965
18097340111,NA,2024,27.325742608044806
18097340111,NA,2025,26.656062267428624
18097340111,NA,2026,25.948172000207588
18097340111,NA,2027,25.248081145977622
18097340111,NA,2028,24.546398275001998
18097340112,NA,2024,31.43681775102505
18097340112,NA,2025,31.20008262520957
18097340112,NA,2026,30.959265194656926
18097340112,NA,2027,30.717797104640706
18097340112,NA,2028,30.476225309055014
18097340113,NA,2024,10.794986634808804
18097340113,NA,2025,8.450764066303297
18097340113,NA,2026,6.966008611264751
18097340113,NA,2027,5.052703792814945
18097340113,NA,2028,3.353083191018129
18097340114,NA,2024,42.04854601476967
18097340114,NA,2025,43.35424492351799
18097340114,NA,2026,44.660051883686805
18097340114,NA,2027,45.965859972185854
18097340114,NA,2028,47.271668072467534
18097340201,NA,2024,7.8355009242227585
18097340201,NA,2025,7.396140190508309
18097340201,NA,2026,6.957073158597032
18097340201,NA,2027,6.518010747338531
18097340201,NA,2028,6.078948408774278
18097340202,NA,2024,28.56353750940556
18097340202,NA,2025,29.53229125539138
18097340202,NA,2026,30.497059999860664
18097340202,NA,2027,31.461249186699526
18097340202,NA,2028,32.42535408572932
18097340300,NA,2024,8.708304286733458
18097340300,NA,2025,8.724779472389018
18097340300,NA,2026,8.74262023673861
18097340300,NA,2027,8.759949222740122
18097340300,NA,2028,8.777470008070889
18097340301,NA,2024,9.512802717843087
18097340301,NA,2025,9.454734340030175
18097340301,NA,2026,9.206484171234157
18097340301,NA,2027,9.073597891803203
18097340301,NA,2028,8.870732110651094
18097340400,NA,2024,7.662142691600072
18097340400,NA,2025,7.948194739395607
18097340400,NA,2026,8.234210465256364
18097340400,NA,2027,8.52022459962971
18097340400,NA,2028,8.8062386642702
18097340500,NA,2024,19.142994607019627
18097340500,NA,2025,21.206279190571475
18097340500,NA,2026,20.817993912268733
18097340500,NA,2027,21.873887489432864
18097340500,NA,2028,22.07903942589179
18097340600,NA,2024,26.933933176274405
18097340600,NA,2025,31.100460628303136
18097340600,NA,2026,34.58833242246821
18097340600,NA,2027,37.58790080965407
18097340600,NA,2028,40.23612722465613
18097340700,NA,2024,7.675448078043754
18097340700,NA,2025,7.811955705625728
18097340700,NA,2026,7.926267032256824
18097340700,NA,2027,8.03515285836462
18097340700,NA,2028,8.142712515035742
18097340800,NA,2024,34.616702102862604
18097340800,NA,2025,35.223601809833006
18097340800,NA,2026,36.39172129932428
18097340800,NA,2027,37.36794897428628
18097340800,NA,2028,38.409788143408264
18097340902,NA,2024,48.19383932525061
18097340902,NA,2025,50.97281570706575
18097340902,NA,2026,53.57386790583453
18097340902,NA,2027,56.278160543206354
18097340902,NA,2028,58.92254795588946
18097340903,NA,2024,38.52078658926962
18097340903,NA,2025,38.40662908003186
18097340903,NA,2026,38.44964857065339
18097340903,NA,2027,38.47108161052529
18097340903,NA,2028,38.495479300800135
18097340904,NA,2024,36.72799890198769
18097340904,NA,2025,36.50521730347033
18097340904,NA,2026,36.2814693399294
18097340904,NA,2027,36.057750721892695
18097340904,NA,2028,35.83403121272417
18097341000,NA,2024,47.03685316855304
18097341000,NA,2025,48.18553807157912
18097341000,NA,2026,49.34870357702056
18097341000,NA,2027,50.513666288508034
18097341000,NA,2028,51.678852053531486
18097341100,NA,2024,11.815392914365486
18097341100,NA,2025,12.386917236850216
18097341100,NA,2026,12.955888696014878
18097341100,NA,2027,13.524773961359857
18097341100,NA,2028,14.093656316492412
18097341200,NA,2024,17.679664842074963
18097341200,NA,2025,19.332920880396266
18097341200,NA,2026,20.77883568046694
18097341200,NA,2027,22.291895909855278
18097341200,NA,2028,23.783211749578097
18097341600,NA,2024,11.830667950470211
18097341600,NA,2025,13.529792243242454
18097341600,NA,2026,14.91444876687009
18097341600,NA,2027,16.082565371422696
18097341600,NA,2028,17.10157436892048
18097341700,NA,2024,4.700632450651309
18097341700,NA,2025,3.7235783010059906
18097341700,NA,2026,4.154973729977349
18097341700,NA,2027,3.3777077094955663
18097341700,NA,2028,3.6376548925059295
18097341702,NA,2024,10.74018163367706
18097341702,NA,2025,9.636510169848677
18097341702,NA,2026,7.9025391249868875
18097341702,NA,2027,6.667778582275886
18097341702,NA,2028,5.037632840277507
18097341902,NA,2024,20.00162871497292
18097341902,NA,2025,18.607134622029044
18097341902,NA,2026,18.15728886154836
18097341902,NA,2027,17.198851553395272
18097341902,NA,2028,16.51423610410191
18097341903,NA,2024,22.04566594881642
18097341903,NA,2025,23.090748771197916
18097341903,NA,2026,23.746831671463205
18097341903,NA,2027,24.626460380121046
18097341903,NA,2028,25.37762446550076
18097341904,NA,2024,31.9569059504883
18097341904,NA,2025,32.661968779078265
18097341904,NA,2026,33.73448396077043
18097341904,NA,2027,34.7160390797704
18097341904,NA,2028,35.72011067726103
18097342000,NA,2024,11.95592501586545
18097342000,NA,2025,10.227411639038124
18097342000,NA,2026,8.512343455417707
18097342000,NA,2027,6.796487138068393
18097342000,NA,2028,5.080677019740925
18097342101,NA,2024,19.173905953089115
18097342101,NA,2025,20.011580551504405
18097342101,NA,2026,20.7036984834896
18097342101,NA,2027,21.429690457673736
18097342101,NA,2028,22.147799242698362
18097342200,NA,2024,17.882497367395157
18097342200,NA,2025,18.923895951974018
18097342200,NA,2026,20.105111786901684
18097342200,NA,2027,21.32857495923743
18097342200,NA,2028,22.564803634496588
18097342300,NA,2024,11.015224562329943
18097342300,NA,2025,11.45929883700542
18097342300,NA,2026,12.087416814934898
18097342300,NA,2027,12.670115599059383
18097342300,NA,2028,13.264023151152681
18097342400,NA,2024,4.945934411701371
18097342400,NA,2025,4.940949966873607
18097342400,NA,2026,4.9557235398015855
18097342400,NA,2027,4.975566044827866
18097342400,NA,2028,4.996708987627551
18097342500,NA,2024,6.354319666309483
18097342500,NA,2025,6.527306758571672
18097342500,NA,2026,6.526368919304072
18097342500,NA,2027,6.569358029872972
18097342500,NA,2028,6.601252831506595
18097350100,NA,2024,26.331400138200763
18097350100,NA,2025,27.887266681145867
18097350100,NA,2026,29.442718956117844
18097350100,NA,2027,30.99819743863202
18097350100,NA,2028,32.55367426319695
18097350300,NA,2024,23.14355567715775
18097350300,NA,2025,25.20729702528886
18097350300,NA,2026,26.847403681628847
18097350300,NA,2027,28.22630313040387
18097350300,NA,2028,29.44414587960734
18097350400,NA,2024,30.414995529572355
18097350400,NA,2025,31.026826593101838
18097350400,NA,2026,31.464806437577383
18097350400,NA,2027,31.958585256067238
18097350400,NA,2028,32.43445493639865
18097350500,NA,2024,7.124582219661092
18097350500,NA,2025,7.119022951287391
18097350500,NA,2026,7.102561514761204
18097350500,NA,2027,7.0819534542086275
18097350500,NA,2028,7.059768231152619
18097350600,NA,2024,15.975890013499578
18097350600,NA,2025,17.962051462434083
18097350600,NA,2026,19.6457328178621
18097350600,NA,2027,21.16003203356661
18097350600,NA,2028,22.579481009955444
18097350700,NA,2024,6.0179328964250365
18097350700,NA,2025,6.1327535741775865
18097350700,NA,2026,6.179311441149729
18097350700,NA,2027,6.2785529257712325
18097350700,NA,2028,6.337134444345445
18097350800,NA,2024,10.548912686389084
18097350800,NA,2025,11.31546687017918
18097350800,NA,2026,12.081965584782138
18097350800,NA,2027,12.848464794972584
18097350800,NA,2028,13.61496400073522
18097350900,NA,2024,69.01299677425523
18097350900,NA,2025,74.57679102036856
18097350900,NA,2026,80.23313919281487
18097350900,NA,2027,85.87116889526963
18097350900,NA,2028,91.51282422827434
18097351000,NA,2024,42.37415752113296
18097351000,NA,2025,43.85762422479735
18097351000,NA,2026,46.66335410943839
18097351000,NA,2027,48.634016262743785
18097351000,NA,2028,51.13206065428332
18097351200,NA,2024,12.743640333980053
18097351200,NA,2025,11.470229459463715
18097351200,NA,2026,13.21045685242041
18097351200,NA,2027,13.044527122490859
18097351200,NA,2028,14.084261329187868
18097351500,NA,2024,49.064702516255366
18097351500,NA,2025,52.230007520840616
18097351500,NA,2026,55.394657626065005
18097351500,NA,2027,58.55929303864956
18097351500,NA,2028,61.72392812160534
18097351600,NA,2024,89.33773697937758
18097351600,NA,2025,94.39027184060078
18097351600,NA,2026,99.40700470319365
18097351600,NA,2027,100
18097351600,NA,2028,100
18097351700,NA,2024,54.71138059105412
18097351700,NA,2025,58.79899677435378
18097351700,NA,2026,62.3999508081127
18097351700,NA,2027,66.17224824791802
18097351700,NA,2028,69.88421931382456
18097351900,NA,2024,22.702173039176326
18097351900,NA,2025,25.008736058824834
18097351900,NA,2026,26.993804761065537
18097351900,NA,2027,28.86107097381714
18097351900,NA,2028,30.68517179987786
18097352100,NA,2024,4.456551598752209
18097352100,NA,2025,4.79226240121771
18097352100,NA,2026,3.9414297130033127
18097352100,NA,2027,3.841891456875471
18097352100,NA,2028,3.266649336441038
18097352300,NA,2024,8.229312081725151
18097352300,NA,2025,8.786008159723753
18097352300,NA,2026,9.327235552680396
18097352300,NA,2027,9.863509581911275
18097352300,NA,2028,10.398197450965437
18097352400,NA,2024,12.958056617738757
18097352400,NA,2025,12.536799969247317
18097352400,NA,2026,13.152185557425149
18097352400,NA,2027,13.07732860420802
18097352400,NA,2028,13.462065857264173
18097352500,NA,2024,32.47772207449917
18097352500,NA,2025,32.90792636419015
18097352500,NA,2026,33.31813529833398
18097352500,NA,2027,33.73157795234731
18097352500,NA,2028,34.144497637705754
18097352600,NA,2024,15.172828568065146
18097352600,NA,2025,18.274936562298077
18097352600,NA,2026,17.632526172718016
18097352600,NA,2027,19.92743543916948
18097352600,NA,2028,19.918217478203374
18097352700,NA,2024,37.153762714591466
18097352700,NA,2025,41.197885534397486
18097352700,NA,2026,42.38526988944414
18097352700,NA,2027,45.881680106333064
18097352700,NA,2028,47.51176601792527
18097352800,NA,2024,27.27697513457577
18097352800,NA,2025,29.22736040441241
18097352800,NA,2026,30.811071217951188
18097352800,NA,2027,32.50185487993255
18097352800,NA,2028,34.16137212922359
18097353300,NA,2024,62.1614612288087
18097353300,NA,2025,64.73425372651026
18097353300,NA,2026,67.31547619667082
18097353300,NA,2027,69.89637689374354
18097353300,NA,2028,72.47728987293468
18097353500,NA,2024,71.05682996650562
18097353500,NA,2025,70.82875847735167
18097353500,NA,2026,76.66127371044223
18097353500,NA,2027,78.73103525536234
18097353500,NA,2028,83.13692628191735
18097353600,NA,2024,32.5510907569328
18097353600,NA,2025,35.36495992888926
18097353600,NA,2026,38.18479417303111
18097353600,NA,2027,41.004436287683944
18097353600,NA,2028,43.824084590650905
18097354200,NA,2024,72.38304374473708
18097354200,NA,2025,75.35966674340742
18097354200,NA,2026,77.43903226082202
18097354200,NA,2027,80.3648947535555
18097354200,NA,2028,82.49214910515522
18097354201,NA,2024,67.78593591654128
18097354201,NA,2025,67.49212064511033
18097354201,NA,2026,73.74689054982795
18097354201,NA,2027,73.97504927457524
18097354201,NA,2028,79.74945063610294
18097354202,NA,2024,62.55849802827635
18097354202,NA,2025,61.40748766935154
18097354202,NA,2026,60.275669180885416
18097354202,NA,2027,59.13065670660077
18097354202,NA,2028,57.99471480530452
18097354400,NA,2024,58.59110545971119
18097354400,NA,2025,60.0028324708325
18097354400,NA,2026,61.55262641984903
18097354400,NA,2027,63.07905210125821
18097354400,NA,2028,64.60943293615522
18097354500,NA,2024,41.642169163058824
18097354500,NA,2025,43.103240192120246
18097354500,NA,2026,44.56330520722478
18097354500,NA,2027,46.02344454727809
18097354500,NA,2028,47.48357839615707
18097354700,NA,2024,42.02930194987606
18097354700,NA,2025,45.92436222471114
18097354700,NA,2026,49.602458846036015
18097354700,NA,2027,53.23173602335652
18097354700,NA,2028,56.850028235802334
18097354800,NA,2024,23.06352232195521
18097354800,NA,2025,24.467269017643428
18097354800,NA,2026,25.870806064444185
18097354800,NA,2027,27.274339899526794
18097354800,NA,2028,28.67787368540746
18097354900,NA,2024,12.43180168874579
18097354900,NA,2025,13.66955206426675
18097354900,NA,2026,14.759113961168353
18097354900,NA,2027,15.772899016276321
18097354900,NA,2028,16.747935244176425
18097355000,NA,2024,18.37692655784774
18097355000,NA,2025,19.47006986828577
18097355000,NA,2026,20.570657140655886
18097355000,NA,2027,21.671698128227362
18097355000,NA,2028,22.772766770089095
18097355100,NA,2024,9.263119593633855
18097355100,NA,2025,9.681500270962921
18097355100,NA,2026,10.1180397037804
18097355100,NA,2027,10.558924314891062
18097355100,NA,2028,11.000848676463235
18097355300,NA,2024,35.1362916814484
18097355300,NA,2025,36.9732367121327
18097355300,NA,2026,38.809466381981935
18097355300,NA,2027,40.64563489913908
18097355300,NA,2028,42.48179818865226
18097355400,NA,2024,22.773431607895716
18097355400,NA,2025,23.70637080174877
18097355400,NA,2026,24.604462699672574
18097355400,NA,2027,25.515138750201185
18097355400,NA,2028,26.421270376476542
18097355500,NA,2024,16.44155017772262
18097355500,NA,2025,17.813042656758114
18097355500,NA,2026,19.192361464829755
18097355500,NA,2027,20.57385102780207
18097355500,NA,2028,21.955942683635172
18097355600,NA,2024,19.312837109447248
18097355600,NA,2025,20.94972938147598
18097355600,NA,2026,22.611908487863815
18097355600,NA,2027,24.288118003880392
18097355600,NA,2028,25.97211229799748
18097355700,NA,2024,4.847085750085882
18097355700,NA,2025,4.7351643790220646
18097355700,NA,2026,4.770563136574169
18097355700,NA,2027,4.730313842411409
18097355700,NA,2028,4.728909394380803
18097355900,NA,2024,65.015298834644625
18097355900,NA,2025,69.10724806968406
18097355900,NA,2026,73.2213008915372
18097355900,NA,2027,77.33669188788883
18097355900,NA,2028,81.45216389873843
18097356200,NA,2024,35.21988466826623
18097356200,NA,2025,35.59242378743998
18097356200,NA,2026,36.23326436645033
18097356200,NA,2027,36.797209771710165
18097356200,NA,2028,37.38319332670547
18097356400,NA,2024,37.11711527061084
18097356400,NA,2025,40.47381236790391
18097356400,NA,2026,43.55845215810976
18097356400,NA,2027,46.53892641824855
18097356400,NA,2028,49.47951769281227
18097356900,NA,2024,41.48135644570436
18097356900,NA,2025,45.42913345825263
18097356900,NA,2026,49.44400563850114
18097356900,NA,2027,53.46949099950985
18097356900,NA,2028,57.49665516407044
18097357000,NA,2024,43.7339343706434
18097357000,NA,2025,47.817336324772384
18097357000,NA,2026,51.88721677161337
18097357000,NA,2027,55.955871973442704
18097357000,NA,2028,60.024416150272636
18097357100,NA,2024,54.74954124437859
18097357100,NA,2025,59.04878418992656
18097357100,NA,2026,63.37182171580285
18097357100,NA,2027,67.69311621943724
18097357100,NA,2028,72.01453840452236
18097357200,NA,2024,42.654643912075436
18097357200,NA,2025,47.52167666174971
18097357200,NA,2026,51.97831936512798
18097357200,NA,2027,56.19415813002054
18097357200,NA,2028,60.26870073699311
18097357300,NA,2024,11.141798635925666
18097357300,NA,2025,9.42045941810116
18097357300,NA,2026,12.019822764040558
18097357300,NA,2027,11.544131118626119
18097357300,NA,2028,13.2569639227199
18097357400,NA,2024,6.926524111553427
18097357400,NA,2025,6.864312789382846
18097357400,NA,2026,6.7980416724940085
18097357400,NA,2027,6.731492263402964
18097357400,NA,2028,6.664923777842494
18097357500,NA,2024,23.410310523566928
18097357500,NA,2025,23.947647496673113
18097357500,NA,2026,24.57113700934495
18097357500,NA,2027,25.177623046981857
18097357500,NA,2028,25.787464971336917
18097357600,NA,2024,6.625261156659186
18097357600,NA,2025,6.620689944096441
18097357600,NA,2026,6.624883140480482
18097357600,NA,2027,6.625184527359793
18097357600,NA,2028,6.627214060576533
18097357800,NA,2024,32.635150088870105
18097357800,NA,2025,34.3712686428536
18097357800,NA,2026,36.09239383734964
18097357800,NA,2027,37.81791744110522
18097357800,NA,2028,39.54215074004083
18097357900,NA,2024,31.86494327262139
18097357900,NA,2025,33.3129699241987
18097357900,NA,2026,34.760958568457006
18097357900,NA,2027,36.208946961276936
18097357900,NA,2028,37.65693535243347
18097358000,NA,2024,26.789035802047373
18097358000,NA,2025,28.99870569666972
18097358000,NA,2026,31.161340743493028
18097358000,NA,2027,33.3312316943699
18097358000,NA,2028,35.50000330190671
18097358100,NA,2024,17.866036747280337
18097358100,NA,2025,18.468608249748062
18097358100,NA,2026,19.032754940754707
18097358100,NA,2027,19.60685760951858
18097358100,NA,2028,20.17838065617545
18097360101,NA,2024,10.706593750729775
18097360101,NA,2025,11.339675172788963
18097360101,NA,2026,11.974923436445465
18097360101,NA,2027,12.610243610125274
18097360101,NA,2028,13.24556617025154
18097360102,NA,2024,7.365685279340909
18097360102,NA,2025,7.025852008009332
18097360102,NA,2026,6.683860962567226
18097360102,NA,2027,6.34173637025262
18097360102,NA,2028,5.999603512583884
18097360201,NA,2024,10.217807034518696
18097360201,NA,2025,10.334018975473452
18097360201,NA,2026,10.446108201708213
18097360201,NA,2027,10.558877647692372
18097360201,NA,2028,10.671534862067288
18097360202,NA,2024,6.226233158429915
18097360202,NA,2025,5.150085166741789
18097360202,NA,2026,3.9034953035974844
18097360202,NA,2027,2.726575625221521
18097360202,NA,2028,1.521177412761272
18097360301,NA,2024,11.920057492488437
18097360301,NA,2025,11.611657558771556
18097360301,NA,2026,11.308813487591525
18097360301,NA,2027,11.005174702816632
18097360301,NA,2028,10.701649594305987
18097360302,NA,2024,6.6373939914515825
18097360302,NA,2025,6.87580831846278
18097360302,NA,2026,7.143499448617259
18097360302,NA,2027,7.416887913983372
18097360302,NA,2028,7.691385094271497
18097360401,NA,2024,18.583499758870722
18097360401,NA,2025,19.62007719926006
18097360401,NA,2026,20.68230387265648
18097360401,NA,2027,21.74074330404157
18097360401,NA,2028,22.79974194131201
18097360402,NA,2024,13.083781881848845
18097360402,NA,2025,13.55194373794654
18097360402,NA,2026,14.027327177562384
18097360402,NA,2027,14.501814435895797
18097360402,NA,2028,14.97641290818789
18097360405,NA,2024,34.161534026316716
18097360405,NA,2025,35.373267957242106
18097360405,NA,2026,36.65010425054277
18097360405,NA,2027,37.91723251657389
18097360405,NA,2028,39.18580843811286
18097360407,NA,2024,12.716093023407723
18097360407,NA,2025,14.270644061371302
18097360407,NA,2026,15.815442635210289
18097360407,NA,2027,17.367342859169373
18097360407,NA,2028,18.91407173014689
18097360501,NA,2024,21.18614240658195
18097360501,NA,2025,20.817690039008873
18097360501,NA,2026,21.759925055797357
18097360501,NA,2027,22.205288997436988
18097360501,NA,2028,22.8390127785511
18097360502,NA,2024,26.513201226917218
18097360502,NA,2025,28.24558952064212
18097360502,NA,2026,29.990577296960367
18097360502,NA,2027,31.733824363408758
18097360502,NA,2028,33.47731192154627
18097360601,NA,2024,25.877885613785022
18097360601,NA,2025,26.611925572056784
18097360601,NA,2026,27.336461541586594
18097360601,NA,2027,28.06192524328026
18097360601,NA,2028,28.78729838436919
18097360602,NA,2024,15.922597205181022
18097360602,NA,2025,15.818445819555759
18097360602,NA,2026,15.602452390920824
18097360602,NA,2027,15.331305817034615
18097360602,NA,2028,15.032961336625494
18097360700,NA,2024,45.353329528854026
18097360700,NA,2025,45.87503975111034
18097360700,NA,2026,46.39403064453772
18097360700,NA,2027,46.91319770325526
18097360700,NA,2028,47.432353349520895
18097360800,NA,2024,20.54410512228724
18097360800,NA,2025,21.881157258676943
18097360800,NA,2026,22.901917046948775
18097360800,NA,2027,24.072276576668074
18097360800,NA,2028,25.171878521594934
18097360900,NA,2024,25.54835859037196
18097360900,NA,2025,23.744531325748206
18097360900,NA,2026,26.108143402967393
18097360900,NA,2027,25.140549503157622
18097360900,NA,2028,26.835725796539464
18097361000,NA,2024,65.54204115797204
18097361000,NA,2025,66.25453886517582
18097361000,NA,2026,67.65007947282906
18097361000,NA,2027,68.7320905978923
18097361000,NA,2028,69.95801762690311
18097361100,NA,2024,49.17393464166913
18097361100,NA,2025,49.920861165698696
18097361100,NA,2026,50.76292579365898
18097361100,NA,2027,51.62681694990745
18097361100,NA,2028,52.49571553553943
18097361200,NA,2024,38.56256112298837
18097361200,NA,2025,40.423379772846125
18097361200,NA,2026,42.43079604129826
18097361200,NA,2027,44.40579405270486
18097361200,NA,2028,46.387960962214635
18097361300,NA,2024,12.293230730289224
18097361300,NA,2025,12.880458554565065
18097361300,NA,2026,13.296736616958867
18097361300,NA,2027,13.76891399063759
18097361300,NA,2028,14.22281270181496
18097361400,NA,2024,21.84296523465845
18097361400,NA,2025,22.189100804045722
18097361400,NA,2026,22.54704288179086
18097361400,NA,2027,22.8994179106107
18097361400,NA,2028,23.25441793513607
18097361401,NA,2024,25.31630592557545
18097361401,NA,2025,23.814406010596
18097361401,NA,2026,23.406277054883287
18097361401,NA,2027,22.595219765340794
18097361401,NA,2028,21.932595052863324
18097361402,NA,2024,15.309897369678431
18097361402,NA,2025,17.884324776713235
18097361402,NA,2026,16.61990332421193
18097361402,NA,2027,19.15529397743328
18097361402,NA,2028,17.929512319082765
18097361600,NA,2024,32.049694760095825
18097361600,NA,2025,32.13857770213274
18097361600,NA,2026,32.209431050671874
18097361600,NA,2027,32.28904376668064
18097361600,NA,2028,32.36440089487055
18097361601,NA,2024,36.15920858059168
18097361601,NA,2025,36.20644978629721
18097361601,NA,2026,36.18601712226639
18097361601,NA,2027,36.17670886828801
18097361601,NA,2028,36.16557195430398
18097361602,NA,2024,44.973313785240045
18097361602,NA,2025,55.68688011336293
18097361602,NA,2026,47.70519982531519
18097361602,NA,2027,57.98895510844973
18097361602,NA,2028,50.42720434105493
18097370201,NA,2024,6.610427975914366
18097370201,NA,2025,6.2794849666456205
18097370201,NA,2026,5.639577708810057
18097370201,NA,2027,5.099798755548602
18097370201,NA,2028,4.527570490033736
18097370202,NA,2024,11.030185551493997
18097370202,NA,2025,11.242282020660916
18097370202,NA,2026,11.45437851944915
18097370202,NA,2027,11.66647501994634
18097370202,NA,2028,11.878571520542128
18097370203,NA,2024,31.06531648925046
18097370203,NA,2025,31.82015806327624
18097370203,NA,2026,36.0472351039645
18097370203,NA,2027,36.93356981617224
18097370203,NA,2028,41.034133347956264
18097370204,NA,2024,7.421617130368666
18097370204,NA,2025,9.921775664944496
18097370204,NA,2026,8.519801256829446
18097370204,NA,2027,10.614769944742605
18097370204,NA,2028,9.575911262738787
18097370301,NA,2024,22.42183838331083
18097370301,NA,2025,22.481359490433285
18097370301,NA,2026,23.344863561574762
18097370301,NA,2027,23.466003509980364
18097370301,NA,2028,24.272611329459366
18097370302,NA,2024,18.659081794605065
18097370302,NA,2025,16.62633321593697
18097370302,NA,2026,18.8810846199229
18097370302,NA,2027,17.159797989219552
18097370302,NA,2028,19.125713345047718
18097370303,NA,2024,19.747095330276192
18097370303,NA,2025,20.10949908610973
18097370303,NA,2026,19.481497855176478
18097370303,NA,2027,19.210493849073977
18097370303,NA,2028,18.810808121615334
18097370304,NA,2024,33.98736566290515
18097370304,NA,2025,25.70721200082177
18097370304,NA,2026,30.375540509910607
18097370304,NA,2027,23.220326896690963
18097370304,NA,2028,26.861448056147402
18097370306,NA,2024,25.727692001102486
18097370306,NA,2025,27.73143990741436
18097370306,NA,2026,30.150581140009884
18097370306,NA,2027,32.2086160995086
18097370306,NA,2028,34.580564962334755
18097380100,NA,2024,28.251620418606436
18097380100,NA,2025,27.21629479639135
18097380100,NA,2026,26.346835538774155
18097380100,NA,2027,25.364439871454298
18097380100,NA,2028,24.458941245119505
18097380101,NA,2024,35.29827163370254
18097380101,NA,2025,35.651903338963606
18097380101,NA,2026,35.51531597663823
18097380101,NA,2027,35.61467973641365
18097380101,NA,2028,35.60047604093946
18097380103,NA,2024,35.45953019831061
18097380103,NA,2025,35.79552863204293
18097380103,NA,2026,34.13468663085885
18097380103,NA,2027,33.459949758955226
18097380103,NA,2028,32.29824191581626
18097380200,NA,2024,25.020445823168274
18097380200,NA,2025,26.711581405030994
18097380200,NA,2026,28.26246493023691
18097380200,NA,2027,29.889918698747916
18097380200,NA,2028,31.475569143303773
18097380300,NA,2024,9.876070725705173
18097380300,NA,2025,10.22068499365751
18097380300,NA,2026,10.565303723070024
18097380300,NA,2027,10.90992153159126
18097380300,NA,2028,11.25453953019393
18097380402,NA,2024,22.725074657076085
18097380402,NA,2025,24.618069861862455
18097380402,NA,2026,25.91973899694727
18097380402,NA,2027,27.48979902281451
18097380402,NA,2028,28.938041875474184
18097380403,NA,2024,17.24504715100703
18097380403,NA,2025,17.662545143530412
18097380403,NA,2026,18.148067301585602
18097380403,NA,2027,18.604827553705356
18097380403,NA,2028,19.07374888456193
18097380404,NA,2024,20.299797708350674
18097380404,NA,2025,20.50897799327639
18097380404,NA,2026,20.761581666714303
18097380404,NA,2027,21.002576755280234
18097380404,NA,2028,21.246675223092865
18097380501,NA,2024,14.63106087621256
18097380501,NA,2025,15.257816437936107
18097380501,NA,2026,14.427306366671733
18097380501,NA,2027,14.39097337361832
18097380501,NA,2028,13.9218316892198
18097380502,NA,2024,19.87634864534401
18097380502,NA,2025,19.982857853320837
18097380502,NA,2026,21.165565194061372
18097380502,NA,2027,21.815242906946867
18097380502,NA,2028,22.72892459412068
18097380600,NA,2024,17.59419178842254
18097380600,NA,2025,17.86017291039913
18097380600,NA,2026,17.818497547659863
18097380600,NA,2027,17.866079932708914
18097380600,NA,2028,17.887766729866815
18097380700,NA,2024,30.407151639528166
18097380700,NA,2025,29.5894297635839
18097380700,NA,2026,33.08689107088257
18097380700,NA,2027,33.94520602113275
18097380700,NA,2028,36.417610848487044
18097380901,NA,2024,31.54006165565972
18097380901,NA,2025,32.52065670640907
18097380901,NA,2026,33.26650745322458
18097380901,NA,2027,33.928325168679116
18097380901,NA,2028,34.56006100252301
18097380902,NA,2024,35.921907579159935
18097380902,NA,2025,34.64255080078253
18097380902,NA,2026,33.89599803435455
18097380902,NA,2027,33.43665970868896
18097380902,NA,2028,33.13214779786327
18097381001,NA,2024,16.27311034452334
18097381001,NA,2025,16.781109318841523
18097381001,NA,2026,15.858157887626039
18097381001,NA,2027,16.18773924151845
18097381001,NA,2028,15.420959483451115
18097381002,NA,2024,47.800293309780486
18097381002,NA,2025,49.71102624413112
18097381002,NA,2026,51.648675284525865
18097381002,NA,2027,53.58392478442253
18097381002,NA,2028,55.51938820064842
18097381003,NA,2024,15.23107822914104
18097381003,NA,2025,14.55375965572685
18097381003,NA,2026,11.983412442430485
18097381003,NA,2027,11.091789291858305
18097381003,NA,2028,8.711485822670028
18097381004,NA,2024,20.316616436097146
18097381004,NA,2025,26.680083563329937
18097381004,NA,2026,23.79001531534692
18097381004,NA,2027,29.354446263007
18097381004,NA,2028,27.194417990402545
18097381101,NA,2024,31.107245396876024
18097381101,NA,2025,29.188614568562098
18097381101,NA,2026,27.9153800141398
18097381101,NA,2027,26.97980114242226
18097381101,NA,2028,26.220875537348707
18097381102,NA,2024,21.349517092190233
18097381102,NA,2025,20.397786453224946
18097381102,NA,2026,19.437830552450862
18097381102,NA,2027,18.478284577321244
18097381102,NA,2028,17.518718172564228
18097381201,NA,2024,36.07993609552194
18097381201,NA,2025,36.7079015168185
18097381201,NA,2026,36.389250973002866
18097381201,NA,2027,36.78450564681157
18097381201,NA,2028,36.641357548498384
18097381203,NA,2024,10.447192249249376
18097381203,NA,2025,10.099346774070035
18097381203,NA,2026,9.766295316706827
18097381203,NA,2027,9.431379921284321
18097381203,NA,2028,9.096699368426702
18097381204,NA,2024,18.044955796874966
18097381204,NA,2025,14.944607485814284
18097381204,NA,2026,15.495531050458014
18097381204,NA,2027,13.718250200481144
18097381204,NA,2028,13.425530342066455
18097381205,NA,2024,26.33589676499134
18097381205,NA,2025,28.783695548940468
18097381205,NA,2026,30.59409384248575
18097381205,NA,2027,31.978544928441575
18097381205,NA,2028,33.078353899455976
18097381206,NA,2024,35.674696978506944
18097381206,NA,2025,35.68734356735343
18097381206,NA,2026,35.67369024077922
18097381206,NA,2027,35.662734058340554
18097381206,NA,2028,35.651501274765664
18097381207,NA,2024,37.63837110742698
18097381207,NA,2025,38.611878044339164
18097381207,NA,2026,38.04967160214135
18097381207,NA,2027,38.867465795647846
18097381207,NA,2028,38.44518369598044
18097390101,NA,2024,26.35323388595248
18097390101,NA,2025,26.3486475495066
18097390101,NA,2026,25.06897985789137
18097390101,NA,2027,24.8900992541713
18097390101,NA,2028,23.760901082113982
18097390102,NA,2024,18.45638091749631
18097390102,NA,2025,18.509852072731906
18097390102,NA,2026,18.570150244677453
18097390102,NA,2027,18.62949681521766
18097390102,NA,2028,18.688976027184292
18097390103,NA,2024,35.66038069640408
18097390103,NA,2025,38.39685171934903
18097390103,NA,2026,37.80792702503172
18097390103,NA,2027,39.41265143653408
18097390103,NA,2028,39.57030103090003
18097390104,NA,2024,38.81821229183413
18097390104,NA,2025,39.74871230352816
18097390104,NA,2026,43.09927415744846
18097390104,NA,2027,44.44573999865059
18097390104,NA,2028,47.451833192390986
18097390200,NA,2024,34.34377574044912
18097390200,NA,2025,35.007774534422204
18097390200,NA,2026,35.439136588956146
18097390200,NA,2027,35.923608441448586
18097390200,NA,2028,36.395955594093564
18097390300,NA,2024,37.6625882693247
18097390300,NA,2025,38.777418783733275
18097390300,NA,2026,39.88384975986258
18097390300,NA,2027,40.990782153514324
18097390300,NA,2028,42.09768461462413
18097390402,NA,2024,46.4687531992354
18097390402,NA,2025,47.304469973813475
18097390402,NA,2026,48.14015733541047
18097390402,NA,2027,48.97583963474227
18097390402,NA,2028,49.811521062808126
18097390403,NA,2024,40.31718123165988
18097390403,NA,2025,40.94401203628654
18097390403,NA,2026,39.656331885144894
18097390403,NA,2027,39.93983950512749
18097390403,NA,2028,38.933915479554585
18097390404,NA,2024,37.612480013244465
18097390404,NA,2025,39.16318825672239
18097390404,NA,2026,40.846672599480186
18097390404,NA,2027,42.42566811485619
18097390404,NA,2028,44.08689164496404
18097390405,NA,2024,50.08274504187884
18097390405,NA,2025,45.674825401047
18097390405,NA,2026,50.06372005172138
18097390405,NA,2027,48.2759211599671
18097390405,NA,2028,50.82509493272811
18097390406,NA,2024,47.24727533815444
18097390406,NA,2025,47.611047680058505
18097390406,NA,2026,48.610422796963
18097390406,NA,2027,49.345340571843636
18097390406,NA,2028,50.19029198487236
18097390407,NA,2024,55.90250443272372
18097390407,NA,2025,58.63125192600911
18097390407,NA,2026,56.12609745538661
18097390407,NA,2027,58.665912196418205
18097390407,NA,2028,56.34287040669159
18097390408,NA,2024,42.74820854512768
18097390408,NA,2025,42.921603645739125
18097390408,NA,2026,43.02756094275903
18097390408,NA,2027,43.144344808127464
18097390408,NA,2028,43.25939055961965
18097390409,NA,2024,44.01433464623106
18097390409,NA,2025,41.35939232549666
18097390409,NA,2026,39.98089174314029
18097390409,NA,2027,37.44484779886272
18097390409,NA,2028,35.95852402154746
18097390410,NA,2024,42.195183493339165
18097390410,NA,2025,45.111441095896275
18097390410,NA,2026,39.46179694677407
18097390410,NA,2027,42.28497346826302
18097390410,NA,2028,36.727398937796266
18097390500,NA,2024,12.716589952224837
18097390500,NA,2025,12.95773919503808
18097390500,NA,2026,13.201201838958639
18097390500,NA,2027,13.444405734422237
18097390500,NA,2028,13.687638570290405
18097390600,NA,2024,57.5765888701171
18097390600,NA,2025,60.84329975343539
18097390600,NA,2026,63.82430410024669
18097390600,NA,2027,66.99827199154203
18097390600,NA,2028,70.0419140948625
18097390601,NA,2024,77.63534580776634
18097390601,NA,2025,82.25155297556012
18097390601,NA,2026,80.91683019468732
18097390601,NA,2027,84.87017246914549
18097390601,NA,2028,84.1244790852057
18097390602,NA,2024,58.12596453463234
18097390602,NA,2025,61.0265754193081
18097390602,NA,2026,63.92645494599514
18097390602,NA,2027,66.82634263283538
18097390602,NA,2028,69.7262302286284
18097390700,NA,2024,11.879740725170787
18097390700,NA,2025,11.795849925919107
18097390700,NA,2026,12.179493599469295
18097390700,NA,2027,12.399221503347011
18097390700,NA,2028,12.676417639216904
18097390800,NA,2024,11.968042273078414
18097390800,NA,2025,11.889854838026444
18097390800,NA,2026,11.811658221549497
18097390800,NA,2027,11.733463476165417
18097390800,NA,2028,11.655268349469228
18097390802,NA,2024,21.38512407364914
18097390802,NA,2025,23.897511462737576
18097390802,NA,2026,26.288724769728766
18097390802,NA,2027,28.70023373995595
18097390802,NA,2028,31.10834335333174
18097390900,NA,2024,79.20755263222622
18097390900,NA,2025,81.43549131997177
18097390900,NA,2026,83.46237637801885
18097390900,NA,2027,85.42945598554383
18097390900,NA,2028,87.37874585250297
18097391000,NA,2024,85.93990598995674
18097391000,NA,2025,87.93079721572575
18097391000,NA,2026,89.92234715914454
18097391000,NA,2027,91.9140767881878
18097391000,NA,2028,93.90585543204594
18097391001,NA,2024,59.421069260380946
18097391001,NA,2025,52.607372579118234
18097391001,NA,2026,45.84552403039466
18097391001,NA,2027,39.07976059008543
18097391001,NA,2028,32.314292751090576
