GEOID,NAME,year,housing_pressure_forecast
18097310103,NA,2024,4.192234353411609
18097310103,NA,2025,3.996915356275369
18097310103,NA,2026,3.9593375472065553
18097310103,NA,2027,3.798984598309185
18097310103,NA,2028,3.743344162242367
18097310104,NA,2024,24.282486230156678
18097310104,NA,2025,28.62096401046922
18097310104,NA,2026,31.71883272440452
18097310104,NA,2027,34.282251515581294
18097310104,NA,2028,36.677267012971605
18097310105,NA,2024,33.56544236931657
18097310105,NA,2025,36.68156600595955
18097310105,NA,2026,40.087142082148524
18097310105,NA,2027,43.80889880843557
18097310105,NA,2028,47.87618961204926
18097310106,NA,2024,30.967637801210874
18097310106,NA,2025,30.409029937372694
18097310106,NA,2026,29.676156397033985
18097310106,NA,2027,29.010555299132957
18097310106,NA,2028,28.34647075751052
18097310108,NA,2024,6.529860170160466
18097310108,NA,2025,6.702088511151519
18097310108,NA,2026,6.878200529000753
18097310108,NA,2027,7.058905595650588
18097310108,NA,2028,7.2443563463937375
18097310110,NA,2024,17.64636380891112
18097310110,NA,2025,17.456281649022678
18097310110,NA,2026,17.29377730431385
18097310110,NA,2027,17.13075371840273
18097310110,NA,2028,16.969428507353886
18097310111,NA,2024,20.47284818123839
18097310111,NA,2025,19.907958843010512
18097310111,NA,2026,19.40510401128897
18097310111,NA,2027,18.92240136021056
18097310111,NA,2028,18.45290015622987
18097310112,NA,2024,1.370540958764872
18097310112,NA,2025,1.1532661959368034
18097310112,NA,2026,0.97041575788928
18097310112,NA,2027,0.8165564571170133
18097310112,NA,2028,0.6870915281373218
18097310201,NA,2024,18.054328042432548
18097310201,NA,2025,17.556694278415247
18097310201,NA,2026,17.009163231958695
18097310201,NA,2027,16.470460272381025
18097310201,NA,2028,15.947748051729386
18097310203,NA,2024,30.22820557727415
18097310203,NA,2025,30.167812318873153
18097310203,NA,2026,30.17563815458499
18097310203,NA,2027,30.21092314657925
18097310203,NA,2028,30.257319633336742
18097310204,NA,2024,22.611809856553943
18097310204,NA,2025,21.785384764738776
18097310204,NA,2026,21.87274219880285
18097310204,NA,2027,21.531862718038965
18097310204,NA,2028,21.396920151660154
18097310305,NA,2024,27.81154978699983
18097310305,NA,2025,27.8675007629113
18097310305,NA,2026,27.793872436135086
18097310305,NA,2027,27.688754270517563
18097310305,NA,2028,27.576284929870823
18097310306,NA,2024,24.020078666908525
18097310306,NA,2025,23.791065436506454
18097310306,NA,2026,23.255009580380978
18097310306,NA,2027,22.574827069776784
18097310306,NA,2028,21.83579697439906
18097310308,NA,2024,5.889883398000404
18097310308,NA,2025,5.648008688699212
18097310308,NA,2026,4.511294347620559
18097310308,NA,2027,4.105399666896782
18097310308,NA,2028,3.4039623941860215
18097310309,NA,2024,19.887613212225748
18097310309,NA,2025,18.461439159721646
18097310309,NA,2026,17.15785867290092
18097310309,NA,2027,15.947795257321648
18097310309,NA,2028,14.823178231404782
18097310310,NA,2024,17.103339888238402
18097310310,NA,2025,17.322520990104195
18097310310,NA,2026,18.16846893576726
18097310310,NA,2027,18.674490490495085
18097310310,NA,2028,19.420247665745517
18097310311,NA,2024,0.5896202120950054
18097310311,NA,2025,0.414093986636205
18097310311,NA,2026,0.31737203055210667
18097310311,NA,2027,0.2533722069150921
18097310311,NA,2028,0.20616994195655386
18097310312,NA,2024,37.190649588993026
18097310312,NA,2025,35.020657464787824
18097310312,NA,2026,36.36917020318152
18097310312,NA,2027,35.925972948863965
18097310312,NA,2028,36.40770414205318
18097320105,NA,2024,11.06790652265833
18097320105,NA,2025,9.802562531219426
18097320105,NA,2026,8.910052584245038
18097320105,NA,2027,8.218704587972859
18097320105,NA,2028,7.644377502560101
18097320106,NA,2024,22.52805232744807
18097320106,NA,2025,22.820626017137474
18097320106,NA,2026,23.19170465547668
18097320106,NA,2027,23.559035142693286
18097320106,NA,2028,23.93346207365055
18097320107,NA,2024,2.2294178037239782
18097320107,NA,2025,1.851007969152883
18097320107,NA,2026,1.8280102434781969
18097320107,NA,2027,1.6410293218591603
18097320107,NA,2028,1.5525139236021206
18097320108,NA,2024,46.880664018554015
18097320108,NA,2025,46.06727241971649
18097320108,NA,2026,45.48409549446422
18097320108,NA,2027,44.85151823967216
18097320108,NA,2028,44.24260711225808
18097320109,NA,2024,0.6892961399168737
18097320109,NA,2025,0.5298794058252259
18097320109,NA,2026,0.4073317235630454
18097320109,NA,2027,0.3131262155064159
18097320109,NA,2028,0.24070805480043808
18097320202,NA,2024,24.19481406895126
18097320202,NA,2025,26.959155966716683
18097320202,NA,2026,29.78683048471213
18097320202,NA,2027,32.80894238100153
18097320202,NA,2028,36.09632460757574
18097320203,NA,2024,39.23352302840242
18097320203,NA,2025,37.46767521895516
18097320203,NA,2026,39.12110211248902
18097320203,NA,2027,38.375918721557085
18097320203,NA,2028,39.32474230068334
18097320204,NA,2024,26.653226631980395
18097320204,NA,2025,25.254739300450705
18097320204,NA,2026,24.085189603795502
18097320204,NA,2027,22.86684546518638
18097320204,NA,2028,21.777852889432477
18097320205,NA,2024,21.747515588504935
18097320205,NA,2025,18.573676152088137
18097320205,NA,2026,16.572361918489783
18097320205,NA,2027,14.453022560397955
18097320205,NA,2028,12.755709589198464
18097320206,NA,2024,40.22596274812674
18097320206,NA,2025,40.23430910821601
18097320206,NA,2026,40.24248596983931
18097320206,NA,2027,40.25066560863775
18097320206,NA,2028,40.25884690275408
18097320301,NA,2024,7.075675088175669
18097320301,NA,2025,7.18447090249131
18097320301,NA,2026,7.056953792284573
18097320301,NA,2027,7.009728076992711
18097320301,NA,2028,6.936563527323052
18097320303,NA,2024,45.710247255575354
18097320303,NA,2025,48.0300093972919
18097320303,NA,2026,50.495863446356836
18097320303,NA,2027,53.08665329014527
18097320303,NA,2028,55.810465925903614
18097320304,NA,2024,12.39525748087983
18097320304,NA,2025,11.520084193639985
18097320304,NA,2026,11.715318362054989
18097320304,NA,2027,11.051906305116562
18097320304,NA,2028,11.100118125517742
18097320305,NA,2024,4.275279465372372
18097320305,NA,2025,4.015426909512117
18097320305,NA,2026,3.77132404346727
18097320305,NA,2027,3.5420607041357144
18097320305,NA,2028,3.3267345588901183
18097320306,NA,2024,23.64524725870211
18097320306,NA,2025,24.871921863630767
18097320306,NA,2026,26.15852876084345
18097320306,NA,2027,27.511794769503695
18097320306,NA,2028,28.935066731830236
18097320400,NA,2024,25.427320638412226
18097320400,NA,2025,25.498537719245633
18097320400,NA,2026,25.486237193888538
18097320400,NA,2027,25.484140725712777
18097320400,NA,2028,25.480799622992492
18097320500,NA,2024,32.18043473969943
18097320500,NA,2025,33.74139334730155
18097320500,NA,2026,35.380933072934035
18097320500,NA,2027,37.10022494349839
18097320500,NA,2028,38.903066141070106
18097320600,NA,2024,8.741595832213118
18097320600,NA,2025,8.29055259209278
18097320600,NA,2026,7.75206128576329
18097320600,NA,2027,7.27832928113027
18097320600,NA,2028,6.8254504466586425
18097320700,NA,2024,16.95476050155221
18097320700,NA,2025,17.489741705423942
18097320700,NA,2026,17.72619094055606
18097320700,NA,2027,17.82035161178238
18097320700,NA,2028,17.847985897237795
18097320800,NA,2024,1.2693080151183744
18097320800,NA,2025,1.3347245139964894
18097320800,NA,2026,1.3948941473986864
18097320800,NA,2027,1.458735362612856
18097320800,NA,2028,1.5253913120223566
18097320901,NA,2024,18.80002522407181
18097320901,NA,2025,18.575446050302435
18097320901,NA,2026,19.01142293102165
18097320901,NA,2027,19.212433489363086
18097320901,NA,2028,19.50443804632637
18097320902,NA,2024,36.702212413974564
18097320902,NA,2025,36.155065676487496
18097320902,NA,2026,35.72775105403999
18097320902,NA,2027,35.34505931888817
18097320902,NA,2028,34.980485911222424
18097320903,NA,2024,37.38832741212661
18097320903,NA,2025,37.48467195828645
18097320903,NA,2026,37.590418445012794
18097320903,NA,2027,37.69606118557973
18097320903,NA,2028,37.80201847842517
18097321001,NA,2024,9.343826983800657
18097321001,NA,2025,9.476628312546795
18097321001,NA,2026,9.763422487999094
18097321001,NA,2027,10.022557778924618
18097321001,NA,2028,10.297156810681397
18097321002,NA,2024,9.520443322178131
18097321002,NA,2025,9.094196055957736
18097321002,NA,2026,8.696019574796747
18097321002,NA,2027,8.31465274120241
18097321002,NA,2028,7.950054170833365
18097321100,NA,2024,7.791903946595768
18097321100,NA,2025,7.006192298795099
18097321100,NA,2026,6.940680943723099
18097321100,NA,2027,6.583484681521293
18097321100,NA,2028,6.367483526809673
18097321200,NA,2024,7.819789937435519
18097321200,NA,2025,8.633753465413106
18097321200,NA,2026,9.553887944139662
18097321200,NA,2027,10.575309765004434
18097321200,NA,2028,11.706418015962162
18097321300,NA,2024,9.365645298685836
18097321300,NA,2025,8.797128165009498
18097321300,NA,2026,8.354122318397216
18097321300,NA,2027,7.921211640512452
18097321300,NA,2028,7.51236238790117
18097321400,NA,2024,14.101817854653163
18097321400,NA,2025,14.595797985515661
18097321400,NA,2026,15.148082282616908
18097321400,NA,2027,15.713188812099526
18097321400,NA,2028,16.30096455853129
18097321600,NA,2024,25.340568055192676
18097321600,NA,2025,25.016882675345578
18097321600,NA,2026,24.597158439172446
18097321600,NA,2027,24.204029238912888
18097321600,NA,2028,23.813356156774308
18097321700,NA,2024,25.177617307669472
18097321700,NA,2025,27.262792665070815
18097321700,NA,2026,29.869550726154735
18097321700,NA,2027,32.633377630515405
18097321700,NA,2028,35.67709274896793
18097321800,NA,2024,9.741577836210524
18097321800,NA,2025,10.10381522667261
18097321800,NA,2026,10.478426151500889
18097321800,NA,2027,10.866879709195826
18097321800,NA,2028,11.26973194505927
18097321900,NA,2024,14.248836724954371
18097321900,NA,2025,14.689129233643534
18097321900,NA,2026,15.148451248876396
18097321900,NA,2027,15.621257424031663
18097321900,NA,2028,16.108962880862336
18097322000,NA,2024,16.474071692502594
18097322000,NA,2025,16.744668382089603
18097322000,NA,2026,18.599822914752156
18097322000,NA,2027,17.37005421314113
18097322000,NA,2028,15.666833486825603
18097322100,NA,2024,3.422529942697821
18097322100,NA,2025,2.813951692663139
18097322100,NA,2026,2.3238287332230803
18097322100,NA,2027,1.9202187401319974
18097322100,NA,2028,1.5868369034872267
18097322200,NA,2024,6.705710624878564
18097322200,NA,2025,6.076099155399176
18097322200,NA,2026,5.526678705375866
18097322200,NA,2027,5.022658076138863
18097322200,NA,2028,4.565470071264046
18097322300,NA,2024,2.4086910878299657
18097322300,NA,2025,2.077639609461497
18097322300,NA,2026,1.8254608288306984
18097322300,NA,2027,1.6160611933116205
18097322300,NA,2028,1.4351196576586227
18097322400,NA,2024,24.962817315031035
18097322400,NA,2025,25.977111019363218
18097322400,NA,2026,26.750786180644674
18097322400,NA,2027,27.6208339539374
18097322400,NA,2028,28.49995448957873
18097322500,NA,2024,40.974268281416514
18097322500,NA,2025,41.1351363367414
18097322500,NA,2026,41.32360450700787
18097322500,NA,2027,41.52054180192688
18097322500,NA,2028,41.72056232124037
18097322600,NA,2024,17.5687747542363
18097322600,NA,2025,15.715345135077245
18097322600,NA,2026,14.057444378394951
18097322600,NA,2027,12.574444965554619
18097322600,NA,2028,11.24789555904078
18097322601,NA,2024,37.99534039068283
18097322601,NA,2025,43.266484144820346
18097322601,NA,2026,38.65502332123602
18097322601,NA,2027,43.54972484190975
18097322601,NA,2028,39.30764744698717
18097322602,NA,2024,22.764708912475875
18097322602,NA,2025,21.16117246464516
18097322602,NA,2026,23.043750869756177
18097322602,NA,2027,21.573287610044588
18097322602,NA,2028,23.333653819926763
18097322700,NA,2024,3.9034422431878317
18097322700,NA,2025,3.2690472286275876
18097322700,NA,2026,2.667621671046183
18097322700,NA,2027,2.203238603967232
18097322700,NA,2028,1.8095388414415854
18097330103,NA,2024,15.113464029537239
18097330103,NA,2025,15.326509975483635
18097330103,NA,2026,15.593961461434704
18097330103,NA,2027,15.8615864106506
18097330103,NA,2028,16.134196445687564
18097330105,NA,2024,22.59758390690712
18097330105,NA,2025,22.54806502659765
18097330105,NA,2026,22.48912806421695
18097330105,NA,2027,22.431344327475948
18097330105,NA,2028,22.373604238114922
18097330106,NA,2024,38.529205592313275
18097330106,NA,2025,38.73214324612926
18097330106,NA,2026,38.10805836140415
18097330106,NA,2027,37.98737674136241
18097330106,NA,2028,37.567264589495245
18097330108,NA,2024,2.6172059726228847
18097330108,NA,2025,3.7584959857890823
18097330108,NA,2026,5.3977772675616444
18097330108,NA,2027,7.751966433978644
18097330108,NA,2028,11.132928962170132
18097330109,NA,2024,1.8639427304571383
18097330109,NA,2025,2.075567609667092
18097330109,NA,2026,2.329881990222025
18097330109,NA,2027,2.611951426923321
18097330109,NA,2028,2.928788067859604
18097330202,NA,2024,22.15697925281969
18097330202,NA,2025,21.493753455337963
18097330202,NA,2026,21.541591907141303
18097330202,NA,2027,21.11858891967478
18097330202,NA,2028,21.01500560665143
18097330203,NA,2024,2.234032685845866
18097330203,NA,2025,2.4752197751429335
18097330203,NA,2026,2.740178943119087
18097330203,NA,2027,3.0330066481504754
18097330203,NA,2028,3.3570195580744664
18097330204,NA,2024,0.6483599546439915
18097330204,NA,2025,0.5233408546494066
18097330204,NA,2026,0.42413798982988565
18097330204,NA,2027,0.34387071503706146
18097330204,NA,2028,0.2788038853665213
18097330206,NA,2024,1.3921963254353105
18097330206,NA,2025,1.2871048660879298
18097330206,NA,2026,1.223044704938809
18097330206,NA,2027,1.181634451854454
18097330206,NA,2028,1.1531606383111963
18097330208,NA,2024,8.651982116474603
18097330208,NA,2025,8.35273649752853
18097330208,NA,2026,8.060371845490547
18097330208,NA,2027,7.777747313164913
18097330208,NA,2028,7.50496241573498
18097330209,NA,2024,22.091650503884686
18097330209,NA,2025,26.27770420675104
18097330209,NA,2026,31.25963436482634
18097330209,NA,2027,37.18701152905537
18097330209,NA,2028,44.238649574940254
18097330210,NA,2024,9.986818628080433
18097330210,NA,2025,10.180888267945518
18097330210,NA,2026,9.785601370532547
18097330210,NA,2027,9.54315413956442
18097330210,NA,2028,9.27346570072256
18097330211,NA,2024,26.499207473058735
18097330211,NA,2025,23.869053265173815
18097330211,NA,2026,22.31179670507515
18097330211,NA,2027,20.64094455821495
18097330211,NA,2028,19.150715574534097
18097330212,NA,2024,4.649015219487835
18097330212,NA,2025,4.009599499029217
18097330212,NA,2026,3.3119976826851008
18097330212,NA,2027,2.7653569695644133
18097330212,NA,2028,2.302757619092819
18097330213,NA,2024,2.457756607376358
18097330213,NA,2025,2.0284467902932324
18097330213,NA,2026,1.6741268719213112
18097330213,NA,2027,1.3816979556480629
18097330213,NA,2028,1.140349200924701
18097330401,NA,2024,12.138811967142214
18097330401,NA,2025,11.021507039717822
18097330401,NA,2026,11.096233867254059
18097330401,NA,2027,10.574453782072576
18097330401,NA,2028,10.375759092670377
18097330500,NA,2024,11.264180693748104
18097330500,NA,2025,10.312008866161449
18097330500,NA,2026,9.420836967495264
18097330500,NA,2027,8.60949187987451
18097330500,NA,2028,7.8676157616327504
18097330600,NA,2024,39.91101879083041
18097330600,NA,2025,41.50240175107396
18097330600,NA,2026,43.95195208277597
18097330600,NA,2027,46.30351645706918
18097330600,NA,2028,48.85393277472624
18097330700,NA,2024,100
18097330700,NA,2025,100
18097330700,NA,2026,100
18097330700,NA,2027,100
18097330700,NA,2028,100
18097330701,NA,2024,33.620775945277856
18097330701,NA,2025,32.771584685416535
18097330701,NA,2026,31.94384224032969
18097330701,NA,2027,31.13700685732041
18097330701,NA,2028,30.350550467244375
18097330702,NA,2024,6.055013555025964
18097330702,NA,2025,4.483681707038602
18097330702,NA,2026,3.389339670795071
18097330702,NA,2027,2.553261090750315
18097330702,NA,2028,1.9245381281507397
18097330803,NA,2024,30.860231210677334
18097330803,NA,2025,29.384413681928216
18097330803,NA,2026,27.959332843543937
18097330803,NA,2027,26.601629929541055
18097330803,NA,2028,25.309705120185605
18097330804,NA,2024,24.820808414486027
18097330804,NA,2025,24.538544925599215
18097330804,NA,2026,22.59565725448778
18097330804,NA,2027,22.03262025929254
18097330804,NA,2028,20.514955156636947
18097330805,NA,2024,39.62114200920444
18097330805,NA,2025,49.41296252473314
18097330805,NA,2026,42.60765847048668
18097330805,NA,2027,48.87220861457705
18097330805,NA,2028,44.95816327546643
18097330806,NA,2024,34.433929306106776
18097330806,NA,2025,33.45086765115689
18097330806,NA,2026,33.02928719458548
18097330806,NA,2027,32.41733081542691
18097330806,NA,2028,31.887573192768905
18097330900,NA,2024,32.17020369109913
18097330900,NA,2025,31.424453833448858
18097330900,NA,2026,30.718627713441943
18097330900,NA,2027,30.0313935833338
18097330900,NA,2028,29.359865372896326
18097331000,NA,2024,40.33268100440291
18097331000,NA,2025,40.78095523239202
18097331000,NA,2026,41.412051956285964
18097331000,NA,2027,42.16870871679783
18097331000,NA,2028,43.01469654680074
18097340101,NA,2024,5.962079069954004
18097340101,NA,2025,5.805323883907025
18097340101,NA,2026,5.649088724111634
18097340101,NA,2027,5.496922104532606
18097340101,NA,2028,5.34884917299967
18097340102,NA,2024,46.025005783335224
18097340102,NA,2025,45.2995958740931
18097340102,NA,2026,44.5880050973147
18097340102,NA,2027,43.88740678095818
18097340102,NA,2028,43.19783119901509
18097340108,NA,2024,34.82435583060178
18097340108,NA,2025,33.081728506278175
18097340108,NA,2026,31.411393801774906
18097340108,NA,2027,29.82466664633598
18097340108,NA,2028,28.318056323698187
18097340109,NA,2024,21.272835368475338
18097340109,NA,2025,20.92357634457039
18097340109,NA,2026,23.18465673376436
18097340109,NA,2027,22.969412453485482
18097340109,NA,2028,25.279373642429974
18097340110,NA,2024,52.9035857537663
18097340110,NA,2025,54.96230741328885
18097340110,NA,2026,56.87094064336497
18097340110,NA,2027,59.04355886154612
18097340110,NA,2028,61.128703771793575
18097340111,NA,2024,13.43525746474719
18097340111,NA,2025,14.91080566127665
18097340111,NA,2026,16.548600774731582
18097340111,NA,2027,18.36629540435779
18097340111,NA,2028,20.38364533550156
18097340112,NA,2024,30.352085933499154
18097340112,NA,2025,30.743516228537743
18097340112,NA,2026,31.06274020380032
18097340112,NA,2027,31.395401669586008
18097340112,NA,2028,31.7302972478979
18097340113,NA,2024,25.434422352446976
18097340113,NA,2025,25.479554826039642
18097340113,NA,2026,25.55110230855952
18097340113,NA,2027,25.618736327153318
18097340113,NA,2028,25.68719174593827
18097340114,NA,2024,6.307356142027112
18097340114,NA,2025,6.252873917779616
18097340114,NA,2026,6.471028280753269
18097340114,NA,2027,6.593976433394303
18097340114,NA,2028,6.7567996567770585
18097340115,NA,2024,26.230263653829898
18097340115,NA,2025,25.891567416881802
18097340115,NA,2026,22.893341373490053
18097340115,NA,2027,22.036749578120723
18097340115,NA,2028,19.866551553445394
18097340201,NA,2024,15.298323311400214
18097340201,NA,2025,15.607573744280538
18097340201,NA,2026,15.704970429310839
18097340201,NA,2027,15.941725008710906
18097340201,NA,2028,16.09263784679862
18097340202,NA,2024,20.69198353014273
18097340202,NA,2025,17.81019994425289
18097340202,NA,2026,17.148311003054697
18097340202,NA,2027,15.685138217107765
18097340202,NA,2028,14.68778736697098
18097340300,NA,2024,45.54759663521741
18097340300,NA,2025,46.49341502933373
18097340300,NA,2026,47.428327374062235
18097340300,NA,2027,48.39943573829602
18097340300,NA,2028,49.38051475843288
18097340301,NA,2024,38.3649402995884
18097340301,NA,2025,37.492253870866634
18097340301,NA,2026,36.423040441295484
18097340301,NA,2027,35.41199583439765
18097340301,NA,2028,34.42546298223083
18097340302,NA,2024,28.18905844174722
18097340302,NA,2025,28.538057386736124
18097340302,NA,2026,27.04643392633087
18097340302,NA,2027,26.37391386241353
18097340302,NA,2028,25.403411394828776
18097340400,NA,2024,24.361459884934415
18097340400,NA,2025,29.39968206490247
18097340400,NA,2026,24.58995783142865
18097340400,NA,2027,28.871536908247016
18097340400,NA,2028,24.203725400343718
18097340500,NA,2024,43.79678439058794
18097340500,NA,2025,43.35357097705909
18097340500,NA,2026,44.373170875629
18097340500,NA,2027,44.8327726526539
18097340500,NA,2028,45.52472982600931
18097340600,NA,2024,20.536514464981018
18097340600,NA,2025,20.18996953605492
18097340600,NA,2026,18.781612278497395
18097340600,NA,2027,17.88747001916798
18097340600,NA,2028,16.866153995028153
18097340700,NA,2024,29.75768636559358
18097340700,NA,2025,30.179805022920913
18097340700,NA,2026,30.607961210609496
18097340700,NA,2027,31.04219142902031
18097340700,NA,2028,31.482582002116516
18097340800,NA,2024,5.957361481621212
18097340800,NA,2025,5.410700068585369
18097340800,NA,2026,4.914169750570387
18097340800,NA,2027,4.4632053825572795
18097340800,NA,2028,4.053625187697152
18097340901,NA,2024,3.240199523808991
18097340901,NA,2025,3.288806887117493
18097340901,NA,2026,3.5108930461867898
18097340901,NA,2027,3.6739348280290614
18097340901,NA,2028,3.8750029284245278
18097340902,NA,2024,19.0626036964847
18097340902,NA,2025,17.633193850755184
18097340902,NA,2026,16.190778617671562
18097340902,NA,2027,14.962525755502194
18097340902,NA,2028,13.749930701254499
18097340903,NA,2024,48.95295503663018
18097340903,NA,2025,58.68780837149185
18097340903,NA,2026,70.35854830156222
18097340903,NA,2027,84.35014795181775
18097340903,NA,2028,100
18097340904,NA,2024,29.32991323902411
18097340904,NA,2025,34.675422549883876
18097340904,NA,2026,35.920834020496805
18097340904,NA,2027,42.36642939309045
18097340904,NA,2028,43.99095184101011
18097341000,NA,2024,3.911847448929135
18097341000,NA,2025,3.2569831342285873
18097341000,NA,2026,2.9893039261475907
18097341000,NA,2027,2.8935524273502007
18097341000,NA,2028,2.883424742766029
18097341100,NA,2024,23.638165388655537
18097341100,NA,2025,23.053199526900304
18097341100,NA,2026,22.482059289443658
18097341100,NA,2027,21.925002942890032
18097341100,NA,2028,21.381742530217632
18097341200,NA,2024,32.487169995588836
18097341200,NA,2025,32.953254066461966
18097341200,NA,2026,33.34463073457343
18097341200,NA,2027,33.748500284576316
18097341200,NA,2028,34.15650435716038
18097341600,NA,2024,33.473683528356645
18097341600,NA,2025,33.53029141393373
18097341600,NA,2026,34.347306222901715
18097341600,NA,2027,34.95667814464462
18097341600,NA,2028,35.643834592876296
18097341700,NA,2024,49.57540689265776
18097341700,NA,2025,51.81762791505246
18097341700,NA,2026,54.135310617600865
18097341700,NA,2027,56.568928956938095
18097341700,NA,2028,59.10614418123828
18097341701,NA,2024,13.589409988313994
18097341701,NA,2025,10.14127534197017
18097341701,NA,2026,7.641468934194878
18097341701,NA,2027,5.723108904603497
18097341701,NA,2028,4.302649483144553
18097341702,NA,2024,16.728128210549986
18097341702,NA,2025,14.303693865623769
18097341702,NA,2026,12.903193806052014
18097341702,NA,2027,11.442475777817641
18097341702,NA,2028,10.202696508387106
18097341902,NA,2024,15.18216087645305
18097341902,NA,2025,17.306914088494203
18097341902,NA,2026,19.392674953693724
18097341902,NA,2027,21.64137432047172
18097341902,NA,2028,24.127481313302216
18097341903,NA,2024,31.71483251885775
18097341903,NA,2025,29.858506978604094
18097341903,NA,2026,28.818494855433823
18097341903,NA,2027,27.403711034644143
18097341903,NA,2028,26.291690563694782
18097341904,NA,2024,27.54034497931614
18097341904,NA,2025,26.531894928154767
18097341904,NA,2026,25.66711201751924
18097341904,NA,2027,24.8153942372114
18097341904,NA,2028,23.99407579552416
18097342000,NA,2024,6.34263913696018
18097342000,NA,2025,6.055029435349314
18097342000,NA,2026,5.717128806952922
18097342000,NA,2027,5.384604248380986
18097342000,NA,2028,5.068543093426026
18097342101,NA,2024,15.184675690704712
18097342101,NA,2025,15.883481153585853
18097342101,NA,2026,16.620532518698685
18097342101,NA,2027,17.39385044604941
18097342101,NA,2028,18.203849564552225
18097342200,NA,2024,26.71192685003056
18097342200,NA,2025,28.996671075993717
18097342200,NA,2026,30.57043884114083
18097342200,NA,2027,31.87358759034943
18097342200,NA,2028,33.092238015678355
18097342300,NA,2024,23.249727563068483
18097342300,NA,2025,23.887288852087167
18097342300,NA,2026,23.82776062896729
18097342300,NA,2027,23.535740169607855
18097342300,NA,2028,23.17130610225208
18097342400,NA,2024,12.705448820715883
18097342400,NA,2025,11.492345814092763
18097342400,NA,2026,10.44841099488136
18097342400,NA,2027,9.488017814487176
18097342400,NA,2028,8.61828124044953
18097342500,NA,2024,22.446640921653117
18097342500,NA,2025,22.482041584911347
18097342500,NA,2026,22.504176559797266
18097342500,NA,2027,22.529456197297886
18097342500,NA,2028,22.554031853762968
18097342600,NA,2024,15.306940322766044
18097342600,NA,2025,14.259287026567522
18097342600,NA,2026,13.305626423948476
18097342600,NA,2027,12.41385075197366
18097342600,NA,2028,11.582005175004245
18097350100,NA,2024,6.561693787916981
18097350100,NA,2025,5.5552562810998385
18097350100,NA,2026,4.704449443667779
18097350100,NA,2027,3.9839894895953636
18097350100,NA,2028,3.3738653769449014
18097350300,NA,2024,46.486301354674865
18097350300,NA,2025,45.72882744502774
18097350300,NA,2026,44.99359583030453
18097350300,NA,2027,44.26919184027038
18097350300,NA,2028,43.556550558195084
18097350400,NA,2024,21.096956923214073
18097350400,NA,2025,19.858158882103716
18097350400,NA,2026,18.69157386938266
18097350400,NA,2027,17.593511863698296
18097350400,NA,2028,16.559956853263767
18097350500,NA,2024,16.655792306553238
18097350500,NA,2025,15.988887261076057
18097350500,NA,2026,15.300619261496369
18097350500,NA,2027,14.653212557298609
18097350500,NA,2028,14.030567874346817
18097350600,NA,2024,33.79384071747917
18097350600,NA,2025,34.68436122831425
18097350600,NA,2026,35.59794843238726
18097350600,NA,2027,36.53557480051267
18097350600,NA,2028,37.49789609366333
18097350700,NA,2024,35.11248392279894
18097350700,NA,2025,33.49773277191422
18097350700,NA,2026,32.568647000413534
18097350700,NA,2027,32.01664828514962
18097350700,NA,2028,31.676841552343728
18097350800,NA,2024,46.6024952430807
18097350800,NA,2025,50.84355223751039
18097350800,NA,2026,54.360091378815326
18097350800,NA,2027,57.41521857245269
18097350800,NA,2028,60.197507764639674
18097350900,NA,2024,24.267062947031647
18097350900,NA,2025,23.70960705538349
18097350900,NA,2026,23.364583996142795
18097350900,NA,2027,22.955739091612205
18097350900,NA,2028,22.5776292130866
18097351000,NA,2024,16.0969006089569
18097351000,NA,2025,14.447820423519024
18097351000,NA,2026,12.9633181742933
18097351000,NA,2027,11.63177636549469
18097351000,NA,2028,10.436963205597326
18097351200,NA,2024,19.417453705488963
18097351200,NA,2025,17.265332171076945
18097351200,NA,2026,15.673384363268672
18097351200,NA,2027,14.320535816561327
18097351200,NA,2028,13.110876935649134
18097351500,NA,2024,34.36525245483479
18097351500,NA,2025,33.71272559761586
18097351500,NA,2026,33.69974838954436
18097351500,NA,2027,33.33339547738156
18097351500,NA,2028,33.16679111251684
18097351600,NA,2024,10.844253814114841
18097351600,NA,2025,9.928950498389058
18097351600,NA,2026,9.017293912011827
18097351600,NA,2027,8.163375348773274
18097351600,NA,2028,7.381157166067368
18097351700,NA,2024,13.138728251898288
18097351700,NA,2025,11.936961043125944
18097351700,NA,2026,10.803589742375713
18097351700,NA,2027,9.769803535183673
18097351700,NA,2028,8.83338727897712
18097351900,NA,2024,26.199215841161845
18097351900,NA,2025,26.289453332282687
18097351900,NA,2026,26.366249796743674
18097351900,NA,2027,26.446126041163094
18097351900,NA,2028,26.525651150839884
18097352100,NA,2024,23.99393651021231
18097352100,NA,2025,21.902117777120857
18097352100,NA,2026,20.758194906130345
18097352100,NA,2027,19.424830330849225
18097352100,NA,2028,18.255880874306946
18097352300,NA,2024,23.510670380518675
18097352300,NA,2025,22.77579800619744
18097352300,NA,2026,22.111913310283757
18097352300,NA,2027,21.471779128985514
18097352300,NA,2028,20.85057934275608
18097352400,NA,2024,30.952315394145042
18097352400,NA,2025,33.16320824401677
18097352400,NA,2026,30.25362780025597
18097352400,NA,2027,31.33082080386568
18097352400,NA,2028,29.358824715845905
18097352500,NA,2024,25.8101463223779
18097352500,NA,2025,25.3981162101803
18097352500,NA,2026,25.33448239386959
18097352500,NA,2027,25.166429978268834
18097352500,NA,2028,25.031159686276013
18097352600,NA,2024,29.875659298875956
18097352600,NA,2025,27.822549918997343
18097352600,NA,2026,28.447322729243105
18097352600,NA,2027,27.812317799680866
18097352600,NA,2028,27.781617858004484
18097352700,NA,2024,15.665085839358985
18097352700,NA,2025,14.39864546406199
18097352700,NA,2026,13.381788455535084
18097352700,NA,2027,12.48976947961717
18097352700,NA,2028,11.676304807263074
18097352800,NA,2024,30.976500388891534
18097352800,NA,2025,35.54115347127499
18097352800,NA,2026,30.614376811621565
18097352800,NA,2027,33.65528256089507
18097352800,NA,2028,30.06411135891124
18097353300,NA,2024,39.386025759688216
18097353300,NA,2025,39.64394239403152
18097353300,NA,2026,39.93558568454114
18097353300,NA,2027,40.23631592743045
18097353300,NA,2028,40.540814441348076
18097353500,NA,2024,59.34187956506914
18097353500,NA,2025,62.1072378493695
18097353500,NA,2026,64.94835542875455
18097353500,NA,2027,67.93339493178523
18097353500,NA,2028,71.05195889259791
18097353600,NA,2024,33.80737544629214
18097353600,NA,2025,35.579057955791285
18097353600,NA,2026,37.15634751219013
18097353600,NA,2027,38.63512732265287
18097353600,NA,2028,40.074163015772555
18097354200,NA,2024,32.68401718184457
18097354200,NA,2025,33.75646475557374
18097354200,NA,2026,34.75562178361276
18097354200,NA,2027,35.84789287767987
18097354200,NA,2028,36.93716837621145
18097354201,NA,2024,30.46425579864388
18097354201,NA,2025,31.382325509498358
18097354201,NA,2026,32.36967403084417
18097354201,NA,2027,33.3561282440624
18097354201,NA,2028,34.397157871565575
18097354202,NA,2024,22.683135528950167
18097354202,NA,2025,20.765505790099695
18097354202,NA,2026,19.409513671061458
18097354202,NA,2027,17.961191896738317
18097354202,NA,2028,16.701370793312435
18097354400,NA,2024,8.98568996708097
18097354400,NA,2025,7.763400783267478
18097354400,NA,2026,6.793363639901802
18097354400,NA,2027,5.975569048201322
18097354400,NA,2028,5.267422807124791
18097354500,NA,2024,16.666890964922974
18097354500,NA,2025,15.587970452776457
18097354500,NA,2026,14.58035290798425
18097354500,NA,2027,13.637600249725786
18097354500,NA,2028,12.755854425267277
18097354700,NA,2024,17.241595913817598
18097354700,NA,2025,15.725749240892522
18097354700,NA,2026,14.404363480136277
18097354700,NA,2027,13.206467479134183
18097354700,NA,2028,12.110724487538675
18097354800,NA,2024,13.610859488196757
18097354800,NA,2025,11.921355551537921
18097354800,NA,2026,10.440255766045883
18097354800,NA,2027,9.14319789596876
18097354800,NA,2028,8.007280843474598
18097354900,NA,2024,33.07806137936861
18097354900,NA,2025,32.35187822559434
18097354900,NA,2026,31.977565655387185
18097354900,NA,2027,31.447319963340092
18097354900,NA,2028,31.00162962303323
18097355000,NA,2024,10.668900883107332
18097355000,NA,2025,9.266329763899616
18097355000,NA,2026,8.070694443290504
18097355000,NA,2027,7.031436474153993
18097355000,NA,2028,6.126199251592455
18097355100,NA,2024,57.22085850872885
18097355100,NA,2025,59.187787852896534
18097355100,NA,2026,61.604137755135206
18097355100,NA,2027,64.01621926424635
18097355100,NA,2028,66.55036097708071
18097355300,NA,2024,27.86254934343291
18097355300,NA,2025,25.047162753608927
18097355300,NA,2026,22.99663918839759
18097355300,NA,2027,21.4018830166145
18097355300,NA,2028,20.091530885124357
18097355400,NA,2024,22.529459714367526
18097355400,NA,2025,21.061816211235715
18097355400,NA,2026,19.634158845318996
18097355400,NA,2027,18.28755370169141
18097355400,NA,2028,17.028860254869908
18097355500,NA,2024,9.101756854397541
18097355500,NA,2025,8.661583741817736
18097355500,NA,2026,7.897022123197207
18097355500,NA,2027,7.303125568497027
18097355500,NA,2028,6.722052692098638
18097355600,NA,2024,31.34093464439181
18097355600,NA,2025,31.33838534143173
18097355600,NA,2026,31.161020337386667
18097355600,NA,2027,31.017764028211
18097355600,NA,2028,30.868873602087213
18097355700,NA,2024,24.43035171548007
18097355700,NA,2025,23.57324337563712
18097355700,NA,2026,22.746205610085685
18097355700,NA,2027,21.948183430329934
18097355700,NA,2028,21.178158860826144
18097355900,NA,2024,20.49982995200278
18097355900,NA,2025,19.72049743856147
18097355900,NA,2026,18.970632750084334
18097355900,NA,2027,18.249282222683195
18097355900,NA,2028,17.55536074881902
18097356200,NA,2024,17.165316171515677
18097356200,NA,2025,16.457602938341523
18097356200,NA,2026,15.61124662223461
18097356200,NA,2027,14.853114070514822
18097356200,NA,2028,14.119798665187453
18097356400,NA,2024,34.98589839526301
18097356400,NA,2025,35.46547021155081
18097356400,NA,2026,35.93843302093253
18097356400,NA,2027,36.42525360747691
18097356400,NA,2028,36.91434272858462
18097356900,NA,2024,9.544065877552692
18097356900,NA,2025,7.543831921723986
18097356900,NA,2026,6.213710767273667
18097356900,NA,2027,5.2454959724575225
18097356900,NA,2028,4.493553712505555
18097357000,NA,2024,18.74410347235416
18097357000,NA,2025,15.709566506959789
18097357000,NA,2026,14.817223183665805
18097357000,NA,2027,13.118228295786615
18097357000,NA,2028,12.014846300401798
18097357100,NA,2024,38.28380094077432
18097357100,NA,2025,49.996516009849564
18097357100,NA,2026,60.15677019216216
18097357100,NA,2027,68.49820440782894
18097357100,NA,2028,75.15402005158649
18097357200,NA,2024,8.916945121724309
18097357200,NA,2025,8.117764509942996
18097357200,NA,2026,6.565256434534563
18097357200,NA,2027,5.732689296340193
18097357200,NA,2028,4.763263204388728
18097357300,NA,2024,30.114518684279126
18097357300,NA,2025,27.144081103211445
18097357300,NA,2026,26.855090212747914
18097357300,NA,2027,25.65089866296693
18097357300,NA,2028,24.828292889017092
18097357400,NA,2024,25.654680690854352
18097357400,NA,2025,25.348266775971283
18097357400,NA,2026,25.1320447943707
18097357400,NA,2027,24.897123201662147
18097357400,NA,2028,24.669263042264067
18097357500,NA,2024,16.27767678682953
18097357500,NA,2025,20.038277325181618
18097357500,NA,2026,18.250812199518275
18097357500,NA,2027,20.815585237619786
18097357500,NA,2028,20.070932118462814
18097357600,NA,2024,26.871327517091917
18097357600,NA,2025,26.119762504075965
18097357600,NA,2026,25.39694869406268
18097357600,NA,2027,24.6894121645512
18097357600,NA,2028,24.00447432554199
18097357601,NA,2024,30.705781993704143
18097357601,NA,2025,32.13639461078331
18097357601,NA,2026,32.27068489195608
18097357601,NA,2027,33.60247919180182
18097357601,NA,2028,33.89404501140411
18097357602,NA,2024,30.527555339414647
18097357602,NA,2025,36.33667019949271
18097357602,NA,2026,43.247858553189644
18097357602,NA,2027,51.473603179434946
18097357602,NA,2028,61.263883828143555
18097357800,NA,2024,32.56000993668134
18097357800,NA,2025,31.564288331040807
18097357800,NA,2026,30.731102829708544
18097357800,NA,2027,29.975703580529828
18097357800,NA,2028,29.26244243741114
18097357900,NA,2024,23.73772412082747
18097357900,NA,2025,23.570209234497625
18097357900,NA,2026,23.610086831110088
18097357900,NA,2027,23.591944063596348
18097357900,NA,2028,23.59007214240111
18097358000,NA,2024,25.142024078947074
18097358000,NA,2025,25.83922087221612
18097358000,NA,2026,26.82780038620524
18097358000,NA,2027,27.92442441070421
18097358000,NA,2028,29.083959668030346
18097358100,NA,2024,19.45464595775083
18097358100,NA,2025,18.541755472881942
18097358100,NA,2026,16.70888849798705
18097358100,NA,2027,15.322952741616414
18097358100,NA,2028,13.97540971893429
18097360101,NA,2024,39.356318513998886
18097360101,NA,2025,39.84122743004815
18097360101,NA,2026,40.028735751845204
18097360101,NA,2027,40.1391169833308
18097360101,NA,2028,40.229711453829346
18097360102,NA,2024,26.705614120776353
18097360102,NA,2025,26.687812265961686
18097360102,NA,2026,26.298817077215894
18097360102,NA,2027,26.055014824021068
18097360102,NA,2028,25.760432040662362
18097360201,NA,2024,38.47028595599639
18097360201,NA,2025,38.573678550772
18097360201,NA,2026,40.474502906883856
18097360201,NA,2027,41.78327924471024
18097360201,NA,2028,43.38676302112147
18097360202,NA,2024,5.983771060560784
18097360202,NA,2025,4.955941182885184
18097360202,NA,2026,4.326344905838603
18097360202,NA,2027,3.84365840170145
18097360202,NA,2028,3.434915039261785
18097360301,NA,2024,25.365288642036088
18097360301,NA,2025,25.52784563210667
18097360301,NA,2026,25.907104938192962
18097360301,NA,2027,26.349469589448052
18097360301,NA,2028,26.8146767315471
18097360302,NA,2024,48.9131964925776
18097360302,NA,2025,51.13323536304174
18097360302,NA,2026,51.53222438322526
18097360302,NA,2027,53.109740761062724
18097360302,NA,2028,53.99187807231402
18097360401,NA,2024,31.29259420340454
18097360401,NA,2025,32.24075983724176
18097360401,NA,2026,30.479818420644598
18097360401,NA,2027,30.64236139308771
18097360401,NA,2028,29.481174310555286
18097360402,NA,2024,48.82006142202464
18097360402,NA,2025,51.610803666317146
18097360402,NA,2026,54.562882181988996
18097360402,NA,2027,57.683880679266935
18097360402,NA,2028,60.983402686179886
18097360404,NA,2024,62.83576795962947
18097360404,NA,2025,67.41871656596652
18097360404,NA,2026,72.44640151644438
18097360404,NA,2027,77.79809629790203
18097360404,NA,2028,83.56857061677678
18097360405,NA,2024,15.185727688732728
18097360405,NA,2025,14.103885683698113
18097360405,NA,2026,14.274234245076975
18097360405,NA,2027,13.565100989805918
18097360405,NA,2028,13.499962956187632
18097360406,NA,2024,38.62093109915416
18097360406,NA,2025,36.72477733017635
18097360406,NA,2026,40.00715884358832
18097360406,NA,2027,38.1476814296111
18097360406,NA,2028,41.44544695740563
18097360407,NA,2024,25.39454171418468
18097360407,NA,2025,26.064836370687505
18097360407,NA,2026,26.029851009299616
18097360407,NA,2027,26.238597393490586
18097360407,NA,2028,26.365099501436532
18097360501,NA,2024,12.270077477185975
18097360501,NA,2025,11.709359196438253
18097360501,NA,2026,11.266114987662707
18097360501,NA,2027,10.784324658727963
18097360501,NA,2028,10.356209161099443
18097360502,NA,2024,27.672032685605643
18097360502,NA,2025,29.729229174203372
18097360502,NA,2026,31.14760880109298
18097360502,NA,2027,32.34330254984154
18097360502,NA,2028,33.478197423391684
18097360601,NA,2024,13.148409891416476
18097360601,NA,2025,13.713469808545645
18097360601,NA,2026,14.30248369354969
18097360601,NA,2027,14.916806173327538
18097360601,NA,2028,15.557514848807179
18097360602,NA,2024,33.51209084091126
18097360602,NA,2025,33.50951286231635
18097360602,NA,2026,34.0450800211597
18097360602,NA,2027,34.41073896999693
18097360602,NA,2028,34.83878852150578
18097360700,NA,2024,10.896336333147927
18097360700,NA,2025,11.330127600461095
18097360700,NA,2026,11.739747399090042
18097360700,NA,2027,12.172198334893604
18097360700,NA,2028,12.619022666085408
18097360800,NA,2024,38.72466027177783
18097360800,NA,2025,38.01895346543616
18097360800,NA,2026,37.25251469898213
18097360800,NA,2027,36.518633062539735
18097360800,NA,2028,35.79522722073601
18097360900,NA,2024,30.3753724481655
18097360900,NA,2025,30.832731213512805
18097360900,NA,2026,31.265801949864436
18097360900,NA,2027,31.706805632853186
18097360900,NA,2028,32.153919806115695
18097361000,NA,2024,5.4763942766487315
18097361000,NA,2025,5.98486997146575
18097361000,NA,2026,5.932890019178609
18097361000,NA,2027,6.098049208603447
18097361000,NA,2028,6.184225968847066
18097361100,NA,2024,16.910414100371465
18097361100,NA,2025,16.110279387884717
18097361100,NA,2026,15.671376823593492
18097361100,NA,2027,15.144007426883942
18097361100,NA,2028,14.665077689987852
18097361200,NA,2024,9.544934249085358
18097361200,NA,2025,8.51037784630921
18097361200,NA,2026,7.590420361427286
18097361200,NA,2027,6.769822494155562
18097361200,NA,2028,6.0379422101564755
18097361300,NA,2024,4.781560991301679
18097361300,NA,2025,4.723399263588062
18097361300,NA,2026,4.367259581369906
18097361300,NA,2027,4.1296455513164725
18097361300,NA,2028,3.8753255126815636
18097361400,NA,2024,7.7920349406331955
18097361400,NA,2025,7.901086100692964
18097361400,NA,2026,7.3990699338137125
18097361400,NA,2027,7.305333696562957
18097361400,NA,2028,6.9634803549144175
18097361401,NA,2024,24.106681069414712
18097361401,NA,2025,29.357697421959575
18097361401,NA,2026,30.24657416194066
18097361401,NA,2027,34.82306704263981
18097361401,NA,2028,37.24106089071931
18097361402,NA,2024,13.8437045946668
18097361402,NA,2025,16.335808596895546
18097361402,NA,2026,16.85458932138134
18097361402,NA,2027,19.44013442289825
18097361402,NA,2028,20.44093471195013
18097361600,NA,2024,0.9032772925542885
18097361600,NA,2025,0.7289424425838309
18097361600,NA,2026,0.6906284831153089
18097361600,NA,2027,0.5838513863582
18097361600,NA,2028,0.5351993409588814
18097361601,NA,2024,15.956638652231781
18097361601,NA,2025,31.895115032561023
18097361601,NA,2026,63.753926194099485
18097361601,NA,2027,100
18097361601,NA,2028,100
18097370201,NA,2024,44.450415073819954
18097370201,NA,2025,56.59659136827622
18097370201,NA,2026,69.36168540700169
18097370201,NA,2027,82.70363898544213
18097370201,NA,2028,96.68435153033802
18097370202,NA,2024,25.446759979293596
18097370202,NA,2025,24.71271757938287
18097370202,NA,2026,23.994080316079966
18097370202,NA,2027,23.298277614186397
18097370202,NA,2028,22.62200208798437
18097370203,NA,2024,40.88424401750689
18097370203,NA,2025,43.41399470779306
18097370203,NA,2026,45.96556987084413
18097370203,NA,2027,48.68484503620467
18097370203,NA,2028,51.56265026272466
18097370204,NA,2024,22.29382559451062
18097370204,NA,2025,17.772934572091188
18097370204,NA,2026,20.402402556421254
18097370204,NA,2027,16.96037503876923
18097370204,NA,2028,18.761397755705005
18097370301,NA,2024,32.831437717053284
18097370301,NA,2025,39.61112793676284
18097370301,NA,2026,47.79082085315376
18097370301,NA,2027,57.65961965352113
18097370301,NA,2028,69.56632419153404
18097370302,NA,2024,16.049555270451553
18097370302,NA,2025,14.773129039992371
18097370302,NA,2026,17.737128165589436
18097370302,NA,2027,16.746025529175075
18097370302,NA,2028,19.649691546772413
18097370303,NA,2024,11.209910309572251
18097370303,NA,2025,12.425875600379802
18097370303,NA,2026,11.429719592591837
18097370303,NA,2027,12.142782193728905
18097370303,NA,2028,11.541729592300062
18097370304,NA,2024,5.636620737177935
18097370304,NA,2025,6.93757512272716
18097370304,NA,2026,5.583048250532532
18097370304,NA,2027,6.1687356867005665
18097370304,NA,2028,5.380489787828417
18097370305,NA,2024,55.44518598577395
18097370305,NA,2025,57.15735678052827
18097370305,NA,2026,58.35457497716378
18097370305,NA,2027,59.95007314558993
18097370305,NA,2028,61.341670931318866
18097370306,NA,2024,1.9157416467996415
18097370306,NA,2025,2.254424961792487
18097370306,NA,2026,1.673653718866793
18097370306,NA,2027,1.7743271991276597
18097370306,NA,2028,1.427984315775691
18097380100,NA,2024,29.476070405266565
18097380100,NA,2025,32.185295758195004
18097380100,NA,2026,37.71337863521274
18097380100,NA,2027,41.81985676496124
18097380100,NA,2028,48.41562457661934
18097380101,NA,2024,3.2576664615801465
18097380101,NA,2025,1.852961209131373
18097380101,NA,2026,2.0190019408957443
18097380101,NA,2027,1.2945984767226812
18097380101,NA,2028,1.279261109552783
18097380102,NA,2024,3.352135863987684
18097380102,NA,2025,2.901420690701218
18097380102,NA,2026,2.510101574860815
18097380102,NA,2027,2.171599175438395
18097380102,NA,2028,1.8787446189784929
18097380103,NA,2024,14.039510836821778
18097380103,NA,2025,16.185808092339215
18097380103,NA,2026,12.236332275555368
18097380103,NA,2027,14.043021748795828
18097380103,NA,2028,10.664225104749782
18097380200,NA,2024,38.87761073520379
18097380200,NA,2025,39.771354017489365
18097380200,NA,2026,41.55328582420673
18097380200,NA,2027,43.10254303883431
18097380200,NA,2028,44.82028039395657
18097380300,NA,2024,56.83077409042617
18097380300,NA,2025,62.51651383832423
18097380300,NA,2026,69.10558180079914
18097380300,NA,2027,76.16528235334532
18097380300,NA,2028,84.09531076576144
18097380301,NA,2024,25.75114161671765
18097380301,NA,2025,23.513568926429766
18097380301,NA,2026,23.111160557494323
18097380301,NA,2027,21.570479385952694
18097380301,NA,2028,20.877500285723674
18097380302,NA,2024,36.6095471191281
18097380302,NA,2025,29.426087342514915
18097380302,NA,2026,34.54100499767763
18097380302,NA,2027,28.469411055772845
18097380302,NA,2028,32.643648896554765
18097380402,NA,2024,33.45979446177384
18097380402,NA,2025,33.911711784175154
18097380402,NA,2026,33.31913291684108
18097380402,NA,2027,33.10491451085443
18097380402,NA,2028,32.759941754447034
18097380403,NA,2024,8.394930971042792
18097380403,NA,2025,7.8338702549318935
18097380403,NA,2026,7.2638314044268775
18097380403,NA,2027,6.727792205096545
18097380403,NA,2028,6.230104194914673
18097380404,NA,2024,14.049296742220204
18097380404,NA,2025,13.732179574622588
18097380404,NA,2026,13.42077231308689
18097380404,NA,2027,13.116563584727771
18097380404,NA,2028,12.819237452855186
18097380501,NA,2024,30.128773811927672
18097380501,NA,2025,32.55806271561569
18097380501,NA,2026,34.49173572189166
18097380501,NA,2027,36.83121681160146
18097380501,NA,2028,39.20493707447343
18097380502,NA,2024,42.55317979751175
18097380502,NA,2025,43.05721071608329
18097380502,NA,2026,44.77225090452657
18097380502,NA,2027,46.063999808056664
18097380502,NA,2028,47.58917370893187
18097380600,NA,2024,25.780492207511106
18097380600,NA,2025,24.89786038909159
18097380600,NA,2026,24.012585585284558
18097380600,NA,2027,23.155001689046944
18097380600,NA,2028,22.327609036356563
18097380700,NA,2024,31.060147340696247
18097380700,NA,2025,30.660290566417295
18097380700,NA,2026,30.30864448616297
18097380700,NA,2027,29.956145450079212
18097380700,NA,2028,29.608299986686266
18097380800,NA,2024,15.812056577199005
18097380800,NA,2025,16.67087552566436
18097380800,NA,2026,18.010909304317767
18097380800,NA,2027,19.334629648414086
18097380800,NA,2028,20.79041274927138
18097380901,NA,2024,0.08990833632893297
18097380901,NA,2025,0.060112164330399565
18097380901,NA,2026,0.040576438483497915
18097380901,NA,2027,0.027500449729596563
18097380901,NA,2028,0.018670132929162673
18097380902,NA,2024,9.939113524812708
18097380902,NA,2025,9.631316649575169
18097380902,NA,2026,9.973742827654675
18097380902,NA,2027,10.05157121992406
18097380902,NA,2028,10.243208046375337
18097381001,NA,2024,55.39095578575116
18097381001,NA,2025,53.55951829408955
18097381001,NA,2026,62.19791695295739
18097381001,NA,2027,61.51371583033238
18097381001,NA,2028,70.03575726662598
18097381002,NA,2024,3.8360274549654134
18097381002,NA,2025,3.0670786614392402
18097381002,NA,2026,3.213590722997295
18097381002,NA,2027,2.856548894037632
18097381002,NA,2028,2.806247750512629
18097381003,NA,2024,34.96102271326875
18097381003,NA,2025,38.97057531222109
18097381003,NA,2026,42.454995978592976
18097381003,NA,2027,46.839640007457916
18097381003,NA,2028,51.317956141242476
18097381004,NA,2024,39.93378933119651
18097381004,NA,2025,38.451919147782625
18097381004,NA,2026,36.25281759656003
18097381004,NA,2027,34.84864892752959
18097381004,NA,2028,32.90669472350863
18097381101,NA,2024,17.046574378249616
18097381101,NA,2025,17.48972759237914
18097381101,NA,2026,16.45619398052106
18097381101,NA,2027,16.162838190817958
18097381101,NA,2028,15.54043633160973
18097381102,NA,2024,5.855786181761504
18097381102,NA,2025,5.11218046219438
18097381102,NA,2026,4.459384119124733
18097381102,NA,2027,3.8902366113182323
18097381102,NA,2028,3.393705603007591
18097381201,NA,2024,4.703270292817116
18097381201,NA,2025,4.141207725595776
18097381201,NA,2026,3.6599415097537427
18097381201,NA,2027,3.2285716549378023
18097381201,NA,2028,2.8507067653716507
18097381203,NA,2024,44.168420893070945
18097381203,NA,2025,43.8749787635048
18097381203,NA,2026,43.821366184149625
18097381203,NA,2027,43.69617048431872
18097381203,NA,2028,43.59282421823349
18097381204,NA,2024,65.58211819231441
18097381204,NA,2025,69.03397831936229
18097381204,NA,2026,72.03916277800501
18097381204,NA,2027,74.70143077208239
18097381204,NA,2028,77.1064469287591
18097381205,NA,2024,24.722685821543134
18097381205,NA,2025,24.071908028028712
18097381205,NA,2026,23.295796333061652
18097381205,NA,2027,22.515083774988025
18097381205,NA,2028,21.754365519462727
18097381206,NA,2024,17.914717510317942
18097381206,NA,2025,20.771431127119858
18097381206,NA,2026,24.083681521642177
18097381206,NA,2027,27.924109421550206
18097381206,NA,2028,32.37693897778883
18097390101,NA,2024,2.207412636922807
18097390101,NA,2025,2.088227795698689
18097390101,NA,2026,1.751659886366396
18097390101,NA,2027,1.6515335018327784
18097390101,NA,2028,1.3898739298295764
18097390102,NA,2024,39.68754032145525
18097390102,NA,2025,41.042497090192626
18097390102,NA,2026,42.45760448932747
18097390102,NA,2027,43.920446992512716
18097390102,NA,2028,45.43377088784477
18097390103,NA,2024,5.9838114486563
18097390103,NA,2025,5.938736023372898
18097390103,NA,2026,5.893855098017043
18097390103,NA,2027,5.849315580691045
18097390103,NA,2028,5.805112611645514
18097390104,NA,2024,5.7281073846387205
18097390104,NA,2025,6.360751320460219
18097390104,NA,2026,7.063132961622834
18097390104,NA,2027,7.843076087668402
18097390104,NA,2028,8.709144049559187
18097390200,NA,2024,3.2184478978835815
18097390200,NA,2025,2.78744321846287
18097390200,NA,2026,2.488107904048325
18097390200,NA,2027,2.244762862535912
18097390200,NA,2028,2.032887706713666
18097390300,NA,2024,2.6458269028458634
18097390300,NA,2025,2.6592905252303005
18097390300,NA,2026,2.6684631368210656
18097390300,NA,2027,2.676508359556422
18097390300,NA,2028,2.684269597147418
18097390402,NA,2024,4.380612278371389
18097390402,NA,2025,4.205031311817525
18097390402,NA,2026,4.016132165822128
18097390402,NA,2027,3.8459455763991945
18097390402,NA,2028,3.6778096619916183
18097390403,NA,2024,7.258515102703043
18097390403,NA,2025,9.022271686922126
18097390403,NA,2026,11.214756469635986
18097390403,NA,2027,13.940075383021664
18097390403,NA,2028,17.327691215115838
18097390404,NA,2024,4.548230186206958
18097390404,NA,2025,4.308660334784255
18097390404,NA,2026,4.088421020912662
18097390404,NA,2027,3.882496705156111
18097390404,NA,2028,3.68833725895665
18097390405,NA,2024,15.242055780845472
18097390405,NA,2025,14.784931444106258
18097390405,NA,2026,14.341803340003558
18097390405,NA,2027,13.911883743119379
18097390405,NA,2028,13.494870173264129
18097390406,NA,2024,2.468749169449334
18097390406,NA,2025,2.1742624979486105
18097390406,NA,2026,1.8835869827664053
18097390406,NA,2027,1.6366143648685105
18097390406,NA,2028,1.4212672617964968
18097390409,NA,2024,9.744429273334662
18097390409,NA,2025,14.440610383828705
18097390409,NA,2026,20.15108077692836
18097390409,NA,2027,28.753964588379997
18097390409,NA,2028,40.69156085427176
18097390410,NA,2024,5.439495784689444
18097390410,NA,2025,5.261152751132472
18097390410,NA,2026,4.375093004801221
18097390410,NA,2027,4.1566914040504
18097390410,NA,2028,3.5115413461435354
18097390411,NA,2024,15.608003694442495
18097390411,NA,2025,14.069471471877435
18097390411,NA,2026,12.957493601195628
18097390411,NA,2027,11.795282088282365
18097390411,NA,2028,10.80539107386546
18097390500,NA,2024,13.684571095616132
18097390500,NA,2025,12.706331155584289
18097390500,NA,2026,11.800219124714202
18097390500,NA,2027,10.958767652891545
18097390500,NA,2028,10.177319387484665
18097390600,NA,2024,44.732529937128554
18097390600,NA,2025,45.63902476135017
18097390600,NA,2026,46.563889503173606
18097390600,NA,2027,47.50749642440505
18097390600,NA,2028,48.47022533117746
18097390601,NA,2024,43.30560174896384
18097390601,NA,2025,42.40971345901618
18097390601,NA,2026,49.1689182809754
18097390601,NA,2027,49.62330460241516
18097390601,NA,2028,56.12662586345998
18097390602,NA,2024,32.14550074578641
18097390602,NA,2025,31.01086549591654
18097390602,NA,2026,29.931682765916907
18097390602,NA,2027,28.886499769618137
18097390602,NA,2028,27.87863408991362
18097390700,NA,2024,11.801027315604118
18097390700,NA,2025,10.321056520316874
18097390700,NA,2026,9.052577430403058
18097390700,NA,2027,7.949734163899675
18097390700,NA,2028,6.984908942237305
18097390800,NA,2024,19.731366319391643
18097390800,NA,2025,20.84134493830245
18097390800,NA,2026,22.034045515802976
18097390800,NA,2027,23.283811958117266
18097390800,NA,2028,24.610633532117188
18097390802,NA,2024,37.16385803430086
18097390802,NA,2025,43.76806942962027
18097390802,NA,2026,55.54198883758524
18097390802,NA,2027,68.04255852081462
18097390802,NA,2028,84.75460164704222
18097390900,NA,2024,23.797243082001877
18097390900,NA,2025,23.142449207316055
18097390900,NA,2026,22.59934538576445
18097390900,NA,2027,22.104588881639533
18097390900,NA,2028,21.634192794723372
18097391000,NA,2024,25.7399161218169
18097391000,NA,2025,24.585534865446135
18097391000,NA,2026,23.482948642872977
18097391000,NA,2027,22.429813795345385
18097391000,NA,2028,21.423909262970795
18097391001,NA,2024,35.61696774884705
18097391001,NA,2025,36.052513394811676
18097391001,NA,2026,36.599037861875246
18097391001,NA,2027,37.076016495018806
18097391001,NA,2028,37.61638723508454
18097391002,NA,2024,33.388531121036
18097391002,NA,2025,36.09080235303805
18097391002,NA,2026,38.89790109739607
18097391002,NA,2027,41.94635873988617
18097391002,NA,2028,45.229061276807236
